slug,first_donation_date,-6月,-5月,-4月,-3月,-2月,-1月,0月,+1月,+2月,+3月,+4月,+5月,+6月
webpack,2016-10-15T15:48:09.612Z,0,0,0,0,0,0,0,0,0,1,0,0,0
logseq,2020-09-22T11:25:49.718Z,0,0,0,0,0,0,0,0,0,0,0,0,0
darkreader,2018-03-13T08:01:17.039Z,0,0,0,0,0,0,0,0,0,0,0,0,0
mochajs,2016-04-01T14:34:11.748Z,0,0,0,0,0,0,0,1,0,0,0,0,0
generator-jhipster,2017-12-04T17:37:57.900Z,0,0,0,0,0,0,0,0,0,0,0,0,0
jellyfin,2019-02-07T05:23:11.906Z,0,0,0,0,0,1,0,0,0,0,0,0,0
socketio,2017-05-09T06:56:43.674Z,0,0,0,0,0,0,0,0,0,0,0,0,0
core-js,2019-03-22T03:38:17.681Z,0,0,0,0,0,0,0,0,0,0,0,0,0
babel,2017-04-01T16:52:19.229Z,0,0,0,0,0,0,0,0,1,0,1,0,0
swiper,2021-01-29T07:03:01.329Z,0,0,0,0,0,0,0,0,0,0,0,0,0
nixos,2019-07-15T20:14:53.300Z,0,0,0,0,0,0,0,0,0,0,0,0,0
playframework,2021-11-08T21:38:39.747Z,0,0,0,0,0,0,0,0,0,0,0,0,0
opencore-legacy-patcher,2023-06-12T19:20:54.139Z,0,0,0,0,0,0,0,0,0,0,0,0,0
radarr,2018-03-19T21:56:07.916Z,0,0,0,0,0,0,0,0,0,0,0,0,0
eslint,2019-02-07T00:19:05.154Z,0,0,0,0,0,0,0,0,0,0,0,0,0
bootstrap-vue,2017-11-13T19:51:05.087Z,0,0,0,0,1,0,0,0,0,0,0,0,0
streetmix,2016-09-20T15:00:20.116Z,0,0,0,0,0,0,0,0,0,0,0,0,0
bower,2017-04-07T00:12:10.581Z,0,0,0,0,0,0,0,0,0,0,0,0,0
openaddresses,2020-01-04T16:05:09.586Z,0,0,0,0,0,0,0,0,0,0,0,0,0
crystal-lang,2018-12-12T22:51:50.801Z,0,0,1,1,0,0,0,0,0,0,0,0,0
nodemon,2017-12-07T20:28:06.923Z,0,0,0,0,0,0,0,0,0,0,0,0,0
lairdubois-opencutlist-sketchup-extension,2019-11-11T12:02:52.805Z,0,0,0,0,0,0,0,0,0,0,0,0,0
lucee,2019-02-08T02:20:32.391Z,0,0,0,0,0,0,0,0,0,0,0,0,0
rust-analyzer,2019-07-02T14:20:06.250Z,0,0,0,0,0,0,0,0,0,0,0,0,0
cider,2017-01-06T17:52:08.568Z,0,0,0,0,0,0,0,0,0,0,0,0,0
fody,2017-12-29T08:27:24.113Z,0,0,0,0,0,0,0,0,0,0,0,0,0
prettier,2019-05-23T13:58:43.878Z,0,0,0,0,0,0,0,0,0,0,0,0,1
cryptpad,2018-07-16T20:32:05.472Z,0,0,0,0,0,0,0,0,0,0,0,0,0
curl,2018-04-06T23:05:15.493Z,0,0,0,0,0,0,0,0,0,0,0,0,0
framework7,2018-10-30T16:29:57.593Z,0,0,0,0,0,0,0,0,0,0,0,0,0
stellarium,2019-02-15T13:22:35.119Z,0,0,0,0,0,0,0,0,0,0,0,0,1
bootstrap-table,2018-01-15T22:49:33.031Z,0,0,0,0,0,0,0,0,0,0,0,0,0
mastodon,2019-01-10T13:27:50.307Z,0,0,0,0,0,0,0,0,0,0,0,0,0
cadsketcher,2022-05-05T14:27:53.496Z,0,0,0,0,0,1,0,1,0,1,0,1,0
spyder,2017-11-20T22:26:47.756Z,0,0,0,0,0,0,0,0,0,0,0,0,0
helix-editor,2022-04-26T11:11:18.858Z,0,19,15,13,10,14,6,12,10,13,8,4,0
dokku,2016-06-18T23:18:38.352Z,0,0,0,0,0,0,0,0,0,0,0,0,0
tusky,2019-02-01T15:06:01.276Z,0,0,0,0,1,0,0,1,0,0,0,0,0
vuetify,2018-11-08T00:51:10.929Z,0,0,0,0,1,0,0,1,0,1,2,1,0
companion,2018-10-07T13:29:30.331Z,0,0,0,0,0,0,0,0,0,0,0,0,0
librecad,2022-10-09T19:03:15.940Z,0,0,1,0,0,0,0,0,0,0,0,0,0
opensourcebim,2020-12-29T21:05:11.578Z,0,0,0,0,0,0,0,0,0,0,0,0,0
typeorm,2017-10-11T20:49:41.659Z,0,0,0,0,0,0,0,0,1,0,1,1,0
neovim,2020-09-14T02:34:22.376Z,0,2,1,3,1,1,4,2,2,6,3,1,1
openipc,2020-03-07T22:34:41.601Z,0,1,3,8,1,0,0,0,1,0,0,0,0
vyos,2021-12-30T03:34:31.288Z,0,0,0,0,0,0,0,0,0,0,0,0,0
blacksky,2023-08-11T00:00:25.101Z,0,0,0,0,0,0,0,0,0,0,0,0,0
fedibird-infrastructure,2021-06-01T05:17:52.870Z,0,0,0,0,0,0,0,0,0,0,0,0,0
chakra-ui,2019-10-12T15:26:27.648Z,0,0,0,0,0,0,0,0,0,0,0,0,0
theodinproject,2023-07-24T10:21:10.668Z,0,0,5,11,11,10,9,3,9,6,0,0,0
kivy,2018-11-16T15:06:23.355Z,0,0,0,0,0,0,0,0,0,0,0,0,0
keeweb,2019-09-07T20:12:21.594Z,0,0,0,0,0,0,0,0,0,0,0,0,0
keepassxc,2019-02-09T06:59:27.144Z,0,0,0,0,0,0,0,0,0,1,0,0,0
wikijs,2017-10-05T09:09:44.735Z,0,0,0,0,0,0,0,0,0,0,0,0,0
friends-of-groovy,2019-03-06T06:16:12.803Z,0,0,0,0,0,0,0,0,0,1,0,0,0
homebrew,2021-11-26T03:59:39.023Z,0,0,0,0,0,0,0,0,0,0,0,0,0
lidarr,2018-05-28T01:49:51.160Z,0,0,0,0,0,0,0,0,0,0,0,0,0
rubocop,2017-01-06T22:50:13.768Z,0,0,0,0,0,0,0,0,0,0,0,0,0
expresslrs,2022-01-04T05:21:31.097Z,2,1,0,0,0,0,0,1,0,0,0,0,0
excalidraw,2020-01-25T21:16:30.999Z,0,0,0,0,0,0,3,5,4,5,5,4,5
rsschool,2019-10-23T10:46:19.733Z,0,0,0,0,0,0,0,0,0,0,0,0,0
shields,2017-12-02T10:59:33.896Z,0,0,0,0,0,0,0,0,0,0,1,0,0
omnivore,2023-01-02T13:40:52.825Z,0,0,0,0,0,0,0,0,0,0,0,0,0
servo,2024-02-19T18:34:11.841Z,0,0,0,0,0,0,0,0,0,0,0,0,0
rollup,2018-01-12T01:29:15.038Z,0,0,0,0,0,0,0,0,0,0,0,0,0
assemblyscript,2018-09-29T21:22:25.797Z,0,0,0,0,0,0,0,0,0,0,0,0,0
jekyll,2018-07-31T14:49:15.360Z,0,0,0,0,0,0,0,0,0,0,0,0,0
typescript-eslint,2019-08-05T17:00:01.575Z,0,0,0,0,0,0,0,0,0,0,0,0,0
astrodotbuild,2021-08-14T02:58:28.579Z,0,0,0,0,0,0,0,0,0,0,0,0,0
farmos,2019-02-20T17:48:15.716Z,0,0,0,0,0,0,0,0,0,0,0,0,0
axios,2021-03-31T20:07:03.371Z,0,1,0,0,0,0,0,0,0,0,0,0,0
monitorcontrol,2021-08-19T19:31:47.381Z,0,0,0,0,0,0,0,0,0,0,0,0,0
gotosocial,2022-06-01T19:43:13.733Z,0,1,0,0,0,0,0,0,0,0,0,8,0
asciidoctor,2018-04-18T02:05:57.720Z,0,0,0,0,0,0,0,0,0,0,0,0,0
phalcon,2017-03-27T19:12:02.048Z,0,0,0,0,0,1,1,0,0,0,0,0,0
pnpm,2018-10-12T10:46:19.735Z,0,0,0,0,0,0,0,0,0,0,0,0,0
edgetx,2021-11-03T21:38:43.190Z,0,0,0,0,0,0,0,0,0,0,0,0,0
octobox,2017-01-16T11:26:19.156Z,0,0,0,0,0,0,0,0,0,0,0,0,0
meshtastic,2022-04-20T05:23:50.436Z,0,0,0,0,0,0,0,0,0,0,0,0,0
ampalibe,2022-08-12T12:44:08.813Z,0,0,0,0,0,0,0,0,0,0,0,0,0
panda3d,2019-02-27T19:41:06.200Z,0,0,1,0,0,0,0,0,0,0,0,0,0
laradock,2019-01-30T16:37:36.407Z,0,0,0,0,0,0,0,0,0,0,0,0,0
floating-ui,2020-01-08T16:42:33.988Z,0,0,0,0,0,0,0,0,0,0,0,0,0
ngrx,2017-07-18T17:14:03.380Z,0,0,0,0,0,0,0,1,0,0,0,0,0
grapesjs,2017-10-03T04:04:28.077Z,0,0,0,0,0,0,0,0,0,0,0,0,0
openapi_generator,2019-04-09T10:14:07.133Z,0,1,0,0,2,0,1,2,0,2,0,1,0
stride3d,2021-10-21T18:13:26.562Z,0,0,0,0,0,0,0,0,0,0,0,0,0
solidus,2019-01-16T16:54:06.547Z,0,0,0,0,0,0,0,0,0,0,0,0,0
openframeworks,2022-05-05T16:52:20.364Z,0,0,0,0,1,0,0,0,0,0,2,0,0
pixijs,2019-07-17T02:04:20.678Z,0,0,0,0,0,0,0,0,0,1,0,0,0
prowlarr,2021-05-30T21:18:43.442Z,0,0,0,0,0,0,0,0,0,0,0,0,0
discordpy,2022-04-03T00:50:44.364Z,0,0,0,0,0,0,0,0,0,0,0,0,0
openmined,2018-06-28T01:34:07.007Z,0,0,0,0,0,0,0,0,0,0,0,0,0
cucumber,2017-06-23T12:25:54.126Z,0,0,0,0,0,0,0,0,0,0,0,0,0
carbon,2019-02-25T19:54:07.338Z,0,0,0,0,0,0,0,0,0,0,0,0,0
mautic,2020-08-14T01:20:26.098Z,0,0,0,0,0,0,0,0,0,0,0,1,0
antennapod,2021-03-07T17:03:34.136Z,0,0,0,0,0,0,0,0,0,0,0,0,0
typegraphql,2019-03-18T10:25:04.923Z,0,0,0,0,0,0,0,0,0,0,0,0,0
gitextensions,2018-11-01T14:05:26.056Z,0,0,1,0,0,0,0,0,0,0,0,0,0
owncast,2021-03-02T16:54:16.622Z,0,1,0,1,0,1,6,9,7,57,32,27,0
lwjgl,2017-11-08T21:38:04.055Z,0,0,0,0,0,0,0,0,0,0,0,0,0
electron,2018-03-22T14:54:51.845Z,0,0,0,0,0,0,0,0,0,0,0,0,1
celery,2018-04-17T16:47:47.482Z,0,0,0,0,0,0,0,0,0,0,0,1,0
emacs-lsp,2020-07-07T15:01:03.772Z,0,0,0,0,66,128,105,110,74,35,49,46,1
sindresorhus,2019-03-07T17:40:10.477Z,0,0,0,0,0,0,0,0,0,0,0,0,0
xstate,2018-09-10T16:22:09.123Z,0,0,0,0,0,0,0,0,0,0,0,0,0
intellij-rainbow-brackets,2019-07-18T12:48:38.338Z,0,0,0,0,0,0,0,0,0,0,0,0,0
caprover,2019-02-05T06:57:03.983Z,0,0,0,0,0,0,0,0,0,0,0,0,0
redux-devtools-extension,2016-11-03T15:52:23.487Z,0,0,0,0,0,0,0,0,0,0,0,0,0
mixxx,2020-09-22T23:25:19.148Z,0,0,0,0,1,0,0,0,0,0,0,0,0
adnauseam,2017-08-29T14:27:37.778Z,0,0,0,0,0,0,0,0,0,0,0,0,0
cyclejs,2016-09-20T08:31:40.598Z,0,0,0,0,2,0,0,1,0,0,0,0,6
freecad,2022-04-04T05:58:01.448Z,0,0,2,0,0,0,0,0,0,1,0,1,0
editorjs,2019-04-02T11:12:39.189Z,0,0,0,0,0,0,0,0,0,0,0,1,0
ancientbeast,2019-12-06T21:57:36.039Z,0,0,0,0,0,0,0,0,0,0,0,0,0
openscad,2021-01-31T21:39:38.291Z,0,0,0,0,0,0,0,0,0,0,0,0,0
hledger,2017-01-20T19:21:45.076Z,0,0,0,0,0,0,0,0,0,0,0,0,0
reactiveui,2017-03-21T19:08:37.547Z,0,0,0,0,0,0,0,0,0,0,0,0,0
nativescript,2020-06-26T21:21:47.587Z,0,0,0,0,0,0,0,0,0,0,0,0,0
reactiveui,2017-03-21T19:08:37.547Z,0,0,0,0,0,0,0,0,0,0,0,0,0
web-scrobbler,2022-04-01T23:14:22.198Z,2,0,3,3,2,9,6,0,4,4,5,2,0
weg-li,2020-03-26T13:44:20.347Z,0,0,0,0,0,0,0,0,0,0,0,0,0
goreleaser,2018-02-20T15:54:04.885Z,0,0,0,0,0,0,0,0,0,0,0,0,0
spec,2020-06-16T15:37:43.078Z,0,0,0,0,0,0,0,0,0,0,0,0,0
warzone2100,2021-07-27T22:22:39.357Z,0,0,0,0,0,0,0,0,0,0,0,0,0
husky,2019-06-26T15:37:59.804Z,0,0,0,0,0,0,0,0,0,0,0,0,0
postcss,2019-12-23T19:20:30.096Z,0,0,0,0,0,0,0,0,0,0,0,0,0
xgboost,2019-03-04T22:36:17.327Z,0,0,0,0,0,0,0,0,0,0,0,0,0
react-hook-form,2019-09-23T19:35:01.451Z,0,0,0,1,1,1,1,1,1,0,0,2,0
signalk,2021-12-11T08:45:45.802Z,0,0,0,0,0,0,0,0,0,0,0,0,0
mudblazor,2020-11-12T21:16:48.785Z,0,0,0,0,0,0,0,0,0,0,0,0,0
readarr,2020-05-31T18:48:40.076Z,0,0,0,0,0,0,0,0,0,0,0,0,0
localstack,2017-09-20T20:02:33.664Z,0,0,0,0,0,0,1,0,0,0,0,0,0
pytest,2019-07-04T11:04:51.583Z,0,0,0,0,0,0,1,0,0,0,0,1,0
asyncapi,2019-03-10T01:52:36.842Z,0,0,0,0,0,111,66,12,9,24,16,32,0
mvvmcross,2017-04-25T12:51:57.157Z,0,0,0,0,0,0,0,0,0,0,0,0,0
serverest,2020-10-15T18:37:53.720Z,0,0,0,0,0,0,0,0,0,0,0,0,0
rvm,2019-01-07T18:21:09.433Z,0,0,0,0,0,0,0,0,0,0,0,0,0
uptime-kuma,2021-08-28T19:41:32.486Z,0,0,0,0,0,0,0,0,0,0,1,0,0
fedibird-project,2021-08-04T04:37:25.759Z,0,0,0,0,0,0,0,0,0,0,0,0,0
webdriverio,2021-03-23T13:42:03.019Z,0,0,0,3,3,1,2,2,5,25,16,29,6
react-three-fiber,2019-09-12T00:58:24.973Z,0,0,0,0,0,0,0,0,0,5,114,24,4
react-spring,2018-07-20T20:10:15.267Z,0,0,0,0,0,0,0,0,0,0,0,0,0
stylelint,2018-04-10T18:55:24.697Z,0,0,0,0,0,0,0,0,2,1,0,1,0
browserslist,2020-01-30T19:16:31.799Z,0,0,0,0,0,0,0,0,0,0,0,0,0
thecodebarbarian,2020-11-02T13:34:48.673Z,0,0,0,0,0,0,0,0,0,0,0,0,0
ccxt,2018-01-17T20:56:56.622Z,0,0,0,0,0,0,0,0,0,1,0,0,1
ariakit,2018-09-24T08:13:46.297Z,0,0,0,0,0,0,0,0,0,0,0,0,0
react-router,2019-02-27T21:23:09.508Z,0,0,0,0,0,0,0,0,0,0,0,0,0
privacyguides,2019-11-01T01:09:46.232Z,0,0,0,0,0,0,0,0,0,0,0,2,0
bookwyrm,2021-02-21T15:56:41.081Z,0,0,0,0,0,0,0,0,0,0,0,0,0
jmonkeyengine,2020-11-03T08:06:31.349Z,0,0,0,0,0,0,0,0,0,0,0,0,0
nock,2018-04-27T19:33:16.584Z,0,0,0,0,0,0,0,0,0,0,0,0,0
floccus,2019-09-17T01:07:43.438Z,0,0,0,0,0,0,0,0,0,0,0,0,0
tiddlywiki,2021-03-24T15:28:59.649Z,0,0,0,0,0,0,0,0,0,0,0,0,0
iosdevspace,2022-11-19T22:54:28.208Z,0,0,0,0,0,0,25,0,0,1,0,1,1
pypy,2018-10-29T03:03:46.408Z,0,0,0,0,0,0,0,0,0,0,0,0,0
jss,2017-06-05T21:41:05.879Z,0,0,0,0,0,0,0,0,0,0,0,0,0
react-pdf,2017-06-06T17:11:19.481Z,0,0,0,0,0,0,0,0,0,0,0,0,0
android-password-store,2018-09-01T13:36:30.213Z,0,0,0,0,0,0,0,0,0,0,0,0,0
stc,2022-11-06T12:44:07.966Z,0,0,0,0,0,0,0,0,0,0,0,0,0
yew,2020-01-11T17:09:35.853Z,0,0,0,0,0,0,0,0,0,1,0,0,0
verdaccio,2018-05-03T22:26:59.247Z,0,0,0,0,0,0,0,0,0,1,0,0,0
selfdefined,2020-03-08T22:52:50.373Z,0,0,125,5,23,65,12,2,97,27,2,16,18
enspiral-europe,2022-10-06T20:25:03.655Z,0,0,0,0,0,0,0,0,0,0,0,0,0
ohmyzsh,2020-05-18T02:12:23.021Z,0,0,0,0,0,0,0,0,0,0,0,0,0
guppe-groups,2022-11-22T17:39:59.918Z,0,0,0,0,0,0,0,0,0,0,0,0,0
srs-server,2021-12-13T03:30:06.952Z,0,0,0,0,0,0,0,0,0,0,0,0,0
strapi,2018-05-25T19:29:12.899Z,0,0,0,1,0,0,0,0,0,0,0,0,0
gtk-rs,2020-04-02T16:48:36.029Z,0,0,0,0,0,0,3,76,131,92,23,70,0
yourls,2017-05-02T12:30:56.998Z,0,0,0,0,0,0,0,0,0,0,0,0,0
fast-endpoints,2023-05-22T08:03:21.307Z,0,0,0,0,0,0,0,0,0,0,0,0,0
kavita,2021-07-28T05:41:56.753Z,0,0,0,0,0,0,1,2,0,1,3,0,2
betonquest,2021-10-17T12:09:05.017Z,0,0,0,0,0,0,0,0,0,0,0,0,0
azuracast,2018-01-25T09:16:38.136Z,0,0,0,0,0,0,0,0,0,0,0,0,0
simplex-chat,2021-08-05T19:20:09.888Z,0,0,0,0,1,0,0,0,0,0,0,0,0
spotube,2022-03-17T06:43:53.531Z,0,0,0,0,0,0,0,0,0,0,0,0,0
openemr,2017-11-08T13:27:36.785Z,0,0,0,0,0,0,0,0,0,0,0,0,0
purescript,2019-11-07T03:47:05.722Z,2,0,0,0,0,0,0,0,0,0,0,1,0
libvips,2019-09-24T14:17:05.236Z,0,0,0,0,0,0,0,0,0,0,0,0,0
openlayers,2018-11-02T15:48:25.488Z,0,0,0,0,0,0,0,0,0,0,0,0,0
emberjs,2020-01-07T01:08:54.734Z,0,0,0,0,0,0,1,0,0,1,0,0,0
randovania,2022-10-17T22:09:32.960Z,4,26,14,13,20,10,20,19,16,12,13,9,11
ajv,2019-11-02T17:08:11.197Z,0,0,0,0,0,0,0,0,0,0,0,0,0
livetl,2021-02-27T18:32:12.657Z,0,0,0,0,0,0,0,0,0,0,0,0,0
huntr,2021-08-26T22:22:59.439Z,0,0,0,0,0,0,0,0,0,0,0,0,0
peercoin,2020-07-26T20:55:55.186Z,1,5,9,4,1,3,4,0,0,0,0,0,0
hydra-synth,2021-02-17T10:50:43.831Z,0,0,0,0,0,0,0,0,0,0,0,0,0
ant-design,2019-05-03T19:33:11.235Z,1,1,1,1,0,0,0,0,0,0,0,0,0
lint-staged,2018-10-14T17:47:26.056Z,0,0,0,0,0,0,0,0,0,0,0,0,0
nextauth,2021-07-05T15:57:53.124Z,0,1,0,0,4,0,0,0,0,0,0,0,0
task,2018-04-23T15:30:55.969Z,0,0,0,0,0,0,0,0,0,0,0,0,0
altair,2018-04-09T20:55:13.657Z,0,0,0,0,0,0,0,0,0,0,0,0,0
ethical-source,2020-02-15T19:00:57.469Z,0,0,107,11,2,4,59,19,6,9,9,2,1
known,2019-01-24T13:47:33.191Z,0,0,0,0,0,0,0,0,0,0,0,0,0
clojure-lsp,2021-01-10T02:03:17.960Z,0,0,0,0,0,0,0,0,0,0,0,0,0
fakerjs,2017-02-22T13:38:55.200Z,0,0,0,0,0,0,0,0,0,0,0,0,0
dhall,2019-09-04T00:29:42.746Z,0,0,0,0,1,3,0,0,0,0,0,0,0
kivymd,2020-04-28T12:53:31.566Z,0,0,0,0,0,0,0,0,0,0,0,0,0
lyrion,2024-10-23T11:31:07.619Z,0,0,0,0,0,0,0,0,0,0,0,1,0
nix-errors-enhancement,2020-03-12T14:42:45.424Z,0,0,0,0,0,0,0,0,0,0,0,0,0
cpprefjp,2023-03-23T19:49:54.163Z,0,0,0,0,0,0,0,0,0,0,0,0,0
ovenmediaengine,2021-07-03T16:14:46.609Z,0,0,0,0,0,0,0,0,0,0,0,0,0
spotiflyer,2021-05-10T18:41:38.094Z,0,0,0,0,0,0,0,0,0,0,0,0,0
lawnchair,2024-08-05T13:16:12.013Z,0,0,0,0,0,0,0,0,0,0,0,0,0
ellie,2017-12-07T19:28:17.395Z,0,0,0,0,0,0,0,0,0,0,0,0,0
react-native-elements,2017-04-16T07:36:50.231Z,0,0,0,0,0,0,0,1,0,0,0,0,0
orbitdb,2020-07-07T20:09:43.858Z,0,0,0,2,14,6,2,6,7,0,1,14,0
codeceptjs,2020-11-16T13:18:25.237Z,0,0,0,0,0,0,0,0,0,0,0,0,0
komga,2020-06-13T23:42:15.416Z,1,1,0,0,0,0,0,0,0,0,0,0,0
wechaty,2019-05-03T09:31:19.226Z,0,0,0,0,0,0,0,0,0,0,0,0,0
drupal-recording-initiative,2019-01-07T23:59:20.040Z,0,0,0,0,0,0,0,0,0,0,0,0,0
communitybridge,2022-03-08T11:38:57.114Z,0,0,0,0,0,0,0,0,0,0,0,1,0
monnaie-libre,2018-06-13T18:24:34.193Z,0,0,0,0,0,0,0,0,0,0,0,0,0
dnscrypt,2019-07-19T18:00:08.162Z,0,0,0,0,0,23,9,9,27,151,105,99,10
mithriljs,2019-01-29T16:21:54.157Z,0,0,0,0,0,0,0,0,0,0,0,0,0
sequelize,2021-10-07T19:51:56.840Z,0,0,0,0,0,0,0,1,1,0,2,0,1
betterdisplay,2021-10-28T17:10:29.989Z,0,0,0,0,0,0,0,0,0,0,0,0,0
remmina,2021-06-02T23:48:08.795Z,0,2,0,0,0,0,0,0,0,0,0,0,0
clap,2020-08-14T09:39:33.988Z,0,0,0,0,0,0,0,0,0,0,0,0,0
piranhacms,2019-03-29T12:24:18.967Z,0,0,0,0,0,0,0,1,0,0,0,0,0
codeception,2019-10-22T23:21:56.532Z,0,0,0,0,0,0,1,0,0,0,0,0,0
node-fetch,2020-08-20T01:53:27.641Z,0,1,0,0,0,0,0,0,0,0,0,0,0
openpracticelibrary,2023-07-13T08:12:57.676Z,0,0,0,0,0,0,0,0,0,0,0,0,0
libsodium,2019-07-04T00:08:23.740Z,0,0,0,0,0,0,0,0,0,0,0,0,0
git-bug,2018-09-28T17:57:39.159Z,0,0,0,0,0,0,0,11,2,52,22,38,21
gureum,2019-06-11T08:35:48.007Z,0,0,0,0,0,0,0,0,0,0,0,0,0
mswjs,2021-03-02T15:32:21.904Z,0,0,0,0,0,0,0,0,0,3,0,2,0
catppuccin,2022-08-30T23:27:35.724Z,0,0,0,0,0,0,0,0,0,0,0,0,0
vite,2023-02-06T02:20:16.680Z,0,0,0,0,0,0,0,0,0,0,0,0,0
craftjs,2020-07-12T13:49:54.415Z,0,0,0,0,0,0,0,0,0,0,0,0,0
xmake,2019-09-05T06:58:05.080Z,0,0,0,0,0,0,0,0,0,0,0,0,0
omigroup,2021-06-30T16:41:44.516Z,0,0,0,0,0,0,0,0,0,0,0,0,0
cronus,2022-08-10T12:11:17.423Z,0,0,3,0,1,0,0,0,0,0,0,0,0
svgr,2018-09-26T14:08:30.564Z,0,0,0,1,7,14,44,13,32,2,11,3,1
immer,2019-09-16T02:15:08.079Z,0,0,0,0,0,0,0,0,0,0,0,0,0
erxes,2018-01-15T22:38:40.546Z,0,0,0,0,0,0,0,0,0,0,0,0,0
mediasoup,2019-02-26T15:27:52.552Z,0,0,0,0,0,0,0,0,0,0,0,0,0
masscode,2021-04-29T19:08:39.551Z,0,0,0,0,0,0,0,0,0,0,0,0,0
terser,2019-09-04T10:46:37.653Z,0,0,0,0,0,0,0,0,0,0,0,0,0
jrnl,2020-03-11T04:05:38.015Z,0,0,0,0,0,0,0,0,0,0,0,0,0
independent-solid-test-suite,2021-05-06T10:31:58.632Z,0,0,0,0,0,0,0,0,0,0,0,0,0
y-collective,2021-04-22T16:27:28.210Z,0,0,0,0,0,0,0,0,0,0,0,0,0
babashka,2020-03-31T13:19:37.998Z,0,0,0,0,0,0,0,0,0,0,0,0,0
effector,2020-10-17T11:48:19.833Z,0,0,0,0,0,0,0,0,0,0,0,0,0
hexo,2019-07-10T22:32:10.443Z,0,0,0,0,0,0,0,0,0,0,0,0,0
zoneminder,2021-05-07T11:21:04.131Z,0,0,0,0,0,0,0,0,0,0,0,0,0
electron-react-boilerplate-594,2017-05-06T22:25:58.385Z,0,0,0,0,0,1,1,0,0,0,0,0,0
dosbox-staging,2021-05-11T21:26:58.073Z,0,0,1,2,0,0,0,0,3,0,1,0,0
dockstarter,2019-03-17T20:13:22.779Z,0,0,0,0,0,0,0,0,0,0,0,0,0
bundlephobia,2018-07-24T11:32:25.532Z,0,0,0,0,0,0,0,0,0,0,0,0,0
wolvic,2022-10-19T02:38:29.083Z,0,2,0,0,0,0,0,0,2,0,0,1,0
synfig,2020-04-15T21:36:30.861Z,0,0,0,0,0,0,0,0,0,0,0,0,0
kcanotify,2019-06-18T16:21:39.570Z,0,0,0,0,0,0,0,0,0,0,0,0,0
thelounge,2018-03-26T18:32:27.641Z,0,0,0,0,0,0,0,0,0,0,0,0,0
elk,2023-01-12T10:14:38.505Z,0,0,0,0,0,0,0,0,0,0,0,0,0
amberelec,2022-04-17T04:34:40.098Z,0,0,0,0,0,0,0,0,0,0,0,0,0
graphql-net,2020-05-13T23:39:32.988Z,0,0,0,0,0,0,0,0,0,0,0,0,0
purpurmc,2021-12-02T00:25:34.873Z,0,0,1,0,0,0,1,0,0,0,0,0,0
kingfisher,2017-07-02T05:21:21.812Z,0,0,0,0,0,0,0,0,0,0,0,0,0
merveilles,2020-05-26T18:16:15.729Z,0,0,0,0,0,0,0,0,0,0,0,0,0
polybar,2020-12-19T17:24:46.048Z,0,0,0,0,0,0,0,0,0,0,0,0,0
react-dropzone,2018-02-26T13:13:39.857Z,0,0,0,0,0,0,0,0,0,0,0,0,0
dokploy,2024-05-31T06:53:21.538Z,0,0,0,0,0,0,0,0,0,0,0,0,0
openhd,2020-10-22T03:56:02.277Z,0,0,0,0,0,0,0,0,0,0,0,0,0
ant-design-vue,2018-09-06T00:41:55.764Z,0,0,0,0,0,0,0,0,0,0,1,0,0
julialang,2021-06-15T20:37:53.501Z,0,0,2,1,0,0,0,0,1,1,4,2,0
kumbiaphp,2020-01-15T15:45:33.981Z,0,0,0,0,0,0,0,0,0,0,0,0,0
kumbiaphp,2020-01-15T15:45:33.981Z,0,0,0,0,0,0,0,0,0,0,0,0,0
lvgl,2021-02-03T10:36:13.452Z,0,0,0,0,0,0,0,0,0,0,0,0,0
censusreporter,2021-01-29T20:39:47.184Z,0,0,0,0,0,0,0,0,0,0,0,0,0
litiengine,2020-10-05T07:30:13.664Z,0,0,0,0,0,0,0,0,0,0,0,0,0
marktext,2018-05-08T18:24:53.865Z,0,0,0,0,0,0,0,0,0,0,0,0,0
quicksilver,2022-02-01T03:27:21.249Z,0,0,0,0,0,0,0,0,0,0,0,0,0
tabler,2018-08-29T22:57:31.821Z,0,0,0,0,0,0,0,0,0,0,0,0,0
liquidjs,2020-02-26T15:51:42.909Z,0,0,0,0,0,0,0,0,0,0,0,0,0
bazel-rules-authors-sig,2021-12-09T00:24:09.931Z,0,0,0,0,0,0,0,0,0,0,0,0,0
advancedfx,2019-09-10T18:47:57.469Z,0,0,0,0,0,0,0,0,0,0,0,0,0
code-settings-sync,2018-03-20T13:17:26.114Z,0,0,0,0,0,0,0,0,0,0,0,0,0
nvim-treesitter,2021-07-06T16:53:02.962Z,0,0,0,0,0,0,0,1,0,0,0,1,0
fossbilling,2022-05-23T19:17:16.885Z,3,2,0,0,1,2,13,0,2,3,3,6,7
hoppscotch,2019-10-14T16:13:59.176Z,0,0,0,0,0,0,0,0,0,0,0,0,0
jest-preview,2022-05-28T11:58:26.039Z,0,0,0,0,0,1,0,0,0,0,0,0,1
wp-graphql,2019-03-28T18:45:27.637Z,0,0,0,0,0,1,0,0,0,0,0,0,0
bcneng,2022-04-06T12:13:52.711Z,0,0,0,0,0,0,0,0,0,0,0,0,0
patchfox,2019-06-12T02:20:10.332Z,0,0,0,0,0,0,0,0,0,0,0,0,0
applause-button,2019-02-25T20:33:39.781Z,0,0,0,0,0,0,0,0,0,0,0,0,0
urllib3,2020-12-27T20:15:17.165Z,0,0,0,0,0,0,0,0,0,0,0,0,0
selenium,2023-09-12T17:47:37.067Z,1,2,0,2,6,2,1,17,1,1,5,1,0
activitywatch,2018-07-17T22:12:47.475Z,0,0,0,0,0,0,0,0,0,0,0,0,0
welcometomygarden,2020-05-20T11:53:08.964Z,0,0,0,0,0,0,0,0,0,0,0,0,0
classicpress,2022-06-29T18:45:41.199Z,0,0,0,0,0,1,0,0,0,2,1,0,0
ngxs,2018-04-08T02:12:47.664Z,0,0,0,0,0,0,3,0,0,0,0,0,0
cncjs,2019-10-15T16:21:08.446Z,0,0,0,0,0,0,0,0,0,0,0,0,0
nusmods,2018-08-26T17:50:14.028Z,0,0,1,0,0,0,0,0,0,0,0,0,0
reactive-resume,2023-11-25T04:39:03.334Z,0,0,0,0,0,0,0,1,0,0,0,0,0
lfortran,2022-04-05T20:08:53.196Z,0,0,0,0,0,0,0,0,0,1,0,0,0
timber,2023-02-03T21:08:23.250Z,0,0,0,0,0,0,0,0,0,0,0,0,1
pester,2019-07-01T14:00:17.361Z,0,0,0,0,0,0,0,0,0,0,0,0,0
react-pdf-wojtekmaj,2019-06-20T19:51:44.635Z,0,0,0,0,0,0,0,0,0,0,0,0,0
moveable,2019-10-13T12:37:24.379Z,0,0,0,0,0,0,0,0,0,0,0,0,0
create-react-app,2019-08-12T09:36:37.398Z,0,0,0,0,1,0,0,0,0,0,0,0,0
starship,2020-02-28T10:42:21.362Z,0,0,0,0,0,0,0,0,0,0,0,0,0
twilight,2021-09-15T13:40:38.588Z,0,3,0,0,1,1,0,0,0,1,0,0,0
pre-commit,2018-11-02T03:09:53.665Z,0,0,0,0,0,0,0,0,0,0,0,0,0
zulip,2019-03-24T03:00:06.127Z,0,3,3,1,4,2,2,1,1,1,5,5,1
flutter-webrtc,2020-07-24T17:03:10.166Z,0,0,2,26,10,9,5,8,66,16,37,4,4
react-native-iap,2018-08-13T16:14:47.214Z,25,62,80,27,33,32,54,32,46,13,32,32,2
zrythm,2020-04-13T13:19:09.046Z,0,0,0,0,0,0,0,0,0,0,0,0,0
external-secrets-org,2021-06-30T13:00:56.431Z,0,0,0,0,0,0,0,0,0,0,0,0,0
cinny,2021-09-19T18:59:15.653Z,0,0,0,0,22,97,60,46,44,85,96,91,70
node-opcua,2021-03-08T03:35:49.184Z,0,0,0,0,0,0,0,0,0,0,0,0,0
mapswipe,2020-06-23T16:35:24.594Z,0,0,0,0,1,1,0,0,0,0,0,0,0
resilience-web,2021-10-25T11:58:20.550Z,0,0,0,0,0,0,0,0,0,0,0,0,0
sequel-ace,2020-09-05T15:37:29.808Z,0,0,0,0,0,0,0,0,0,0,0,0,0
nrepl,2019-03-01T08:27:55.306Z,0,0,0,0,0,0,0,0,0,0,0,0,0
contributor-covenant,2019-11-09T18:25:50.632Z,0,0,0,0,0,0,0,0,0,0,0,0,0
tracardi-cdp,2022-04-27T10:01:15.984Z,0,0,0,0,0,0,0,0,0,0,0,0,0
html-webpack-plugin,2018-03-27T22:39:21.782Z,0,0,0,0,0,0,0,0,0,0,0,0,0
nuke,2019-03-13T21:45:39.426Z,0,0,0,0,0,0,0,0,0,0,0,0,0
dearpygui,2021-03-09T01:05:52.668Z,0,0,0,0,0,0,0,0,0,0,0,0,0
prettier-ruby,2019-10-10T17:39:50.986Z,0,0,0,0,0,0,0,0,0,0,0,0,0
tsed,2018-03-14T13:56:31.211Z,0,0,0,0,0,0,0,0,0,0,0,0,0
supabase-supasquad,2021-06-23T05:00:35.976Z,0,0,0,0,0,0,2,0,0,0,0,3,3
tsed,2018-03-14T13:56:31.211Z,0,0,0,0,0,0,0,0,0,0,0,0,0
tiktokshop-php,2023-04-27T13:57:03.496Z,0,0,0,0,0,0,0,0,0,0,0,0,0
ifme,2017-10-23T17:42:15.654Z,0,0,0,0,0,0,0,0,0,0,0,0,0
final-form,2018-03-02T16:34:28.982Z,0,0,0,0,0,0,0,0,0,0,0,0,0
vitest,2023-03-24T16:21:26.270Z,0,1,0,0,0,0,0,0,0,0,0,0,0
java-jda,2021-12-08T00:31:08.361Z,0,0,0,0,0,0,0,0,0,0,0,0,0
blaze,2016-09-28T17:30:44.892Z,0,0,0,0,0,0,0,0,0,0,0,0,0
the-london-django-meetup-group,2018-05-09T10:00:46.742Z,0,0,0,0,1,5,15,1,6,7,5,8,0
kornia,2021-05-22T10:17:27.484Z,0,0,0,0,0,0,0,5,1,2,5,4,0
email-markup-consortium,2022-06-29T16:03:37.062Z,0,0,0,0,0,0,0,0,0,0,0,0,0
javascript-obfuscator,2017-06-02T12:44:38.425Z,0,0,0,0,0,0,0,0,0,0,0,0,0
m68k-llvm-dev,2022-01-14T20:22:30.612Z,5,14,15,11,22,9,15,8,17,18,21,27,10
tastyigniter,2020-03-18T22:19:54.568Z,0,0,0,0,0,0,0,0,0,0,0,0,1
tastyigniter,2020-03-18T22:19:54.568Z,0,0,0,0,0,0,0,0,0,0,0,0,1
koel,2016-07-10T04:12:12.598Z,0,0,0,0,0,0,0,0,0,0,0,0,0
coding-grace,2020-01-17T22:52:58.494Z,0,0,0,0,0,0,0,0,0,0,0,0,0
projectm,2018-12-15T00:12:08.870Z,0,0,0,0,0,0,0,0,0,0,0,0,0
nexrender,2019-12-09T08:31:37.067Z,0,0,0,0,0,0,0,0,0,0,0,0,0
phpbb,2023-01-12T22:58:41.661Z,0,0,0,0,0,0,0,0,0,0,0,0,0
react-window,2021-09-02T12:58:03.612Z,0,0,0,0,0,0,0,0,0,0,0,0,0
fluffos-579,2021-01-08T05:36:39.773Z,0,0,0,0,0,0,0,0,0,0,0,0,0
tvheadend,2023-12-07T21:24:52.708Z,0,1,0,0,0,0,0,0,0,0,0,0,0
tvheadend,2023-12-07T21:24:52.708Z,0,1,0,0,0,0,0,0,0,0,0,0,0
midnight-lizard,2018-11-01T10:08:11.530Z,0,0,0,0,0,0,0,0,0,0,0,0,0
medoo,2019-11-12T11:14:08.632Z,0,0,0,0,0,0,0,0,0,0,0,0,0
bootstrap-vue-next,2023-05-17T06:18:08.931Z,0,0,0,0,0,0,0,0,0,0,0,0,0
mybb,2018-03-28T21:14:27.996Z,0,0,0,0,0,0,0,0,0,0,0,0,0
midnight-lizard,2018-11-01T10:08:11.530Z,0,0,0,0,0,0,0,0,0,0,0,0,0
mybb,2018-03-28T21:14:27.996Z,0,0,0,0,0,0,0,0,0,0,0,0,0
webrecorder,2022-01-11T02:56:03.970Z,0,0,0,0,0,0,0,0,0,0,0,0,0
appium,2024-05-01T06:56:54.106Z,0,0,0,0,0,0,0,0,0,1,0,0,0
ocrmypdf,2019-09-27T14:09:43.503Z,0,18,70,33,36,19,23,9,66,51,33,19,28
cdnjs,2019-07-08T16:09:49.102Z,0,0,0,0,0,0,0,0,0,0,0,0,0
graphql-flutter,2020-02-03T14:51:06.928Z,0,0,0,0,0,0,0,0,0,0,0,1,0
kitspace,2019-02-12T20:17:30.972Z,0,0,0,0,0,0,0,0,0,0,0,0,0
cssnano,2019-07-01T11:51:15.656Z,0,0,0,0,0,0,0,0,0,0,0,0,0
typedclojure,2020-02-17T15:17:27.042Z,0,0,0,0,0,0,0,0,0,0,0,0,0
dotenv,2019-12-19T10:53:26.030Z,0,0,0,0,0,0,0,0,0,0,0,0,0
textpattern-collective,2020-11-04T02:10:12.304Z,0,0,0,0,0,0,0,0,0,0,0,0,0
level,2018-01-25T15:03:28.860Z,0,0,0,0,0,0,0,0,0,0,0,0,0
doctoolchain,2018-11-28T21:47:52.510Z,0,0,0,0,0,0,0,0,0,0,0,0,0
heroui,2022-02-18T11:57:02.937Z,0,0,0,0,0,0,0,0,0,0,0,0,0
backyourstack,2019-03-21T12:01:54.681Z,0,0,0,0,0,0,0,0,0,0,0,0,0
formik,2019-09-27T10:52:46.349Z,0,0,0,0,0,0,0,0,0,0,0,0,0
easy-peasy,2019-10-24T11:32:36.774Z,0,0,0,0,0,0,0,0,0,0,0,0,0
element-plus,2020-10-28T12:46:33.634Z,0,0,0,0,0,0,0,0,0,0,0,0,0
moskitos,2022-03-01T19:44:22.363Z,0,0,0,0,0,0,0,0,0,0,0,0,0
js-lingui,2018-09-01T08:43:35.132Z,0,0,0,0,0,0,0,0,0,0,0,0,0
alfio,2019-08-25T15:29:57.540Z,0,0,0,0,0,0,0,1,0,0,0,0,0
openfl,2019-01-24T00:45:06.656Z,0,0,0,0,0,0,0,0,0,0,0,0,0
lando,2019-12-31T16:49:24.544Z,0,0,0,0,0,0,0,0,0,0,0,0,0
spacevim,2019-06-14T19:29:28.321Z,0,0,0,0,0,0,0,0,0,0,0,0,0
ua-parser-js,2021-03-11T01:33:35.336Z,0,0,0,0,0,0,0,0,0,0,0,0,0
amethyst,2018-11-27T09:01:25.452Z,0,0,0,0,0,0,0,0,0,0,0,0,0
webdrivermanager,2019-02-21T16:21:01.187Z,0,0,0,0,0,0,0,0,0,0,0,0,0
pufferpanel,2020-08-11T00:21:11.363Z,0,0,0,0,0,0,0,0,0,0,0,0,0
netbootxyz,2019-12-01T22:15:49.500Z,0,0,0,0,0,0,0,0,0,0,0,0,0
autokeras,2018-11-12T17:09:26.328Z,0,0,0,0,0,0,0,0,0,0,0,0,0
chameleon-ultra-gui,2023-08-04T09:49:29.331Z,0,0,0,0,0,0,0,0,0,0,0,0,0
libretime,2019-08-11T19:42:51.029Z,0,0,0,0,0,0,0,0,0,0,0,0,0
deaconsocial,2022-11-18T17:48:05.127Z,0,0,0,0,0,0,0,0,0,0,0,0,0
rrweb,2023-04-11T02:15:30.808Z,0,0,0,4,1,0,0,0,0,0,0,0,0
numpy,2021-06-14T21:16:20.425Z,0,0,0,0,1,0,0,1,0,0,0,1,0
mypaint,2020-03-02T08:33:14.940Z,0,0,0,0,0,0,0,0,0,0,0,0,0
webonyx-graphql-php,2019-04-03T19:41:22.440Z,0,0,0,0,0,4,0,0,0,0,0,0,0
vale,2020-09-29T20:15:04.803Z,0,0,0,0,0,0,0,0,0,0,0,0,0
phpstan-drupal,2021-03-04T02:05:31.169Z,0,0,0,0,0,0,0,0,0,0,0,0,0
noble,2016-09-17T14:38:27.876Z,0,0,0,0,0,0,0,0,0,0,0,0,0
arbor-chat,2021-05-10T02:34:47.850Z,0,0,0,0,0,0,0,0,0,0,0,0,0
tabby,2019-06-01T01:00:37.500Z,0,0,0,0,0,0,1,0,0,0,0,1,0
arbor-chat,2021-05-10T02:34:47.850Z,0,0,0,0,0,0,0,0,0,0,0,0,0
amplitudejs,2019-06-20T21:20:22.052Z,0,0,0,0,0,0,0,35,2,1,0,12,0
jira-cli,2021-11-07T04:11:09.442Z,0,0,0,0,0,0,0,0,0,0,0,0,0
vega-strike,2020-06-07T18:00:49.768Z,0,0,0,0,0,0,0,29,236,39,42,8,12
openrocket,2022-05-30T02:18:38.652Z,0,0,0,0,0,0,0,0,0,0,0,0,0
biojulia,2018-02-26T09:51:22.580Z,0,0,0,0,0,0,0,0,0,0,0,0,0
vueuse,2020-10-31T05:40:21.175Z,0,0,0,0,0,0,0,0,0,0,0,0,0
asciidocfx,2018-08-05T19:48:45.651Z,0,0,0,0,0,0,0,0,0,0,0,0,0
passwordless,2019-08-09T09:47:37.133Z,0,0,0,0,0,6,3,9,13,2,0,3,0
asciidocfx,2018-08-05T19:48:45.651Z,0,0,0,0,0,0,0,0,0,0,0,0,0
quasar,2020-04-21T20:01:49.903Z,0,0,0,1,0,0,0,0,0,0,0,2,0
go-app,2020-09-01T16:06:57.838Z,0,0,0,50,15,4,2,0,7,6,12,82,0
reach-ui,2019-10-22T16:46:06.645Z,0,0,0,0,0,0,2,0,0,1,0,0,0
pokeapi,2019-07-10T22:53:14.184Z,0,0,0,0,0,0,0,0,0,0,0,0,0
javers,2019-07-14T11:35:08.638Z,0,0,0,0,0,0,0,0,0,0,0,0,0
casbin,2019-05-24T13:26:28.474Z,0,0,0,0,0,0,0,0,0,0,0,0,0
lxqt,2021-02-16T12:05:12.228Z,0,0,0,0,0,0,0,0,0,0,0,0,0
tahoe-lafs,2020-06-22T08:22:28.915Z,0,0,0,0,0,0,0,0,0,0,0,0,0
open-registry,2019-04-29T15:38:19.747Z,0,0,0,0,0,0,0,0,0,0,0,0,0
civet,2023-01-07T01:33:00.311Z,0,0,0,0,0,2,0,0,0,0,0,1,0
nswag,2018-12-16T18:00:50.425Z,0,0,0,0,0,1,0,0,0,0,0,0,0
iris-social,2019-10-31T01:18:40.573Z,0,0,0,0,0,0,0,0,0,0,0,0,0
iris-social,2019-10-31T01:18:40.573Z,0,0,0,0,0,0,0,0,0,0,0,0,0
exercism,2019-04-04T14:13:52.136Z,0,0,0,0,0,0,0,0,0,0,0,0,0
the-fuse-lab,2022-05-10T05:24:01.702Z,0,0,0,0,0,0,0,0,0,0,0,0,0
exchangeratehost,2021-04-09T16:40:50.520Z,0,0,0,0,0,0,0,0,0,0,0,0,0
recharts,2020-03-31T20:05:45.645Z,0,0,0,0,0,0,0,0,0,0,0,0,0
tampadevs,2023-01-06T22:20:11.777Z,0,0,0,0,0,0,0,0,2,1,1,0,0
rx-angular,2021-02-21T20:07:54.109Z,0,0,0,0,0,0,4,0,0,1,0,0,0
mattn-go-sqlite3,2020-09-16T16:54:32.637Z,0,0,0,0,0,0,0,0,1,0,0,0,0
hiddify,2023-02-05T18:53:16.131Z,0,0,0,0,0,0,0,1,202,235,26,10,16
itk,2022-04-11T13:13:02.834Z,1,0,1,0,3,1,2,1,2,0,0,3,0
pxls,2024-04-19T13:28:41.947Z,0,0,0,0,0,0,0,0,1,0,0,0,0
cusdis,2021-04-23T12:51:02.349Z,0,0,0,0,0,0,0,0,0,0,0,0,0
dfir-iris,2023-07-05T09:22:50.409Z,0,0,0,0,0,0,0,0,0,0,0,0,0
codeeditapp,2022-03-30T03:59:21.133Z,0,0,0,0,0,0,3,0,0,0,0,0,0
cannlytics-company,2022-04-21T19:42:11.934Z,0,0,0,0,0,0,0,0,0,0,0,0,0
phpshopify,2021-03-31T09:37:03.639Z,0,0,0,0,0,0,0,0,0,0,0,0,0
translation-plugin,2020-02-18T18:41:53.428Z,0,0,0,0,0,0,0,0,0,0,0,0,0
opendevufcg,2021-02-26T02:39:59.600Z,0,0,0,0,0,0,0,0,0,0,0,0,0
heavy-division-simulations,2022-09-28T15:03:40.304Z,0,0,0,0,0,0,0,0,0,0,0,0,0
policyengine,2024-03-04T02:37:03.519Z,0,0,0,0,0,0,0,0,0,0,0,0,0
swiftformat,2021-02-25T20:20:23.383Z,0,0,0,0,0,0,0,0,0,0,0,0,0
openbenches,2022-10-01T00:06:53.879Z,0,0,0,0,0,0,0,0,0,0,0,0,0
codingcoach-io,2023-08-02T12:06:16.462Z,0,0,0,0,0,0,0,0,0,0,0,0,0
simple-icons,2021-05-08T00:15:16.465Z,0,0,0,0,0,0,0,0,0,0,0,0,0
suitecrm,2019-07-09T12:53:56.888Z,0,0,0,0,0,0,0,0,0,0,0,0,0
mytestedaspnet,2019-07-13T19:02:23.178Z,0,0,0,0,0,0,0,0,0,0,0,0,0
simple-icons,2021-05-08T00:15:16.465Z,0,0,0,0,0,0,0,0,0,0,0,0,0
24pullrequests,2017-07-11T10:12:53.828Z,0,0,0,0,0,0,0,0,0,0,0,0,0
openshopchannel,2022-10-18T17:57:00.775Z,0,0,0,0,0,0,0,0,0,0,0,0,0
open_stt,2019-09-03T16:05:06.177Z,0,0,0,0,0,0,0,0,0,0,0,0,0
telega,2021-01-02T00:15:33.036Z,0,0,0,0,0,0,0,0,0,0,0,0,0
silex,2021-02-20T20:49:02.505Z,0,0,0,0,0,0,0,0,0,0,0,0,0
goober,2020-05-05T18:23:55.304Z,0,0,0,0,0,0,0,0,0,0,0,0,0
matplotlib,2022-04-05T20:09:36.646Z,0,0,0,0,0,0,0,0,1,0,0,0,0
unigraph-dev,2021-11-21T06:00:59.569Z,0,0,0,0,0,0,0,0,0,0,0,0,0
chimeraos,2023-08-07T16:21:52.661Z,0,0,0,0,0,0,0,0,0,0,0,0,0
dbgate,2021-07-06T02:02:14.185Z,0,0,0,0,0,0,0,0,0,0,0,0,0
embroidermodder,2021-11-05T17:22:04.886Z,0,0,0,0,0,0,0,0,0,0,0,0,0
dbgate,2021-07-06T02:02:14.185Z,0,0,0,0,0,0,0,0,0,0,0,0,0
waydroid,2021-11-30T18:52:05.986Z,0,0,0,0,0,0,0,0,0,0,0,0,0
mlem,2023-10-30T16:15:06.646Z,0,0,0,0,0,0,0,0,0,0,0,0,0
vsformat,2021-03-15T22:00:05.244Z,0,0,0,0,0,0,0,0,0,0,0,0,0
alchemy_cms,2020-01-31T00:31:00.848Z,0,0,0,0,0,0,0,0,0,0,0,0,0
mantinedev,2024-12-06T09:53:19.078Z,0,0,0,0,0,0,0,0,0,0,0,0,0
rottingresearch,2023-05-04T19:28:12.052Z,0,0,0,0,0,0,0,0,0,0,2,4,0
msys2,2022-03-22T08:09:54.212Z,0,0,0,0,0,0,0,0,0,0,0,0,0
losslesscut,2019-12-03T19:53:46.858Z,0,0,0,0,0,0,0,0,0,0,0,0,0
warden,2022-11-29T19:59:01.522Z,0,0,0,0,0,0,0,0,0,0,0,0,0
libredirect,2022-12-23T16:33:13.929Z,0,80,38,43,121,27,45,29,73,46,7,47,17
warriorjs,2018-05-08T19:29:36.330Z,0,0,0,0,0,0,0,0,0,0,0,0,0
skia4delphi,2022-02-16T01:07:36.870Z,0,0,0,0,0,0,0,0,0,0,0,0,0
skia4delphi,2022-02-16T01:07:36.870Z,0,0,0,0,0,0,0,0,0,0,0,0,0
bokeh,2022-04-05T18:44:21.948Z,0,0,0,0,0,0,0,0,0,0,0,1,0
css-doodle,2019-09-05T18:53:57.410Z,0,0,0,0,0,0,0,0,0,0,0,0,0
slimphp,2019-06-20T17:48:13.184Z,0,0,0,0,0,0,0,0,0,0,0,0,0
gdm-settings,2023-08-09T04:09:34.034Z,0,0,0,0,0,0,0,0,0,0,0,0,0
gdm-settings,2023-08-09T04:09:34.034Z,0,0,0,0,0,0,0,0,0,0,0,0,0
sapphiredev,2021-12-05T21:40:41.936Z,0,0,1,0,0,0,0,0,0,0,0,0,0
doks,2021-10-06T10:30:43.810Z,0,0,10,27,11,36,37,2,0,43,25,15,3
sagernet,2021-05-01T05:40:57.455Z,0,0,0,0,0,0,0,0,0,0,0,0,0
pyenv,2021-10-16T14:01:04.196Z,0,0,0,0,0,0,0,1,0,0,0,0,0
pyenv,2021-10-16T14:01:04.196Z,0,0,0,0,0,0,0,1,0,0,0,0,0
stalwart,2024-09-24T10:31:06.924Z,0,28,56,28,37,53,60,40,20,50,65,16,28
cloudbox,2019-11-10T15:43:14.984Z,0,0,0,0,0,0,0,0,0,0,0,0,0
komapper,2023-02-25T01:59:11.275Z,0,0,0,0,0,0,2,0,1,0,0,0,0
tinygo,2022-11-20T16:24:57.546Z,0,0,0,0,0,0,0,0,0,1,0,0,0
cboard,2018-02-19T22:04:43.764Z,0,0,0,0,0,0,0,0,0,0,0,0,0
pelias,2020-08-30T01:45:39.372Z,0,0,0,0,0,0,0,0,0,0,0,0,0
tinygo,2022-11-20T16:24:57.546Z,0,0,0,0,0,0,0,0,0,1,0,0,0
gpujs,2019-08-05T04:14:30.900Z,0,0,0,0,0,0,0,0,0,0,0,0,0
simulide,2024-12-03T05:59:18.688Z,0,0,0,0,0,0,0,0,0,0,0,0,0
chatwoot,2021-04-19T10:07:08.051Z,0,0,0,0,0,0,0,0,1,0,2,2,2
homepage,2024-02-04T13:54:25.403Z,0,0,0,0,0,0,0,0,0,0,0,0,0
hardkoded-projects,2019-02-01T22:00:33.572Z,0,0,0,0,0,0,0,0,0,0,0,0,0
hardkoded-projects,2019-02-01T22:00:33.572Z,0,0,0,0,0,0,0,0,0,0,0,0,0
galacean,2021-07-15T06:24:33.904Z,0,0,0,0,0,0,0,0,0,0,38,20,5
kuma-ui,2023-08-05T18:49:07.371Z,0,0,0,0,1,1,0,0,0,0,0,0,0
dbatools,2019-07-09T15:13:59.442Z,0,0,0,0,0,0,0,0,0,0,0,0,0
gdal,2022-04-05T19:42:02.897Z,0,0,0,0,0,0,0,0,0,0,0,0,0
visual-regression-tracker,2021-02-24T09:09:31.791Z,0,0,0,0,0,0,0,0,0,0,0,0,0
modulestf,2019-06-08T14:48:53.633Z,0,0,0,0,0,0,0,0,0,0,0,0,0
dbatools,2019-07-09T15:13:59.442Z,0,0,0,0,0,0,0,0,0,0,0,0,0
duostories,2023-08-17T00:11:01.343Z,0,2,0,0,3,2,0,1,2,2,0,0,0
falcon,2018-10-06T16:14:40.026Z,0,0,0,0,0,0,0,0,0,0,0,0,0
vllm,2024-05-01T07:26:22.904Z,0,0,0,0,0,0,0,0,0,0,0,0,0
lark,2021-03-23T02:21:36.503Z,0,0,0,0,0,0,0,0,0,0,0,0,0
infection,2020-10-18T21:02:34.553Z,0,0,0,0,0,0,0,0,0,0,0,0,0
beercss,2023-04-06T07:27:35.894Z,0,0,0,0,0,0,0,0,0,0,0,0,0
cassowary,2022-02-22T16:30:29.591Z,0,0,0,0,0,0,0,0,0,0,0,0,0
feedback-prime,2022-03-30T04:04:32.567Z,0,0,0,0,0,0,0,0,0,0,0,0,0
cadcad1,2020-05-17T10:34:51.778Z,0,0,0,0,0,0,36,97,31,77,61,0,1
casljs,2020-02-03T05:24:22.810Z,0,0,0,0,0,0,0,0,0,0,0,0,0
pymc,2021-06-14T21:27:30.439Z,0,0,0,0,0,0,0,1,0,0,1,27,36
stylus,2022-06-25T03:32:49.899Z,0,0,3,5,0,0,0,0,0,3,0,0,0
mwmbl,2022-02-02T16:12:25.718Z,0,0,0,0,0,0,0,0,0,0,0,0,0
leafletjs,2022-05-25T14:51:15.930Z,0,8,13,9,4,13,14,11,6,6,2,0,0
typia,2022-10-24T10:42:32.894Z,0,0,0,0,0,0,0,0,0,0,0,0,0
scipy,2022-04-05T20:39:19.137Z,0,1,0,0,0,0,0,1,0,0,0,0,0
validatorjs,2019-01-30T16:42:20.377Z,0,0,0,0,0,0,0,0,0,0,9,5,11
aiogram,2019-05-24T20:52:54.117Z,0,0,0,0,0,0,0,0,0,0,0,0,0
pyke-osai,2023-09-29T18:39:38.945Z,0,0,0,0,0,0,0,0,0,0,0,0,0
retrospring,2023-01-30T18:00:47.887Z,0,8,2,0,0,0,0,0,0,0,0,0,0
accounts-js,2018-07-23T01:39:35.188Z,0,0,0,0,0,0,0,1,0,0,0,0,0
accounts-js,2018-07-23T01:39:35.188Z,0,0,0,0,0,0,0,1,0,0,0,0,0
lesspass,2017-11-16T14:04:44.134Z,0,0,0,0,0,0,0,0,0,0,0,0,0
infyomlabs,2019-11-16T12:20:27.644Z,0,19,0,6,8,0,0,0,0,0,0,0,0
htop,2021-06-01T02:04:17.432Z,0,0,0,0,0,0,0,0,0,0,0,0,0
jreleaser,2021-07-14T15:15:24.064Z,0,0,0,0,0,0,0,0,0,0,0,0,0
bot-whatsapp,2023-01-11T18:06:14.835Z,0,0,0,0,0,0,0,0,0,0,0,0,0
comunica-association,2021-10-15T08:40:15.874Z,0,0,0,0,0,0,0,0,0,0,0,0,0
webpd,2022-06-15T15:10:29.313Z,0,0,0,0,0,0,0,0,0,0,0,0,0
the-gita-initiative,2022-01-25T02:55:52.448Z,0,0,0,0,0,0,0,0,0,0,0,0,0
caddy-security,2022-05-18T12:08:21.309Z,0,0,0,0,0,0,0,0,0,0,0,0,0
jotai,2020-12-16T03:42:41.652Z,0,0,0,3,1,0,1,1,0,1,0,1,0
jotai,2020-12-16T03:42:41.652Z,0,0,0,3,1,0,1,1,0,1,0,1,0
single-spa,2020-01-30T21:33:37.866Z,0,0,0,0,0,0,0,0,0,0,3,5,6
commanded,2019-05-17T15:01:50.027Z,0,0,0,0,0,0,0,0,0,0,0,0,0
tech-interview-handbook,2019-12-04T04:52:00.874Z,0,0,0,0,0,0,0,0,0,0,0,0,0
projectsend,2022-10-28T10:39:15.919Z,0,0,0,0,0,0,0,0,0,0,0,0,0
swag,2019-03-15T18:36:49.334Z,0,0,0,0,0,0,0,0,0,0,0,0,0
napi-rs,2023-01-26T23:10:14.056Z,0,0,0,0,0,0,1,1,0,0,0,0,1
npkill,2019-08-28T20:24:55.399Z,0,0,0,0,0,0,0,0,0,0,0,0,0
probe-rs,2020-11-23T20:51:45.190Z,0,0,0,0,0,0,0,0,0,0,0,0,0
probe-rs,2020-11-23T20:51:45.190Z,0,0,0,0,0,0,0,0,0,0,0,0,0
railways,2024-04-08T22:12:19.279Z,0,0,0,0,0,0,0,0,0,0,0,0,0
scikit-learn,2022-04-05T20:38:00.485Z,0,0,0,0,0,0,0,0,0,0,0,0,0
resxresourcemanager,2018-10-29T10:41:17.509Z,0,0,0,0,0,0,15,8,15,2,4,2,0
tom-select,2021-03-10T05:13:52.847Z,0,0,0,0,0,0,0,0,0,0,0,0,0
tom-select,2021-03-10T05:13:52.847Z,0,0,0,0,0,0,0,0,0,0,0,0,0
stdlib,2023-11-17T14:10:02.043Z,0,1,0,65,30,0,0,13,8,3,5,6,5
oatpp,2020-08-25T00:50:38.141Z,0,0,0,0,0,0,0,0,0,0,0,0,0
database_consistency,2022-01-26T05:21:43.361Z,0,0,0,0,0,0,0,0,0,0,0,0,0
pywebview,2021-01-20T21:33:24.286Z,0,0,0,0,0,0,0,0,0,0,0,0,0
pywebview,2021-01-20T21:33:24.286Z,0,0,0,0,0,0,0,0,0,0,0,0,0
linearmouse,2022-02-16T10:38:20.445Z,0,0,0,0,0,0,0,0,0,0,0,0,0
arrow,2020-12-10T12:42:21.874Z,0,0,0,1,7,4,7,3,11,5,14,10,0
fast-check,2021-10-11T15:12:47.087Z,0,0,21,60,66,55,71,53,34,52,23,48,17
hrea,2022-04-22T20:24:20.014Z,0,0,0,0,0,0,0,0,0,0,0,0,0
jsdelivr,2021-11-01T16:20:04.098Z,0,0,0,0,0,0,0,0,0,0,0,0,0
katex,2021-08-31T11:43:10.517Z,0,0,0,0,0,0,0,0,0,0,0,0,0
katex,2021-08-31T11:43:10.517Z,0,0,0,0,0,0,0,0,0,0,0,0,0
ossia,2020-03-20T21:48:59.733Z,0,0,0,0,0,0,0,0,0,0,0,0,0
polymc,2022-03-29T08:06:31.209Z,0,0,0,0,0,0,0,0,0,0,0,0,0
polymc,2022-03-29T08:06:31.209Z,0,0,0,0,0,0,0,0,0,0,0,0,0
docksal,2020-08-25T00:38:50.480Z,0,0,0,0,0,0,0,0,0,0,0,0,0
lamdu,2022-03-23T01:54:01.836Z,0,1,0,0,1,0,2,2,0,2,1,2,0
discord4j,2020-08-11T00:12:24.934Z,0,0,0,0,0,0,0,0,0,0,0,0,0
docksal,2020-08-25T00:38:50.480Z,0,0,0,0,0,0,0,0,0,0,0,0,0
jsketcher-ad3d,2022-07-14T23:54:20.287Z,0,0,0,0,0,0,0,0,0,0,0,0,0
passkit-generator,2020-09-02T03:34:20.605Z,0,0,0,0,0,0,0,0,0,0,0,0,0
writefreely,2021-05-10T13:40:16.282Z,0,0,0,0,0,0,0,0,0,0,0,0,0
intelowl-project,2022-12-27T21:13:38.393Z,0,14,11,19,18,11,19,16,10,11,15,12,7
vuepress,2019-10-03T09:03:38.866Z,0,0,0,0,0,0,0,0,0,0,0,0,0
kairos-research-lab,2022-11-11T21:20:15.887Z,0,0,0,0,0,0,108,154,101,9,3,13,58
devstaff,2020-12-15T12:17:43.729Z,0,0,0,0,0,0,0,0,0,0,0,0,0
multitheftauto,2022-04-07T02:23:27.392Z,0,0,0,0,0,0,0,0,0,0,0,0,0
cgru,2022-02-02T06:01:09.039Z,0,0,0,0,0,0,0,0,0,0,0,0,0
community,2020-01-17T15:08:19.994Z,0,0,0,0,0,0,0,0,0,0,0,0,0
vuepress,2019-10-03T09:03:38.866Z,0,0,0,0,0,0,0,0,0,0,0,0,0
sympy,2021-06-16T13:35:18.278Z,0,0,0,0,1,0,0,0,0,1,0,1,0
hanami,2022-03-23T11:24:09.176Z,0,0,0,0,0,0,0,0,0,0,0,0,0
awesome-ttrss,2019-07-23T07:11:34.572Z,0,0,0,0,0,0,0,0,0,0,0,0,0
bumbag,2020-07-20T03:28:44.357Z,10,60,27,17,32,41,140,100,30,36,43,19,30
badaso,2021-08-04T02:15:28.111Z,0,0,0,0,0,0,0,0,0,0,0,0,0
badaso,2021-08-04T02:15:28.111Z,0,0,0,0,0,0,0,0,0,0,0,0,0
php-standard-library,2021-06-21T19:44:22.691Z,0,0,0,0,0,0,0,0,0,0,2,6,5
freshos,2017-10-20T14:37:14.668Z,0,0,0,0,0,0,0,0,0,0,0,0,0
activeadmin,2019-02-02T17:17:19.999Z,0,0,0,0,0,0,0,0,0,0,0,0,0
kaffy,2020-07-29T23:26:04.040Z,0,0,0,0,0,0,0,0,0,0,0,0,0
openapi-ts,2024-07-11T23:51:26.263Z,0,0,0,0,0,0,0,0,0,0,1,0,1
gdevelop-community,2024-01-11T17:22:01.419Z,0,0,0,0,0,0,0,0,0,0,0,0,0
scikit-image,2022-05-05T19:49:34.994Z,0,0,0,0,0,0,0,0,0,0,0,0,0
pygad,2021-01-04T15:03:21.556Z,0,0,0,0,0,0,0,0,0,0,0,0,0
scikit-image,2022-05-05T19:49:34.994Z,0,0,0,0,0,0,0,0,0,0,0,0,0
platypus,2021-05-03T05:09:58.730Z,0,0,0,0,0,0,0,0,0,0,0,0,0
mapletestimony,2023-02-13T16:43:42.431Z,0,0,0,0,0,0,0,0,0,1,0,0,0
platypus,2021-05-03T05:09:58.730Z,0,0,0,0,0,0,0,0,0,0,0,0,0
flow-launcher,2022-07-06T04:46:42.955Z,0,2,0,0,0,0,0,0,0,0,0,1,0
redom,2018-03-05T09:31:25.793Z,0,0,0,0,0,0,0,0,0,0,0,0,0
manyfold,2024-03-28T15:45:19.835Z,0,0,0,0,0,0,0,0,0,0,0,0,4
prism,2019-12-10T00:59:10.028Z,0,0,0,0,0,0,0,0,0,0,0,0,0
ucs,2024-07-31T15:13:40.148Z,0,0,0,0,0,0,0,0,0,0,0,0,0
markdown-it,2022-01-25T02:38:00.576Z,0,0,0,0,0,0,1,1,1,0,0,0,0
markdown-it,2022-01-25T02:38:00.576Z,0,0,0,0,0,0,1,1,1,0,0,0,0
prism,2019-12-10T00:59:10.028Z,0,0,0,0,0,0,0,0,0,0,0,0,0
gwdevhub_collective,2023-12-15T06:44:35.169Z,0,0,0,0,0,0,0,0,0,0,0,0,0
greenshot,2019-09-18T00:33:48.616Z,0,0,0,0,0,0,0,0,0,0,0,0,0
xrdp-project,2023-12-21T16:47:23.372Z,0,0,0,0,0,0,0,0,0,0,0,0,0
codecrumbs,2019-02-18T12:27:17.939Z,0,0,0,0,0,0,0,0,0,0,0,0,0
axmol,2024-01-10T04:58:05.127Z,0,0,0,0,0,0,0,0,0,0,0,0,0
reactfigma,2020-12-22T03:30:46.308Z,0,0,0,0,0,0,0,0,0,0,0,0,0
code-surfer,2019-10-09T13:24:52.785Z,0,0,0,0,0,0,0,0,0,0,0,0,0
opensid,2019-11-26T20:53:15.317Z,0,0,0,0,0,0,0,0,0,0,0,0,0
detekt,2022-01-25T02:28:52.756Z,0,2,1,2,1,0,1,1,1,1,0,0,0
opensid,2019-11-26T20:53:15.317Z,0,0,0,0,0,0,0,0,0,0,0,0,0
miso,2020-01-17T05:49:31.450Z,0,0,0,0,0,0,0,0,0,0,0,0,0
networkx,2022-04-05T20:16:44.446Z,0,0,0,1,0,0,0,0,0,0,0,0,0
node-datachannel,2022-03-16T13:11:29.332Z,0,0,0,0,0,0,0,0,0,0,0,0,0
linkwarden,2023-12-09T16:00:16.178Z,0,0,0,0,0,0,0,0,0,0,0,0,0
buka,2019-12-28T16:37:11.700Z,0,0,0,0,0,0,0,0,0,0,0,0,0
octolinker,2017-08-13T19:58:49.085Z,0,0,0,0,0,0,0,0,0,0,0,0,0
pixieditor,2022-02-01T19:31:05.349Z,0,0,0,0,0,0,0,0,0,0,0,0,0
kobalte,2023-02-07T23:36:57.767Z,0,0,0,0,0,0,0,0,0,0,0,0,0
openchakra,2020-02-19T04:28:18.651Z,0,0,0,0,0,0,0,0,0,0,0,0,0
assimp,2021-01-25T21:26:28.158Z,0,0,0,0,0,0,0,0,0,0,1,0,0
hyper-term,2021-09-19T23:01:34.031Z,4,4,12,57,50,61,45,38,42,27,37,35,19
bitmagnet,2024-06-05T14:52:51.950Z,0,0,0,0,5,2,1,0,0,0,0,0,0
code-spell-checker,2022-02-13T18:24:35.679Z,5,8,9,8,11,13,16,10,8,6,3,5,1
sorry-cypress,2020-11-03T02:10:05.590Z,0,0,0,0,0,0,0,0,0,0,0,0,0
dolibarr,2018-05-31T17:53:09.043Z,0,0,0,0,0,0,0,0,0,0,0,0,0
dolibarr,2018-05-31T17:53:09.043Z,0,0,0,0,0,0,0,0,0,0,0,0,0
sorry-cypress,2020-11-03T02:10:05.590Z,0,0,0,0,0,0,0,0,0,0,0,0,0
openhv,2023-04-08T16:08:58.534Z,0,0,0,0,0,0,0,0,0,0,0,0,0
astropy,2022-04-05T17:27:59.759Z,1,1,0,0,0,0,0,0,0,0,0,0,0
vue-stripe-checkout,2020-08-21T00:48:30.000Z,0,0,0,0,0,0,0,0,0,0,0,0,0
rwf2,2022-06-21T22:30:48.245Z,0,0,0,0,0,0,0,0,0,0,0,0,0
rekit,2020-07-01T04:26:59.983Z,0,0,0,0,0,0,0,0,0,0,0,0,0
africarxiv,2020-02-15T22:00:19.355Z,0,0,0,0,0,0,0,0,0,0,0,0,0
jscpd,2018-12-17T04:29:34.793Z,0,0,0,0,0,0,0,0,0,0,0,0,0
africarxiv,2020-02-15T22:00:19.355Z,0,0,0,0,0,0,0,0,0,0,0,0,0
jscpd,2018-12-17T04:29:34.793Z,0,0,0,0,0,0,0,0,0,0,0,0,0
statoscope,2021-03-10T23:25:18.271Z,0,0,0,0,0,0,0,0,0,12,9,1,2
statoscope,2021-03-10T23:25:18.271Z,0,0,0,0,0,0,0,0,0,12,9,1,2
mapstruct,2023-09-02T15:04:59.773Z,0,0,1,1,0,0,1,0,0,0,0,0,0
unocss,2023-05-05T16:26:42.958Z,0,0,0,0,0,0,0,0,0,0,0,0,0
mapstruct,2023-09-02T15:04:59.773Z,0,0,1,1,0,0,1,0,0,0,0,0,0
tbox,2021-10-21T02:50:50.692Z,0,0,0,0,0,0,0,0,0,0,0,0,0
larecipe,2019-03-14T08:02:11.849Z,0,0,0,0,0,0,0,0,0,0,0,0,0
offlineimap-organization,2019-12-07T18:11:14.503Z,0,0,0,0,0,0,0,0,0,0,0,0,0
safing-portmaster,2023-10-19T13:16:49.439Z,0,0,0,0,0,0,0,0,0,0,0,0,0
offlineimap-organization,2019-12-07T18:11:14.503Z,0,0,0,0,0,0,0,0,0,0,0,0,0
swup,2019-09-29T09:35:08.725Z,0,0,0,0,0,0,0,0,0,0,0,0,0
vifm,2022-05-24T15:54:34.171Z,0,0,0,0,0,0,0,0,0,0,0,0,0
frontmatter,2022-05-31T18:02:33.450Z,0,0,0,0,0,0,0,0,0,0,0,0,0
vuepress-theme-hope,2021-09-13T00:38:32.733Z,0,0,0,0,0,0,0,0,0,0,0,3,0
phoenix-ide,2023-07-17T13:59:53.677Z,0,0,1,0,0,0,3,0,0,0,1,0,1
emplea_do,2018-06-06T03:01:30.620Z,0,0,0,0,0,0,0,0,12,3,0,0,0
react-data-table-component,2021-07-13T21:49:09.704Z,0,0,0,0,0,0,0,0,0,0,0,0,0
vuepress-theme-hope,2021-09-13T00:38:32.733Z,0,0,0,0,0,0,0,0,0,0,0,3,0
emplea_do,2018-06-06T03:01:30.620Z,0,0,0,0,0,0,0,0,12,3,0,0,0
yii2-widgets,2020-12-16T00:13:42.418Z,0,0,0,0,0,0,0,0,0,0,0,0,0
selenium-jupiter,2019-09-16T17:47:57.584Z,0,0,0,0,0,0,0,0,0,0,0,0,0
phoenix-ide,2023-07-17T13:59:53.677Z,0,0,1,0,0,0,3,0,0,0,1,0,1
sophox,2022-12-01T01:43:20.448Z,0,0,0,0,0,0,0,0,0,0,0,0,0
yii2-widgets,2020-12-16T00:13:42.418Z,0,0,0,0,0,0,0,0,0,0,0,0,0
nodeca,2022-07-12T13:49:40.460Z,0,0,0,0,0,0,0,0,0,0,0,0,0
jailer,2020-12-22T09:28:14.102Z,0,0,0,0,0,0,0,0,0,0,0,0,0
pgrouting,2020-06-09T21:26:35.672Z,0,0,0,0,0,0,0,0,0,0,0,0,0
wireflow,2017-12-04T10:30:35.943Z,0,0,0,0,0,0,0,0,0,0,0,0,0
pyrogram,2021-10-15T06:14:24.667Z,0,0,0,0,0,0,0,0,0,0,0,0,0
wireflow,2017-12-04T10:30:35.943Z,0,0,0,0,0,0,0,0,0,0,0,0,0
dynamoid,2022-04-01T04:03:15.563Z,0,0,0,0,0,0,0,0,0,0,0,0,0
react-ace,2017-05-26T19:00:58.820Z,0,0,0,0,0,0,0,0,0,0,0,0,0
react-ace,2017-05-26T19:00:58.820Z,0,0,0,0,0,0,0,0,0,0,0,0,0
il-libro-open-source,2023-10-10T07:48:29.635Z,0,0,0,0,0,0,0,0,0,0,0,0,0
ffplayout,2023-06-16T14:07:10.762Z,0,0,0,0,0,0,0,0,0,0,0,0,0
games-on-whales,2024-06-13T01:59:31.511Z,0,0,0,0,0,0,0,0,0,0,0,0,0
wemake-python-styleguide,2019-07-04T12:36:55.325Z,1,0,0,0,0,1,0,0,0,1,0,0,0
wemake-python-styleguide,2019-07-04T12:36:55.325Z,1,0,0,0,0,1,0,0,0,1,0,0,0
rhash,2022-01-01T12:24:39.797Z,0,0,0,0,0,0,0,0,0,0,0,0,0
chrome-react-ai,2019-09-23T13:03:14.362Z,0,0,0,0,0,0,0,0,0,0,0,0,0
chrome-react-ai,2019-09-23T13:03:14.362Z,0,0,0,0,0,0,0,0,0,0,0,0,0
flutter_easy_localization,2020-04-29T08:31:58.273Z,0,0,0,0,0,0,0,0,0,0,0,0,0
open-chemistry,2018-12-21T14:35:14.711Z,0,0,0,0,0,0,0,0,0,0,0,0,0
iplug2,2022-10-04T14:14:48.091Z,0,0,0,0,0,0,0,0,0,0,0,0,0
open-chemistry,2018-12-21T14:35:14.711Z,0,0,0,0,0,0,0,0,0,0,0,0,0
iplug2,2022-10-04T14:14:48.091Z,0,0,0,0,0,0,0,0,0,0,0,0,0
sepheocoop,2024-09-17T15:50:58.756Z,0,0,0,0,0,0,0,0,0,0,0,0,0
respec,2019-09-15T01:45:58.876Z,0,0,0,0,0,0,0,0,0,0,0,0,0
googlecl,2021-07-06T19:55:29.008Z,0,0,0,0,0,0,0,0,0,0,0,0,0
eruda,2022-03-19T21:12:07.445Z,0,0,0,0,0,0,0,0,0,0,0,0,0
ant-design-blazor,2020-03-29T16:33:58.442Z,0,0,0,0,0,0,0,0,0,0,0,0,0
ant-design-blazor,2020-03-29T16:33:58.442Z,0,0,0,0,0,0,0,0,0,0,0,0,0
nodejs-mobile,2023-09-27T12:58:51.255Z,0,0,0,0,0,0,0,0,0,0,0,0,0
kube-hetzner,2023-04-24T18:02:32.840Z,0,0,0,0,0,0,0,0,0,0,0,0,0
memos,2023-03-08T17:50:25.661Z,0,0,0,0,0,0,0,0,0,0,0,0,0
nodejs-mobile,2023-09-27T12:58:51.255Z,0,0,0,0,0,0,0,0,0,0,0,0,0
swarmpit,2020-01-30T13:23:17.413Z,0,0,0,0,0,0,0,0,0,0,0,0,0
mudlet,2023-04-04T18:16:26.462Z,0,1,0,0,0,1,1,0,0,0,0,0,0
otree,2023-01-07T22:50:12.889Z,0,0,0,0,0,0,0,0,0,0,0,0,0
futurecoder,2021-02-09T18:39:25.121Z,0,0,0,0,0,0,0,0,0,0,0,0,0
futurecoder,2021-02-09T18:39:25.121Z,0,0,0,0,0,0,0,0,0,0,0,0,0
librepcb,2021-04-17T19:17:16.653Z,0,0,0,0,0,0,0,0,0,0,0,0,0
otree,2023-01-07T22:50:12.889Z,0,0,0,0,0,0,0,0,0,0,0,0,0
reqnroll,2024-04-15T09:13:42.137Z,0,0,0,0,0,0,0,0,0,0,0,0,0
spire,2021-05-24T15:24:18.865Z,0,0,0,0,0,0,0,0,0,0,0,0,0
spire,2021-05-24T15:24:18.865Z,0,0,0,0,0,0,0,0,0,0,0,0,0
mue,2022-11-02T18:21:53.746Z,0,0,0,0,0,0,0,0,0,0,0,6,0
reqnroll,2024-04-15T09:13:42.137Z,0,0,0,0,0,0,0,0,0,0,0,0,0
spire,2021-05-24T15:24:18.865Z,0,0,0,0,0,0,0,0,0,0,0,0,0
chaoss-africa,2023-05-04T16:04:26.507Z,0,0,0,0,0,0,0,0,0,0,0,0,0
reqnroll,2024-04-15T09:13:42.137Z,0,0,0,0,0,0,0,0,0,0,0,0,0
dexiejs,2023-04-20T10:14:43.728Z,0,0,0,0,0,0,0,1,1,0,0,0,0
gab,2020-08-11T00:17:35.050Z,0,0,0,0,0,0,0,0,0,0,0,0,0
handycontrol,2020-07-04T09:47:58.636Z,0,0,0,0,0,0,0,0,0,0,0,0,0
dockle,2019-07-23T13:39:07.936Z,0,0,0,0,0,0,0,0,0,0,0,0,0
bagisto,2019-04-29T10:04:34.901Z,0,0,0,0,0,0,0,0,0,0,0,0,0
datahike,2021-04-04T01:14:59.813Z,0,0,1,0,0,0,0,0,1,0,0,0,0
react-admin,2022-01-27T02:31:10.515Z,0,0,0,0,1,0,0,0,0,0,0,0,0
ya-webadb,2022-05-01T23:25:55.301Z,0,0,0,0,0,0,0,0,0,0,0,0,0
datahike,2021-04-04T01:14:59.813Z,0,0,1,0,0,0,0,0,1,0,0,0,0
imask,2019-07-26T11:14:11.957Z,0,0,0,0,0,0,0,0,0,0,0,0,0
blogmarks,2020-11-04T17:33:19.439Z,0,0,0,0,0,0,0,0,0,0,0,0,0
blogmarks,2020-11-04T17:33:19.439Z,0,0,0,0,0,0,0,0,0,0,0,0,0
ya-webadb,2022-05-01T23:25:55.301Z,0,0,0,0,0,0,0,0,0,0,0,0,0
koko-analytics,2022-08-17T13:08:54.894Z,0,0,0,0,0,0,0,0,0,0,0,0,0
jekyll-admin,2020-02-28T23:19:26.971Z,0,0,0,0,0,0,0,0,0,0,0,0,0
opencollective-oss,2017-08-05T18:48:10.517Z,0,0,0,0,0,0,0,0,0,0,0,0,0
openml,2021-10-02T20:03:05.613Z,0,0,0,0,0,0,0,0,0,0,0,0,0
opencannabis,2022-03-23T20:59:14.931Z,0,0,0,0,0,0,0,0,0,0,0,0,0
pest,2022-10-10T15:58:05.795Z,0,0,0,0,0,0,0,0,0,0,0,0,0
beawitching,2023-05-02T23:28:41.164Z,0,0,0,0,0,0,0,0,0,0,0,0,0
k2vr,2022-10-13T20:32:02.126Z,0,0,0,0,0,0,0,0,0,0,0,0,0
k2vr,2022-10-13T20:32:02.126Z,0,0,0,0,0,0,0,0,0,0,0,0,0
hpx,2021-06-11T01:51:42.122Z,0,0,0,0,0,0,0,0,0,0,0,0,0
beawitching,2023-05-02T23:28:41.164Z,0,0,0,0,0,0,0,0,0,0,0,0,0
opencannabis,2022-03-23T20:59:14.931Z,0,0,0,0,0,0,0,0,0,0,0,0,0
hpx,2021-06-11T01:51:42.122Z,0,0,0,0,0,0,0,0,0,0,0,0,0
commitizen-tools,2023-03-06T20:11:53.483Z,0,0,0,2,0,0,0,5,1,4,14,7,0
tidal-media-downloader,2021-07-10T04:11:07.164Z,0,0,0,0,0,0,0,0,0,0,0,0,0
castopod,2022-03-07T16:32:13.896Z,0,0,0,0,0,0,0,0,0,0,0,0,0
diskframe,2019-09-11T04:17:21.325Z,0,0,0,0,3,97,121,65,27,51,16,7,4
yamada-ui,2024-03-06T20:36:17.138Z,0,0,0,0,0,0,0,0,0,0,0,1,0
yamada-ui,2024-03-06T20:36:17.138Z,0,0,0,0,0,0,0,0,0,0,0,1,0
suneditor,2021-04-10T14:26:31.953Z,0,0,0,0,0,0,0,0,0,0,0,0,0
yamada-ui,2024-03-06T20:36:17.138Z,0,0,0,0,0,0,0,0,0,0,0,1,0
networkupstools,2023-02-02T16:01:25.119Z,0,0,0,0,0,0,0,0,0,0,0,0,0
sweetalert,2018-10-04T14:23:11.103Z,0,0,0,0,0,0,0,0,0,0,0,0,0
networkupstools,2023-02-02T16:01:25.119Z,0,0,0,0,0,0,0,0,0,0,0,0,0
gqless,2020-03-19T21:50:06.740Z,0,0,0,0,0,0,0,0,0,0,0,0,0
gqless,2020-03-19T21:50:06.740Z,0,0,0,0,0,0,0,0,0,0,0,0,0
sollumz,2024-11-04T22:05:20.772Z,0,0,1,0,0,0,0,0,0,0,0,0,0
umap,2023-08-16T15:56:52.817Z,0,0,0,0,0,0,0,0,0,0,0,0,0
umap,2023-08-16T15:56:52.817Z,0,0,0,0,0,0,0,0,0,0,0,0,0
typeorm-fixtures,2022-11-08T20:04:34.033Z,0,0,0,0,0,0,0,0,0,0,0,0,0
ueransim,2021-01-31T11:45:15.487Z,0,0,0,0,0,0,0,0,0,0,0,0,0
redmodding,2021-02-17T16:15:27.686Z,1,1,1,0,0,3,2,1,0,0,2,0,0
typeorm-fixtures,2022-11-08T20:04:34.033Z,0,0,0,0,0,0,0,0,0,0,0,0,0
jump,2022-04-05T19:49:40.197Z,0,0,0,0,0,0,0,0,0,0,0,0,0
apiato,2018-03-02T01:40:54.281Z,0,0,0,0,0,0,0,0,0,0,0,0,0
apiflask,2023-12-08T15:42:40.092Z,0,0,0,0,0,0,0,1,5,10,4,2,0
anotherredisdesktopmanager,2020-07-09T15:10:10.974Z,0,0,0,0,0,0,0,0,0,0,0,0,0
aedes,2020-02-13T22:09:38.530Z,0,0,0,0,0,0,0,0,0,1,0,0,0
anotherredisdesktopmanager,2020-07-09T15:10:10.974Z,0,0,0,0,0,0,0,0,0,0,0,0,0
coopcycle,2022-08-30T12:32:44.089Z,0,0,0,0,0,0,0,0,0,0,0,0,0
openseadragon,2021-05-20T18:59:27.893Z,0,0,0,0,0,0,0,0,0,0,0,0,0
coopcycle,2022-08-30T12:32:44.089Z,0,0,0,0,0,0,0,0,0,0,0,0,0
openseadragon,2021-05-20T18:59:27.893Z,0,0,0,0,0,0,0,0,0,0,0,0,0
coopcycle,2022-08-30T12:32:44.089Z,0,0,0,0,0,0,0,0,0,0,0,0,0
express-cassandra,2021-08-09T23:26:25.556Z,0,0,0,0,0,0,0,0,0,0,0,0,0
drogon,2023-04-08T18:15:01.838Z,0,0,0,0,0,0,0,0,0,0,1,0,1
express-cassandra,2021-08-09T23:26:25.556Z,0,0,0,0,0,0,0,0,0,0,0,0,0
cobbler,2023-04-24T18:04:05.687Z,0,0,0,0,0,0,1,0,0,0,0,0,0
westpa,2021-09-01T17:06:53.041Z,0,0,0,0,0,0,1,0,0,1,0,0,0
iconify,2024-04-20T18:20:11.886Z,0,0,0,0,0,0,0,0,0,0,0,0,0
iconify,2024-04-20T18:20:11.886Z,0,0,0,0,0,0,0,0,0,0,0,0,0
hadolint,2023-05-23T21:03:15.283Z,0,0,0,0,0,4,0,0,0,0,0,0,0
less,2020-03-06T11:34:25.144Z,0,0,0,0,0,0,0,0,0,5,12,0,0
iconify,2024-04-20T18:20:11.886Z,0,0,0,0,0,0,0,0,0,0,0,0,0
iconify,2024-04-20T18:20:11.886Z,0,0,0,0,0,0,0,0,0,0,0,0,0
less,2020-03-06T11:34:25.144Z,0,0,0,0,0,0,0,0,0,5,12,0,0
heylinda,2021-08-02T12:28:45.429Z,0,0,0,0,0,0,4,0,0,0,0,0,0
cupy,2023-12-03T10:39:03.122Z,0,0,0,0,0,0,0,0,0,0,0,0,0
cupy,2023-12-03T10:39:03.122Z,0,0,0,0,0,0,0,0,0,0,0,0,0
notesnook,2022-11-05T17:29:18.048Z,0,0,0,0,0,0,0,0,0,0,0,0,0
just-the-docs,2023-01-24T16:00:40.613Z,0,3,3,3,4,1,1,1,4,6,2,5,4
poliastro,2019-10-13T10:51:23.656Z,0,0,0,0,0,0,0,0,0,0,0,0,0
notesnook,2022-11-05T17:29:18.048Z,0,0,0,0,0,0,0,0,0,0,0,0,0
poliastro,2019-10-13T10:51:23.656Z,0,0,0,0,0,0,0,0,0,0,0,0,0
mathesar,2023-03-15T20:15:45.443Z,0,0,0,0,0,0,0,0,0,0,1,0,0
mathesar,2023-03-15T20:15:45.443Z,0,0,0,0,0,0,0,0,0,0,1,0,0
gacp,2020-02-22T21:25:17.059Z,0,0,0,0,0,0,0,0,0,1,0,0,0
univer,2023-12-26T03:21:20.578Z,0,0,0,0,0,0,0,0,0,0,0,0,0
blosc,2022-04-05T18:43:03.620Z,0,0,0,0,0,0,0,0,0,0,0,0,0
univer,2023-12-26T03:21:20.578Z,0,0,0,0,0,0,0,0,0,0,0,0,0
witchcraft,2019-02-14T03:41:55.032Z,0,0,0,0,0,0,0,0,0,0,0,0,0
django-import-export,2023-06-26T10:06:19.926Z,0,0,0,0,0,0,0,0,0,0,0,0,0
babybuddy,2021-09-25T21:57:49.734Z,0,0,0,0,0,0,0,0,0,0,0,0,0
vvvebjs,2019-04-10T09:29:08.146Z,0,0,0,0,0,0,0,0,0,0,0,0,0
vvvebjs,2019-04-10T09:29:08.146Z,0,0,0,0,0,0,0,0,0,0,0,0,0
vvvebjs,2019-04-10T09:29:08.146Z,0,0,0,0,0,0,0,0,0,0,0,0,0
spiral-collective,2021-04-05T05:11:42.706Z,11,11,18,6,6,9,6,2,6,4,8,5,1
dynamoose,2020-05-06T03:42:00.576Z,0,0,0,0,0,0,0,0,0,0,0,0,0
dynamoose,2020-05-06T03:42:00.576Z,0,0,0,0,0,0,0,0,0,0,0,0,0
dynamoose,2020-05-06T03:42:00.576Z,0,0,0,0,0,0,0,0,0,0,0,0,0
appium-device-farm,2024-05-05T09:45:22.490Z,0,0,0,1,0,0,0,1,0,0,0,0,0
appium-device-farm,2024-05-05T09:45:22.490Z,0,0,0,1,0,0,0,1,0,0,0,0,0
domino-ui,2024-02-22T15:25:19.493Z,0,0,0,0,0,0,0,0,0,0,0,0,0
instantos,2022-08-16T20:02:52.360Z,0,0,0,0,0,0,0,0,0,0,0,0,0
rustpython,2022-04-22T16:09:10.764Z,0,1,0,0,0,0,0,0,0,0,0,0,0
semantic-release,2021-05-06T15:34:23.381Z,0,0,0,0,0,0,0,0,0,0,0,0,0
rustpython,2022-04-22T16:09:10.764Z,0,1,0,0,0,0,0,0,0,0,0,0,0
codeowners-generator,2023-03-01T16:43:11.849Z,0,0,0,0,0,1,2,0,0,0,0,0,0
rust-battery,2019-06-04T07:57:59.235Z,0,0,0,0,0,0,0,0,0,0,0,0,0
saasfly,2024-04-19T15:11:29.449Z,0,0,0,0,1,5,34,15,3,7,3,6,0
codeowners-generator,2023-03-01T16:43:11.849Z,0,0,0,0,0,1,2,0,0,0,0,0,0
geostyler,2023-05-23T06:54:52.580Z,0,0,0,0,0,0,0,0,0,0,0,0,0
pmd,2021-03-01T18:12:03.269Z,0,1,0,0,0,0,1,0,0,0,0,0,0
breathe,2023-01-04T02:54:01.961Z,0,0,0,0,0,0,0,0,0,0,0,0,0
civic-tech-field-guide,2022-06-24T12:43:33.416Z,0,0,0,0,0,0,0,0,0,0,0,0,0
amogos,2021-08-12T20:08:35.183Z,0,0,0,0,0,0,0,0,0,0,0,0,0
deskreen,2021-01-19T08:22:26.873Z,0,0,0,0,0,0,0,0,0,0,0,0,0
pgai-collective,2024-03-21T00:30:30.998Z,0,0,0,0,0,0,0,0,0,0,0,0,0
pgai-collective,2024-03-21T00:30:30.998Z,0,0,0,0,0,0,0,0,0,0,0,0,0
apollo-elements,2021-02-01T10:52:33.831Z,0,0,0,0,0,0,0,0,0,0,0,0,0
apollo-elements,2021-02-01T10:52:33.831Z,0,0,0,0,0,0,0,0,0,0,0,0,0
postgres,2023-07-30T10:42:59.228Z,0,0,0,0,0,0,0,0,0,0,0,0,0
open-app-ecosystem,2020-02-14T15:11:07.723Z,0,0,0,0,0,0,0,0,0,0,0,0,0
mlpack,2022-04-05T20:16:09.166Z,0,0,0,0,0,0,0,1,0,0,0,0,0
color,2024-07-12T04:41:31.074Z,0,1,0,0,0,0,0,1,0,0,0,0,0
react-awesome-query-builder,2020-02-15T17:04:13.789Z,0,0,0,0,0,0,0,0,0,0,0,0,0
vue-material,2020-07-03T14:21:04.851Z,0,0,0,0,0,0,0,0,0,0,0,0,0
vue-material,2020-07-03T14:21:04.851Z,0,0,0,0,0,0,0,0,0,0,0,0,0
color,2024-07-12T04:41:31.074Z,0,1,0,0,0,0,0,1,0,0,0,0,0
django-crispy-forms,2023-11-28T18:40:25.644Z,0,0,0,0,0,0,0,0,0,0,0,0,0
xdebug,2020-07-17T09:03:33.686Z,0,0,0,0,0,0,0,0,0,0,0,0,0
sopel,2020-04-21T11:34:16.215Z,0,0,0,0,0,0,0,0,0,0,0,0,0
lycheeorg,2024-02-28T14:05:03.336Z,0,0,0,0,0,1,0,1,1,1,0,0,0
websockets,2024-02-28T14:11:54.585Z,0,0,3,0,3,0,0,0,0,0,0,0,0
lowdefy-os,2023-08-02T15:48:26.873Z,0,0,0,0,0,0,0,0,0,0,0,0,0
lycheeorg,2024-02-28T14:05:03.336Z,0,0,0,0,0,1,0,1,1,1,0,0,0
urduhack,2019-07-04T23:24:10.198Z,0,0,0,0,0,0,0,0,0,0,0,0,0
urduhack,2019-07-04T23:24:10.198Z,0,0,0,0,0,0,0,0,0,0,0,0,0
monotorrent,2020-02-03T15:58:10.734Z,0,0,0,0,0,0,0,0,0,0,0,0,0
doc-detective,2024-04-30T10:53:59.142Z,0,0,0,0,0,0,0,0,0,0,0,0,0
cspell,2022-02-13T18:20:27.413Z,5,5,9,6,6,6,9,9,7,9,4,2,1
revogrid,2022-08-15T13:07:11.927Z,0,0,0,0,0,0,0,0,0,0,0,0,0
revogrid,2022-08-15T13:07:11.927Z,0,0,0,0,0,0,0,0,0,0,0,0,0
cp-algorithms,2024-02-28T14:11:57.074Z,0,0,0,0,0,0,0,0,3,12,74,65,7
loadable,2019-04-22T15:58:55.186Z,36,37,12,22,15,17,18,11,11,6,5,11,3
revogrid,2022-08-15T13:07:11.927Z,0,0,0,0,0,0,0,0,0,0,0,0,0
vanilla-rtb,2018-10-14T18:49:54.863Z,0,0,0,0,0,0,0,0,0,0,0,0,0
prettier-eslint,2024-03-28T20:37:46.508Z,0,0,0,0,0,0,0,0,0,0,0,0,0
semaphore,2022-10-22T08:53:13.829Z,0,0,0,0,0,0,0,0,0,0,0,0,0
gfx-rs,2021-05-04T14:20:19.856Z,0,0,0,1,40,59,71,23,5,1,0,0,0
gfx-rs,2021-05-04T14:20:19.856Z,0,0,0,1,40,59,71,23,5,1,0,0,0
ngx-bootstrap,2019-04-15T11:00:58.396Z,0,0,0,0,0,0,0,0,0,0,0,0,0
ngx-bootstrap,2019-04-15T11:00:58.396Z,0,0,0,0,0,0,0,0,0,0,0,0,0
fre,2021-07-13T00:22:06.863Z,0,0,67,70,21,137,9,58,29,6,19,3,3
decap,2024-02-27T11:33:47.679Z,0,0,3,1,0,2,0,3,1,1,1,0,1
peerbit,2022-11-21T10:19:08.779Z,0,0,0,0,0,0,0,0,0,0,0,0,0
csstree,2024-09-03T13:45:57.174Z,0,0,0,0,0,0,0,0,0,0,0,0,0
csstree,2024-09-03T13:45:57.174Z,0,0,0,0,0,0,0,0,0,0,0,0,0
css-gg,2020-02-16T14:03:38.418Z,0,0,0,0,0,0,0,0,0,0,0,0,0
donut,2019-04-08T11:10:20.458Z,0,0,0,0,0,73,32,14,20,17,10,3,0
donut,2019-04-08T11:10:20.458Z,0,0,0,0,0,73,32,14,20,17,10,3,0
sled,2019-07-23T10:10:47.227Z,0,0,0,0,0,0,0,0,0,0,0,0,0
css-gg,2020-02-16T14:03:38.418Z,0,0,0,0,0,0,0,0,0,0,0,0,0
sled,2019-07-23T10:10:47.227Z,0,0,0,0,0,0,0,0,0,0,0,0,0
hydephp,2024-10-22T11:00:03.680Z,0,0,0,0,0,0,0,0,0,0,0,0,0
fluentvalidation,2022-12-25T15:04:55.591Z,0,0,0,0,0,0,0,0,0,0,0,0,0
hydephp,2024-10-22T11:00:03.680Z,0,0,0,0,0,0,0,0,0,0,0,0,0
actionshub,2023-05-15T08:42:15.223Z,0,0,0,0,0,0,0,0,0,0,0,0,0
fluentvalidation,2022-12-25T15:04:55.591Z,0,0,0,0,0,0,0,0,0,0,0,0,0
vue-tables-2,2019-11-20T18:23:59.044Z,0,0,0,0,0,0,0,0,0,0,0,0,0
javaparser,2023-11-22T05:53:27.922Z,0,0,0,0,0,0,0,0,0,0,0,0,1
javaparser,2023-11-22T05:53:27.922Z,0,0,0,0,0,0,0,0,0,0,0,0,1
php-service-bus,2019-08-02T19:50:14.265Z,0,0,0,0,0,0,0,0,0,0,0,0,0
opennox,2022-10-13T08:42:45.528Z,0,0,0,0,0,0,0,1,0,0,0,0,0
php-service-bus,2019-08-02T19:50:14.265Z,0,0,0,0,0,0,0,0,0,0,0,0,0
kstatemachine,2024-07-05T10:06:28.146Z,0,0,0,0,0,0,0,0,0,0,0,0,0
mariadb4j,2023-05-11T15:05:14.870Z,0,0,0,0,0,0,0,0,0,0,0,0,0
plyr,2020-03-14T10:37:59.710Z,0,0,0,0,0,0,0,0,0,0,0,0,0
plyr,2020-03-14T10:37:59.710Z,0,0,0,0,0,0,0,0,0,0,0,0,0
raspbernetes,2020-08-03T00:50:28.876Z,0,0,0,0,0,0,0,0,0,0,0,0,0
raspbernetes,2020-08-03T00:50:28.876Z,0,0,0,0,0,0,0,0,0,0,0,0,0
organilab,2024-08-02T14:24:35.371Z,0,0,0,0,0,0,0,0,0,0,0,0,0
simply,2022-02-17T05:54:27.338Z,0,0,0,0,0,0,0,0,0,0,0,0,0
simply,2022-02-17T05:54:27.338Z,0,0,0,0,0,0,0,0,0,0,0,0,0
pion,2025-01-07T15:21:48.527Z,0,0,0,0,0,0,0,0,0,0,0,0,0
playfulprogramming,2024-02-22T21:05:48.837Z,0,0,0,0,0,0,0,0,0,0,0,0,0
the-katzenpost-software-project,2019-02-18T14:54:26.400Z,0,0,0,0,0,0,0,0,0,0,0,0,0
ohmyform-sustainability,2020-06-16T07:34:54.714Z,0,0,0,0,0,0,0,0,0,0,0,0,0
ohmyform-sustainability,2020-06-16T07:34:54.714Z,0,0,0,0,0,0,0,0,0,0,0,0,0
nodebook,2019-04-28T16:20:25.614Z,0,0,0,0,0,0,0,0,0,0,0,0,0
nodebook,2019-04-28T16:20:25.614Z,0,0,0,0,0,0,0,0,0,0,0,0,0
react-calendar,2020-06-03T17:03:19.219Z,0,0,0,0,0,0,0,0,0,0,0,0,0
react-calendar,2020-06-03T17:03:19.219Z,0,0,0,0,0,0,0,0,0,0,0,0,0
coronatracker,2020-04-21T22:28:37.448Z,0,0,0,0,0,0,0,0,0,0,0,0,0
pep8speaks,2021-06-15T04:15:40.695Z,0,0,0,0,0,0,0,0,0,0,0,0,0
the-katzenpost-software-project,2019-02-18T14:54:26.400Z,0,0,0,0,0,0,0,0,0,0,0,0,0
rspamd_project,2019-06-27T07:47:37.382Z,0,0,0,0,0,0,0,0,0,0,0,0,0
slideshowp2,2019-11-13T08:08:16.302Z,0,0,0,0,0,0,0,0,0,0,0,0,0
ng-web-apis,2021-07-13T16:03:22.564Z,0,0,0,0,0,0,0,0,0,0,0,0,0
electerm,2023-09-25T19:41:54.627Z,0,0,0,0,0,0,0,0,0,0,0,0,0
ng-web-apis,2021-07-13T16:03:22.564Z,0,0,0,0,0,0,0,0,0,0,0,0,0
jaeles-project,2019-12-01T17:37:53.784Z,0,0,0,0,0,0,0,0,0,0,0,0,0
open-research-calendar,2022-10-01T23:25:38.762Z,0,0,0,0,0,0,0,0,0,0,0,0,0
educode,2019-09-02T16:55:03.932Z,0,0,0,0,0,0,0,0,0,0,0,0,0
contribkanban,2019-06-04T01:24:03.006Z,0,0,0,0,0,0,0,0,0,0,0,0,0
contribkanban,2019-06-04T01:24:03.006Z,0,0,0,0,0,0,0,0,0,0,0,0,0
stacer,2019-11-22T17:38:32.162Z,0,0,0,0,0,0,0,0,0,0,0,0,0
educode,2019-09-02T16:55:03.932Z,0,0,0,0,0,0,0,0,0,0,0,0,0
jaeles-project,2019-12-01T17:37:53.784Z,0,0,0,0,0,0,0,0,0,0,0,0,0
contribkanban,2019-06-04T01:24:03.006Z,0,0,0,0,0,0,0,0,0,0,0,0,0
nthumods,2024-09-02T00:23:52.022Z,0,0,0,0,0,0,0,0,0,0,0,0,0
verso,2024-09-03T14:28:46.156Z,0,0,0,0,0,0,0,0,0,0,0,0,0
toybox,2022-05-06T02:24:15.211Z,0,0,0,0,0,0,0,0,0,0,0,0,0
syspass,2022-04-28T08:50:25.111Z,0,0,0,0,0,0,0,0,0,0,0,0,0
oapi-codegen,2024-09-20T04:22:32.717Z,0,0,0,0,0,0,1,0,0,0,0,0,0
wenyan-lang,2020-02-08T20:07:49.855Z,0,0,0,0,0,0,0,0,0,0,0,0,0
oxygenjl,2024-05-27T15:34:47.480Z,0,0,11,16,9,12,4,9,0,0,5,5,1
syspass,2022-04-28T08:50:25.111Z,0,0,0,0,0,0,0,0,0,0,0,0,0
oxygenjl,2024-05-27T15:34:47.480Z,0,0,11,16,9,12,4,9,0,0,5,5,1
oapi-codegen,2024-09-20T04:22:32.717Z,0,0,0,0,0,0,1,0,0,0,0,0,0
gridjs,2021-01-06T21:00:37.030Z,0,0,0,0,0,0,0,0,0,0,0,0,0
oapi-codegen,2024-09-20T04:22:32.717Z,0,0,0,0,0,0,1,0,0,0,0,0,0
oapi-codegen,2024-09-20T04:22:32.717Z,0,0,0,0,0,0,1,0,0,0,0,0,0
toybox,2022-05-06T02:24:15.211Z,0,0,0,0,0,0,0,0,0,0,0,0,0
ihateregex,2020-02-17T12:07:51.308Z,0,0,0,0,0,0,0,0,0,0,0,0,0
intellij-elixir,2019-07-04T10:05:00.056Z,0,0,0,0,0,0,0,0,0,0,0,0,0
material-table,2019-12-06T02:02:24.377Z,0,0,0,0,0,0,0,0,0,0,0,0,0
camelot,2020-01-09T18:52:36.257Z,0,0,0,0,0,0,0,0,0,0,0,0,0
gapstyle,2022-02-13T16:03:49.042Z,0,0,0,0,0,0,0,0,0,0,0,0,0
aflpluspluseu,2021-06-12T01:02:28.307Z,0,1,0,0,0,6,8,0,0,0,0,0,0
cloudcmd,2017-09-22T13:12:52.750Z,0,0,0,0,0,0,0,0,0,0,0,0,0
camelot,2020-01-09T18:52:36.257Z,0,0,0,0,0,0,0,0,0,0,0,0,0
aflpluspluseu,2021-06-12T01:02:28.307Z,0,1,0,0,0,6,8,0,0,0,0,0,0
gapstyle,2022-02-13T16:03:49.042Z,0,0,0,0,0,0,0,0,0,0,0,0,0
twtxt,2021-02-21T15:47:14.857Z,0,0,0,0,0,0,0,0,0,0,0,0,0
material-table,2019-12-06T02:02:24.377Z,0,0,0,0,0,0,0,0,0,0,0,0,0
jest-puppeteer,2018-09-26T15:52:09.938Z,0,0,0,0,2,7,19,0,16,12,9,8,4
logchimp,2021-07-20T19:08:32.616Z,0,0,0,0,0,8,11,7,8,18,14,2,0
mdanalysis,2022-04-05T20:12:43.276Z,0,0,0,0,0,0,0,0,0,0,1,0,0
frontpage,2024-10-24T23:06:09.659Z,0,0,0,0,1,0,0,0,0,0,0,0,0
frontpage,2024-10-24T23:06:09.659Z,0,0,0,0,1,0,0,0,0,0,0,0,0
snabbdom,2020-09-06T00:11:57.528Z,0,0,0,0,0,0,0,0,0,0,0,0,0
mdanalysis,2022-04-05T20:12:43.276Z,0,0,0,0,0,0,0,0,0,0,1,0,0
snabbdom,2020-09-06T00:11:57.528Z,0,0,0,0,0,0,0,0,0,0,0,0,0
frontpage,2024-10-24T23:06:09.659Z,0,0,0,0,1,0,0,0,0,0,0,0,0
bbchallenge,2024-09-12T14:43:56.913Z,0,0,0,0,0,0,0,0,0,0,0,0,0
korge,2020-01-23T06:23:55.301Z,0,0,0,0,0,0,0,0,0,0,0,0,0
cadmium,2020-01-11T13:33:56.676Z,0,0,0,0,0,0,0,0,0,0,0,0,0
react-design-editor,2019-12-06T04:43:58.782Z,0,0,0,0,0,0,0,0,0,0,0,0,0
openms,2021-06-11T01:53:34.360Z,0,0,0,0,0,0,0,0,0,0,0,0,0
sgkit,2022-10-26T19:43:33.226Z,0,0,0,0,0,0,0,0,0,0,0,0,0
sgkit,2022-10-26T19:43:33.226Z,0,0,0,0,0,0,0,0,0,0,0,0,0
orangopus,2019-08-03T15:43:54.433Z,0,0,0,0,0,0,0,0,0,0,0,0,0
enraged-rabbit-community,2024-07-25T22:16:49.243Z,0,0,0,0,0,0,0,0,0,0,0,0,0
orangopus,2019-08-03T15:43:54.433Z,0,0,0,0,0,0,0,0,0,0,0,0,0
oi-wiki,2020-10-19T09:07:21.746Z,0,0,0,0,0,0,0,0,0,0,0,0,0
sgkit,2022-10-26T19:43:33.226Z,0,0,0,0,0,0,0,0,0,0,0,0,0
enraged-rabbit-community,2024-07-25T22:16:49.243Z,0,0,0,0,0,0,0,0,0,0,0,0,0
enraged-rabbit-community,2024-07-25T22:16:49.243Z,0,0,0,0,0,0,0,0,0,0,0,0,0
orangopus,2019-08-03T15:43:54.433Z,0,0,0,0,0,0,0,0,0,0,0,0,0
drupalnj,2022-06-06T20:57:04.148Z,0,0,0,0,0,0,0,0,0,0,0,0,0
cglm,2020-06-06T08:58:38.362Z,0,0,0,0,0,0,0,0,0,0,0,0,0
casdoor,2023-09-25T19:41:11.489Z,0,0,0,0,0,0,0,0,0,0,0,0,0
heti,2022-06-18T17:42:22.049Z,0,0,0,0,0,0,0,0,0,0,0,0,0
heti,2022-06-18T17:42:22.049Z,0,0,0,0,0,0,0,0,0,0,0,0,0
cglm,2020-06-06T08:58:38.362Z,0,0,0,0,0,0,0,0,0,0,0,0,0
code-for-dayton,2023-11-07T23:56:41.226Z,0,0,0,0,0,0,0,0,0,0,0,0,0
code-for-dayton,2023-11-07T23:56:41.226Z,0,0,0,0,0,0,0,0,0,0,0,0,0
moonshine,2023-06-29T18:40:35.790Z,0,0,0,0,0,0,0,0,0,0,0,0,0
moonshine,2023-06-29T18:40:35.790Z,0,0,0,0,0,0,0,0,0,0,0,0,0
bootscore,2023-09-27T10:22:12.118Z,0,0,0,0,0,0,0,0,0,0,0,0,0
fayettevillejs,2020-01-21T02:32:21.735Z,0,0,0,0,0,0,0,0,0,0,0,0,0
tone-row,2021-05-10T20:10:33.637Z,0,0,0,0,0,0,0,0,0,0,0,0,0
heti,2022-06-18T17:42:22.049Z,0,0,0,0,0,0,0,0,0,0,0,0,0
fayettevillejs,2020-01-21T02:32:21.735Z,0,0,0,0,0,0,0,0,0,0,0,0,0
moonshine,2023-06-29T18:40:35.790Z,0,0,0,0,0,0,0,0,0,0,0,0,0
tone-row,2021-05-10T20:10:33.637Z,0,0,0,0,0,0,0,0,0,0,0,0,0
tone-row,2021-05-10T20:10:33.637Z,0,0,0,0,0,0,0,0,0,0,0,0,0
fritzing,2019-07-04T06:31:14.332Z,0,0,0,0,0,0,0,0,0,0,0,0,0
pixi-viewport,2021-11-11T15:13:45.280Z,0,0,0,0,0,0,0,0,0,0,0,0,0
tesseractjs,2019-11-27T06:09:35.242Z,0,0,0,0,0,0,0,0,0,0,0,0,0
openstf,2019-06-28T06:17:04.872Z,0,0,0,0,0,0,0,0,0,0,0,0,0
utopia-project,2024-10-17T20:48:00.388Z,33,78,48,238,2,1,88,151,5,81,175,40,4
openandroidinstaller,2023-08-04T15:47:12.343Z,0,0,0,0,0,0,0,0,0,0,0,0,0
hoplon,2019-07-07T14:29:33.460Z,0,0,0,0,0,0,0,0,0,0,0,0,0
openstf,2019-06-28T06:17:04.872Z,0,0,0,0,0,0,0,0,0,0,0,0,0
hoplon,2019-07-07T14:29:33.460Z,0,0,0,0,0,0,0,0,0,0,0,0,0
mewsfeed,2023-04-11T15:48:31.024Z,0,0,0,0,0,0,0,0,0,0,0,0,0
cpeditor,2021-04-01T11:12:24.433Z,0,0,0,0,0,0,0,0,3,0,1,1,0
hoplon,2019-07-07T14:29:33.460Z,0,0,0,0,0,0,0,0,0,0,0,0,0
select2,2019-12-14T22:21:27.586Z,0,0,1,0,0,0,0,0,0,0,0,0,0
renative,2019-08-23T18:16:07.632Z,0,0,0,0,0,0,0,0,0,0,0,0,0
profile-md,2022-02-07T21:54:01.680Z,0,0,0,0,0,0,0,0,0,0,0,0,0
utopia-project,2024-10-17T20:48:00.388Z,33,78,48,238,2,1,88,151,5,81,175,40,4
expand,2019-05-28T08:01:12.112Z,0,0,0,0,0,0,0,0,0,0,0,0,0
profile-md,2022-02-07T21:54:01.680Z,0,0,0,0,0,0,0,0,0,0,0,0,0
expand,2019-05-28T08:01:12.112Z,0,0,0,0,0,0,0,0,0,0,0,0,0
libreplan,2024-08-02T13:34:23.538Z,0,0,0,0,0,0,0,0,0,0,0,0,0
renative,2019-08-23T18:16:07.632Z,0,0,0,0,0,0,0,0,0,0,0,0,0
sfml,2024-10-03T16:43:14.598Z,0,0,0,0,0,0,0,0,0,0,0,0,0
profile-md,2022-02-07T21:54:01.680Z,0,0,0,0,0,0,0,0,0,0,0,0,0
vue-facing-decorator,2023-08-14T06:20:31.683Z,0,0,0,0,0,0,0,0,0,0,0,0,0
ng-matero,2020-02-05T02:59:24.724Z,0,0,0,0,0,0,0,0,0,0,0,0,0
deep-cover,2021-07-08T09:26:34.383Z,0,0,0,0,0,0,0,0,0,0,0,0,0
leafletglify,2020-11-09T13:48:53.840Z,0,0,0,0,0,0,0,0,0,0,0,0,0
ngx-scrollbar,2019-08-26T01:32:48.851Z,0,0,0,0,0,0,0,0,0,0,0,0,0
lukehaas,2024-06-03T13:34:56.943Z,0,0,0,0,0,0,0,0,0,0,0,0,0
ng-matero,2020-02-05T02:59:24.724Z,0,0,0,0,0,0,0,0,0,0,0,0,0
powernukkit,2021-02-13T01:48:16.059Z,0,0,0,0,0,0,0,0,0,0,0,0,0
pikepdf,2021-07-26T13:20:34.318Z,0,0,0,0,0,0,0,0,0,0,0,0,0
leafletglify,2020-11-09T13:48:53.840Z,0,0,0,0,0,0,0,0,0,0,0,0,0
aframe,2024-11-22T20:27:48.276Z,0,0,0,0,0,0,0,0,0,0,0,0,0
aspnetcore-developer-roadmap,2019-04-01T12:37:04.134Z,0,0,0,0,0,0,0,0,0,0,0,0,0
bodymovin-extension,2021-01-06T21:05:06.048Z,0,0,0,0,0,65,7,5,8,2,9,6,1
cantera,2022-04-05T18:47:04.498Z,0,0,0,0,0,0,0,0,0,0,0,0,0
mkdocs,2023-08-29T15:37:49.267Z,0,0,0,0,0,1,0,0,0,0,0,0,0
aframe,2024-11-22T20:27:48.276Z,0,0,0,0,0,0,0,0,0,0,0,0,0
extenject,2018-08-17T08:24:51.603Z,1,29,21,32,108,59,84,60,45,9,1,7,21
cantera,2022-04-05T18:47:04.498Z,0,0,0,0,0,0,0,0,0,0,0,0,0
deck-of-cards,2019-06-02T21:01:29.038Z,0,0,0,0,0,0,0,0,0,0,0,0,0
bowser,2020-02-02T23:50:03.414Z,0,0,0,0,6,23,3,2,2,4,6,13,0
formily,2020-01-02T05:23:05.486Z,0,1,0,0,0,2,0,0,0,0,0,0,0
deck-of-cards,2019-06-02T21:01:29.038Z,0,0,0,0,0,0,0,0,0,0,0,0,0
formily,2020-01-02T05:23:05.486Z,0,1,0,0,0,2,0,0,0,0,0,0,0
deck-of-cards,2019-06-02T21:01:29.038Z,0,0,0,0,0,0,0,0,0,0,0,0,0
extenject,2018-08-17T08:24:51.603Z,1,29,21,32,108,59,84,60,45,9,1,7,21
countries-states-cities,2020-09-18T22:32:57.059Z,0,0,0,0,0,0,0,0,0,0,0,0,0
formily,2020-01-02T05:23:05.486Z,0,1,0,0,0,2,0,0,0,0,0,0,0
inure,2023-02-02T05:07:13.813Z,0,0,0,0,0,0,0,0,0,0,0,0,0
jsstore,2020-05-16T11:14:04.256Z,0,0,0,0,0,0,0,0,0,0,0,0,0
unikraft,2024-10-23T20:36:24.115Z,0,0,0,0,0,0,0,0,0,0,0,0,0
inure,2023-02-02T05:07:13.813Z,0,0,0,0,0,0,0,0,0,0,0,0,0
supabase-php,2022-12-12T20:26:41.542Z,0,0,0,0,0,0,5,0,0,0,0,0,0
inure,2023-02-02T05:07:13.813Z,0,0,0,0,0,0,0,0,0,0,0,0,0
alovoa,2023-01-14T19:56:18.740Z,0,0,0,0,3,0,4,0,0,0,0,0,0
wangeditor,2022-07-19T16:35:44.590Z,0,0,0,0,0,0,0,0,0,0,0,0,0
presentator,2022-10-31T15:17:36.966Z,0,0,0,0,0,0,0,0,0,0,0,0,0
presentator,2022-10-31T15:17:36.966Z,0,0,0,0,0,0,0,0,0,0,0,0,0
wangeditor,2022-07-19T16:35:44.590Z,0,0,0,0,0,0,0,0,0,0,0,0,0
stump,2022-10-07T16:46:44.505Z,0,0,0,30,23,58,37,4,0,1,5,12,0
stump,2022-10-07T16:46:44.505Z,0,0,0,30,23,58,37,4,0,1,5,12,0
supabase-php,2022-12-12T20:26:41.542Z,0,0,0,0,0,0,5,0,0,0,0,0,0
rtklib-demo5,2021-11-25T11:13:40.041Z,0,0,0,0,0,0,0,0,0,0,0,0,0
wangeditor,2022-07-19T16:35:44.590Z,0,0,0,0,0,0,0,0,0,0,0,0,0
jsstore,2020-05-16T11:14:04.256Z,0,0,0,0,0,0,0,0,0,0,0,0,0
cocash,2022-02-19T17:21:43.292Z,0,0,0,0,0,0,0,0,0,0,0,0,0
libplacebo,2021-01-05T21:09:36.285Z,0,0,0,0,2,0,0,0,0,0,0,0,0
reia,2024-06-21T21:22:12.643Z,0,0,0,0,0,0,0,4,2,0,4,0,0
gephi,2023-09-13T13:03:38.310Z,0,0,0,0,0,0,0,0,0,0,0,0,0
cocash,2022-02-19T17:21:43.292Z,0,0,0,0,0,0,0,0,0,0,0,0,0
libplacebo,2021-01-05T21:09:36.285Z,0,0,0,0,2,0,0,0,0,0,0,0,0
evershopcommerce,2024-05-10T07:50:39.332Z,0,0,0,0,0,0,0,0,0,0,0,0,0
doocs-leetcode,2019-09-28T19:28:04.379Z,0,0,0,0,0,0,0,0,0,0,0,0,0
esp-rfid,2021-03-19T22:27:46.337Z,0,0,0,0,0,0,0,0,0,0,0,0,0
cocash,2022-02-19T17:21:43.292Z,0,0,0,0,0,0,0,0,0,0,0,0,0
react-date-picker,2018-10-27T18:09:21.519Z,0,0,0,0,0,0,0,0,0,0,0,0,0
bioicons,2024-04-18T09:47:24.557Z,0,0,0,0,0,0,0,0,0,0,0,0,0
drill,2019-06-17T18:52:06.772Z,0,0,0,0,0,0,0,0,0,0,0,0,0
doocs-leetcode,2019-09-28T19:28:04.379Z,0,0,0,0,0,0,0,0,0,0,0,0,0
evershopcommerce,2024-05-10T07:50:39.332Z,0,0,0,0,0,0,0,0,0,0,0,0,0
evershopcommerce,2024-05-10T07:50:39.332Z,0,0,0,0,0,0,0,0,0,0,0,0,0
psake,2024-10-07T20:25:24.807Z,0,0,0,0,0,0,0,0,0,0,0,0,0
psake,2024-10-07T20:25:24.807Z,0,0,0,0,0,0,0,0,0,0,0,0,0
mongodb-memory-server,2020-12-21T01:11:12.286Z,0,0,0,0,0,0,0,0,0,0,0,0,0
androidlocalizeplugin,2022-09-30T10:18:17.992Z,0,0,0,0,0,3,2,0,3,0,3,0,1
androidlocalizeplugin,2022-09-30T10:18:17.992Z,0,0,0,0,0,3,2,0,3,0,3,0,1
lucialand,2021-06-25T12:26:26.847Z,0,0,0,0,0,0,0,0,0,0,0,0,0
bundle,2022-03-14T19:24:48.229Z,0,0,0,0,0,0,0,0,0,0,0,0,0
onedark-pro,2021-07-06T14:56:57.118Z,0,0,0,0,0,0,0,0,0,0,0,0,0
techup,2021-08-09T06:45:22.321Z,0,0,0,0,0,0,0,0,0,0,0,0,0
mocked-api-os,2023-02-03T15:28:45.775Z,0,0,0,0,0,0,0,0,0,0,0,0,0
pyparsing,2024-07-18T07:17:42.032Z,0,0,0,0,0,0,0,0,0,0,0,0,0
mongodb-memory-server,2020-12-21T01:11:12.286Z,0,0,0,0,0,0,0,0,0,0,0,0,0
cezerin2,2019-05-13T05:32:30.062Z,0,0,0,0,0,0,0,0,0,0,0,0,0
techup,2021-08-09T06:45:22.321Z,0,0,0,0,0,0,0,0,0,0,0,0,0
onedark-pro,2021-07-06T14:56:57.118Z,0,0,0,0,0,0,0,0,0,0,0,0,0
techup,2021-08-09T06:45:22.321Z,0,0,0,0,0,0,0,0,0,0,0,0,0
mongodb-memory-server,2020-12-21T01:11:12.286Z,0,0,0,0,0,0,0,0,0,0,0,0,0
bundle,2022-03-14T19:24:48.229Z,0,0,0,0,0,0,0,0,0,0,0,0,0
bundle,2022-03-14T19:24:48.229Z,0,0,0,0,0,0,0,0,0,0,0,0,0
botamusique,2021-09-13T21:19:45.415Z,0,0,0,0,0,0,0,0,0,0,0,0,0
vue-functional-calendar,2021-07-14T22:47:01.624Z,0,0,0,0,0,0,0,0,0,0,0,0,0
confuserex,2019-11-07T19:54:30.737Z,0,0,0,0,0,0,0,0,0,0,0,0,0
vue-functional-calendar,2021-07-14T22:47:01.624Z,0,0,0,0,0,0,0,0,0,0,0,0,0
cert-manager,2022-06-13T22:03:51.501Z,0,0,0,0,0,0,0,0,0,0,0,0,0
octobercms,2019-07-03T10:15:14.967Z,0,0,0,1,0,0,0,0,0,0,0,0,0
vue-functional-calendar,2021-07-14T22:47:01.624Z,0,0,0,0,0,0,0,0,0,0,0,0,0
goodwork,2020-04-15T20:30:35.667Z,0,0,0,0,0,0,0,0,0,0,0,0,0
vue-functional-calendar,2021-07-14T22:47:01.624Z,0,0,0,0,0,0,0,0,0,0,0,0,0
restsharp,2021-12-13T19:29:09.775Z,0,6,0,0,7,0,3,5,4,7,1,3,5
botamusique,2021-09-13T21:19:45.415Z,0,0,0,0,0,0,0,0,0,0,0,0,0
efqrcode,2017-12-14T06:41:55.230Z,0,0,0,0,0,0,0,0,0,0,0,0,0
spotmenu,2019-10-08T00:49:34.761Z,0,0,0,0,0,0,0,0,0,0,0,0,0
octobercms,2019-07-03T10:15:14.967Z,0,0,0,1,0,0,0,0,0,0,0,0,0
goodwork,2020-04-15T20:30:35.667Z,0,0,0,0,0,0,0,0,0,0,0,0,0
confuserex,2019-11-07T19:54:30.737Z,0,0,0,0,0,0,0,0,0,0,0,0,0
libhydrogen,2020-06-05T05:32:11.461Z,0,0,0,0,0,0,0,0,0,0,0,0,0
spaceship-prompt,2022-01-15T10:46:04.415Z,0,1,0,3,0,3,0,0,0,1,2,2,0
broadband-institute,2022-03-29T20:08:14.858Z,0,0,0,0,0,0,0,0,0,0,0,0,0
augmented-ui,2019-09-25T18:14:45.096Z,0,0,0,0,0,0,0,0,0,0,0,0,0
spaceship-prompt,2022-01-15T10:46:04.415Z,0,1,0,3,0,3,0,0,0,1,2,2,0
devlopr-jekyll,2020-05-08T15:56:01.297Z,0,0,0,0,0,0,0,0,0,0,0,0,0
sweet-alert,2020-09-15T16:24:19.968Z,0,0,0,0,0,0,0,0,0,0,0,0,0
libhydrogen,2020-06-05T05:32:11.461Z,0,0,0,0,0,0,0,0,0,0,0,0,0
devlopr-jekyll,2020-05-08T15:56:01.297Z,0,0,0,0,0,0,0,0,0,0,0,0,0
sweet-alert,2020-09-15T16:24:19.968Z,0,0,0,0,0,0,0,0,0,0,0,0,0
spaceship-prompt,2022-01-15T10:46:04.415Z,0,1,0,3,0,3,0,0,0,1,2,2,0
guiscrcpy,2021-04-12T16:26:57.193Z,0,0,0,0,0,0,0,0,0,0,0,0,0
flyimg,2024-05-22T22:29:49.055Z,0,0,0,0,0,0,0,0,0,0,13,0,0
indigenamarket,2022-02-21T00:28:18.975Z,0,0,0,0,0,0,0,0,0,0,0,0,0
knowlo,2020-02-01T21:55:05.552Z,0,0,0,0,0,0,0,0,0,0,0,0,0
vite-electron-builder,2021-08-03T02:20:46.404Z,0,0,0,0,0,0,0,0,0,0,0,0,0
openrpc,2020-09-10T01:46:38.044Z,0,0,0,0,0,0,0,0,0,0,0,0,0
node-argon2,2021-08-14T07:04:21.598Z,0,0,0,0,0,0,0,0,0,0,0,0,0
keyshade,2024-04-24T19:54:14.123Z,0,0,0,0,0,0,0,0,0,0,0,0,0
teamo1,2019-02-07T19:02:59.540Z,0,0,0,0,0,0,0,0,0,0,0,0,0
schedule-x,2024-07-03T10:18:43.995Z,0,0,0,0,0,0,0,0,0,0,0,1,0
laravel-mongodb,2019-07-18T14:01:46.017Z,0,0,0,0,0,1,0,0,11,36,16,3,3
anndatar,2024-07-24T14:37:55.820Z,0,0,0,0,0,0,0,0,0,0,1,0,0
bluez,2024-01-25T17:48:20.036Z,0,0,0,0,0,0,0,0,0,0,0,0,0
mllaunchpad,2019-12-05T09:18:57.291Z,0,0,0,0,0,0,0,0,0,0,0,0,0
quinn-rs,2024-03-22T21:21:44.708Z,0,1,2,1,0,1,0,3,0,0,0,0,0
jsts,2021-05-30T15:56:13.732Z,0,0,0,0,0,0,0,0,0,0,0,0,0
circuitverse,2020-05-12T18:32:08.035Z,0,0,0,0,0,0,0,0,0,0,0,0,0
scanapi,2021-12-14T22:31:59.958Z,0,2,1,0,0,0,0,0,0,0,0,0,1
python-sortedcontainers,2019-01-24T04:54:47.271Z,0,0,0,0,0,0,0,0,0,0,0,0,0
python-sortedcontainers,2019-01-24T04:54:47.271Z,0,0,0,0,0,0,0,0,0,0,0,0,0
bluez,2024-01-25T17:48:20.036Z,0,0,0,0,0,0,0,0,0,0,0,0,0
automatio,2024-07-24T20:06:58.063Z,0,0,0,0,0,0,0,0,0,0,0,0,0
mllaunchpad,2019-12-05T09:18:57.291Z,0,0,0,0,0,0,0,0,0,0,0,0,0
rgeo,2024-10-15T00:56:43.686Z,0,0,0,0,0,0,0,0,0,0,0,0,0
circuitverse,2020-05-12T18:32:08.035Z,0,0,0,0,0,0,0,0,0,0,0,0,0
quinn-rs,2024-03-22T21:21:44.708Z,0,1,2,1,0,1,0,3,0,0,0,0,0
azerothcore,2020-08-09T18:17:35.271Z,0,0,0,0,0,0,0,0,0,0,0,0,0
mllaunchpad,2019-12-05T09:18:57.291Z,0,0,0,0,0,0,0,0,0,0,0,0,0
rgeo,2024-10-15T00:56:43.686Z,0,0,0,0,0,0,0,0,0,0,0,0,0
setup-php,2021-07-15T15:57:59.875Z,0,0,0,0,0,0,0,0,0,0,0,0,0
setup-php,2021-07-15T15:57:59.875Z,0,0,0,0,0,0,0,0,0,0,0,0,0
coughcheckapp,2020-04-10T09:26:18.109Z,0,0,0,0,0,0,0,0,0,0,0,0,0
formatjs,2022-08-08T09:25:26.399Z,0,0,0,0,0,0,1,0,0,0,0,0,0
microcks,2023-11-28T18:42:32.801Z,0,0,0,0,0,0,0,0,0,0,0,0,0
pytables,2022-04-05T20:29:14.359Z,0,0,0,0,0,0,0,0,0,0,0,0,0
project-atlantis,2022-09-07T23:08:12.151Z,0,0,0,0,0,0,0,0,0,0,0,0,0
cloudmusic-vscode,2021-03-29T01:26:08.806Z,0,0,0,0,0,0,0,0,0,0,0,0,0
sched-ext,2024-11-22T20:28:52.938Z,0,0,0,0,0,0,0,0,0,0,1,0,1
azerothcore,2020-08-09T18:17:35.271Z,0,0,0,0,0,0,0,0,0,0,0,0,0
sinuous,2020-02-01T17:16:20.606Z,0,0,0,0,0,0,0,0,0,0,0,0,0
libgit2,2024-07-22T10:38:31.087Z,0,0,0,0,0,1,0,0,0,1,0,0,0
cookiecutter-django,2023-07-02T13:45:10.750Z,0,0,0,3,1,0,1,0,1,1,0,0,0
cookiecutter-django,2023-07-02T13:45:10.750Z,0,0,0,3,1,0,1,0,1,1,0,0,0
openglobusjs,2024-05-18T20:07:43.682Z,0,0,0,0,0,0,0,0,0,0,0,0,0
live-code-london,2024-04-30T22:15:44.299Z,0,0,0,0,0,0,0,0,0,0,0,0,0
project-atlantis,2022-09-07T23:08:12.151Z,0,0,0,0,0,0,0,0,0,0,0,0,0
we-cropper,2019-12-08T05:28:38.715Z,0,0,0,0,0,0,0,0,0,0,0,0,0
awesome-python,2019-11-12T01:27:10.336Z,0,0,0,0,0,0,0,0,0,0,0,0,0
badgen,2019-01-19T18:14:42.832Z,0,0,0,0,0,0,0,0,1,0,0,0,0
dts-bundle-generator,2022-06-04T23:41:21.275Z,0,0,0,0,0,0,0,0,0,0,0,0,0
pyinquirer,2021-05-19T01:57:21.848Z,0,0,0,0,0,0,0,0,0,0,0,0,0
coughcheckapp,2020-04-10T09:26:18.109Z,0,0,0,0,0,0,0,0,0,0,0,0,0
microcks,2023-11-28T18:42:32.801Z,0,0,0,0,0,0,0,0,0,0,0,0,0
cloudmusic-vscode,2021-03-29T01:26:08.806Z,0,0,0,0,0,0,0,0,0,0,0,0,0
dribdat,2020-12-29T16:39:03.015Z,0,0,0,0,0,0,0,0,0,0,0,0,0
cloudmusic-vscode,2021-03-29T01:26:08.806Z,0,0,0,0,0,0,0,0,0,0,0,0,0
openglobusjs,2024-05-18T20:07:43.682Z,0,0,0,0,0,0,0,0,0,0,0,0,0
chinachu,2020-07-11T08:39:45.245Z,0,0,0,0,0,0,0,0,0,0,0,0,0
polka,2019-07-18T17:52:42.718Z,0,0,0,0,0,0,0,0,0,0,0,0,0
reconmap,2021-11-02T13:11:36.802Z,0,0,0,0,0,0,0,0,0,0,0,0,0
polka,2019-07-18T17:52:42.718Z,0,0,0,0,0,0,0,0,0,0,0,0,0
project-atlantis,2022-09-07T23:08:12.151Z,0,0,0,0,0,0,0,0,0,0,0,0,0
photoslider,2019-01-09T09:56:47.458Z,0,0,0,0,0,0,0,0,0,0,0,0,0
we-cropper,2019-12-08T05:28:38.715Z,0,0,0,0,0,0,0,0,0,0,0,0,0
zookeeper-docker,2021-08-02T05:28:06.280Z,0,0,0,0,0,0,0,0,0,0,0,0,0
live-code-london,2024-04-30T22:15:44.299Z,0,0,0,0,0,0,0,0,0,0,0,0,0
reconmap,2021-11-02T13:11:36.802Z,0,0,0,0,0,0,0,0,0,0,0,0,0
polka,2019-07-18T17:52:42.718Z,0,0,0,0,0,0,0,0,0,0,0,0,0
polka,2019-07-18T17:52:42.718Z,0,0,0,0,0,0,0,0,0,0,0,0,0
vim-table-mode,2021-01-24T19:22:41.715Z,0,0,0,0,0,0,0,0,0,0,0,0,0
memmy,2023-08-07T01:28:13.748Z,0,0,0,0,0,0,0,0,0,0,0,0,0
listr2,2023-04-11T18:36:34.350Z,0,0,0,0,0,80,116,24,8,30,0,83,0
boruta-server,2023-06-22T09:54:42.443Z,0,0,0,0,0,0,0,0,0,0,0,0,0
gitoxide,2024-11-30T15:40:04.653Z,0,0,0,0,0,0,2,0,114,72,182,168,118
sharpetronics,2023-04-19T22:40:53.353Z,0,0,0,0,0,0,0,0,0,0,0,0,0
woographql,2020-02-21T22:51:57.358Z,0,0,0,0,0,0,0,0,0,0,0,0,0
sharpetronics,2023-04-19T22:40:53.353Z,0,0,0,0,0,0,0,0,0,0,0,0,0
sigstore,2023-06-16T16:31:46.925Z,0,0,0,0,0,0,0,0,0,0,0,0,0
splitjs,2018-01-16T17:29:08.074Z,0,0,0,0,0,0,0,0,0,0,0,0,0
schemathesis,2021-04-01T11:08:47.672Z,0,0,0,0,0,0,0,0,0,0,0,0,0
rslint,2020-10-29T18:38:45.288Z,0,0,0,0,0,62,140,24,9,12,14,5,0
arnft,2021-12-01T00:58:24.889Z,1,0,0,1,0,0,0,1,0,1,0,0,0
wifi-passview,2021-07-13T20:54:56.724Z,0,0,0,0,0,0,0,0,0,0,0,0,0
tailwindcss-classnames,2022-06-18T05:14:00.923Z,0,0,0,0,0,0,0,0,0,0,0,0,0
go-admin,2021-01-26T04:08:23.268Z,0,0,0,0,0,0,0,0,0,0,0,0,0
deepwto,2020-04-01T03:19:57.023Z,0,0,0,0,0,0,0,0,0,0,0,0,0
sharpetronics,2023-04-19T22:40:53.353Z,0,0,0,0,0,0,0,0,0,0,0,0,0
sigstore,2023-06-16T16:31:46.925Z,0,0,0,0,0,0,0,0,0,0,0,0,0
tailwindcss-classnames,2022-06-18T05:14:00.923Z,0,0,0,0,0,0,0,0,0,0,0,0,0
tenzing,2022-04-22T16:15:04.260Z,0,0,0,0,0,0,0,0,0,0,0,0,0
ksnip,2022-05-25T14:53:03.449Z,0,0,0,0,0,0,0,0,0,0,0,0,0
vue-gallery,2019-12-24T12:35:56.484Z,0,0,0,0,0,0,0,0,0,0,0,0,0
supertinyicons,2020-10-18T13:42:45.718Z,0,0,0,0,0,0,0,0,0,0,0,0,0
jenkins-x,2022-12-15T13:54:36.834Z,0,0,0,0,0,0,0,0,0,0,0,0,0
pizzaql,2019-06-04T11:06:32.297Z,0,0,0,0,0,0,0,0,0,0,0,0,0
grassmannjl,2020-07-03T20:28:20.647Z,0,0,0,0,0,0,0,0,0,0,0,0,0
saltlakecityfightingcovid,2020-04-15T22:42:45.807Z,0,0,0,0,0,0,0,0,0,0,0,0,0
sudobot,2024-01-04T05:01:15.548Z,0,0,0,0,0,0,0,0,0,0,0,0,0
arnft,2021-12-01T00:58:24.889Z,1,0,0,1,0,0,0,1,0,1,0,0,0
grassmannjl,2020-07-03T20:28:20.647Z,0,0,0,0,0,0,0,0,0,0,0,0,0
noblox,2023-07-06T19:47:29.820Z,2,0,1,5,0,0,1,1,0,1,0,0,0
django-phone-verify,2022-01-23T13:09:47.610Z,0,0,0,0,0,0,0,0,0,0,0,0,0
pizzaql,2019-06-04T11:06:32.297Z,0,0,0,0,0,0,0,0,0,0,0,0,0
kp-fan-world,2019-03-20T14:37:05.655Z,0,0,0,0,0,0,0,0,0,0,0,0,0
fotorama,2019-02-01T11:40:29.786Z,0,0,0,0,0,0,0,0,0,0,0,0,0
schemathesis,2021-04-01T11:08:47.672Z,0,0,0,0,0,0,0,0,0,0,0,0,0
home-assistant-cli,2024-03-29T08:04:13.578Z,0,0,0,0,0,0,0,0,0,0,0,0,0
grassmannjl,2020-07-03T20:28:20.647Z,0,0,0,0,0,0,0,0,0,0,0,0,0
photoviewer,2022-02-01T15:13:29.532Z,0,0,0,0,0,0,0,0,0,0,0,0,0
proxypy,2021-07-10T09:21:11.227Z,0,0,0,0,0,1,0,0,1,0,14,28,5
vajrahackingasdfg,2021-03-15T18:32:33.161Z,0,0,0,0,0,0,0,0,0,0,0,0,0
kp-fan-world,2019-03-20T14:37:05.655Z,0,0,0,0,0,0,0,0,0,0,0,0,0
discordbm,2024-12-19T18:12:47.919Z,0,0,0,0,0,0,0,0,0,0,0,0,0
alova,2024-09-04T02:09:34.884Z,0,0,0,1,0,0,0,6,1,1,1,1,0
vue-lazy-hydration,2019-09-23T14:25:08.173Z,0,0,0,0,0,0,0,0,0,0,0,0,0
rita,2021-07-06T15:02:52.683Z,0,0,0,0,0,0,0,0,0,0,0,0,0
tmodloader,2021-07-21T02:02:24.109Z,0,0,1,0,0,0,0,0,0,0,0,1,0
kitx,2024-03-08T15:47:31.526Z,0,0,0,0,0,0,0,0,0,0,0,0,0
ebitengine,2022-12-06T04:57:37.774Z,0,0,0,0,0,0,0,0,1,0,0,0,0
gnet,2020-12-07T04:38:57.007Z,0,0,0,0,0,0,0,0,0,0,0,0,0
substitute-js,2024-02-07T01:11:45.040Z,0,0,0,0,0,0,0,0,0,0,0,0,0
owasp-crs,2021-01-04T14:31:47.525Z,0,0,0,0,0,0,0,0,0,0,0,0,0
html-bundler-webpack-plugin,2023-10-17T09:45:49.407Z,0,0,0,0,0,0,0,0,0,0,0,0,0
pdfme,2025-01-24T11:19:06.480Z,0,0,0,0,0,0,0,17,19,23,23,28,9
jerverless,2019-01-30T17:09:35.861Z,0,0,0,0,0,0,0,0,0,0,0,0,0
webqit,2022-09-17T02:49:49.461Z,0,0,0,0,0,0,0,0,0,0,0,0,0
github-readme-activity-graph,2024-06-12T03:29:10.129Z,0,0,0,0,0,0,0,0,0,0,0,0,0
orcapods,2024-07-02T13:08:29.390Z,0,0,0,0,0,0,0,0,0,0,0,0,0
gltfforue4,2021-09-16T13:30:24.604Z,0,0,0,0,0,0,0,0,0,0,0,0,0
ebitengine,2022-12-06T04:57:37.774Z,0,0,0,0,0,0,0,0,1,0,0,0,0
autospotting,2021-07-15T11:44:34.204Z,0,0,1,3,14,6,1,1,8,5,2,0,4
webqit,2022-09-17T02:49:49.461Z,0,0,0,0,0,0,0,0,0,0,0,0,0
ebitengine,2022-12-06T04:57:37.774Z,0,0,0,0,0,0,0,0,1,0,0,0,0
wexond,2019-05-02T14:33:53.644Z,0,0,0,102,54,225,82,195,304,218,96,52,0
hellomicroservice,2021-06-30T19:07:03.924Z,0,0,0,0,0,0,0,0,0,0,0,0,0
orcapods,2024-07-02T13:08:29.390Z,0,0,0,0,0,0,0,0,0,0,0,0,0
bridge-foundry,2020-05-26T21:17:42.815Z,0,0,0,0,0,0,0,0,0,0,0,0,0
trex,2021-07-03T06:47:19.490Z,0,0,0,0,0,0,0,0,0,0,0,0,0
wizdwarfs,2021-07-03T14:38:44.955Z,0,0,0,0,0,0,0,0,0,0,0,0,0
discordbm,2024-12-19T18:12:47.919Z,0,0,0,0,0,0,0,0,0,0,0,0,0
hypha,2021-02-03T15:41:32.581Z,0,0,0,0,0,0,0,0,0,31,78,29,0
timecat,2020-07-21T07:44:03.772Z,0,0,0,0,0,0,0,0,0,0,0,0,0
django-river,2021-01-02T11:52:33.835Z,0,0,0,0,0,0,0,0,0,0,0,0,0
ebitengine,2022-12-06T04:57:37.774Z,0,0,0,0,0,0,0,0,1,0,0,0,0
live-captioning-initiative,2020-09-24T22:15:01.714Z,0,0,0,0,0,0,0,0,0,0,0,0,0
ebitengine,2022-12-06T04:57:37.774Z,0,0,0,0,0,0,0,0,1,0,0,0,0
mattn-emmet-vim,2022-12-26T07:59:38.853Z,0,0,0,0,0,0,0,0,0,0,0,0,0
perfumejs,2019-07-22T22:29:07.318Z,0,0,0,0,0,0,0,0,0,0,0,0,0
hievents,2024-09-23T18:15:22.297Z,0,0,0,0,0,0,0,0,0,0,0,0,0
gngr,2021-02-10T07:44:34.846Z,0,0,0,0,0,0,0,0,0,0,0,0,0
openstitching,2024-08-07T18:14:29.966Z,0,0,0,0,0,0,0,0,0,0,0,0,0
oss-code-ge,2023-05-23T16:07:30.407Z,0,0,0,0,0,0,0,0,0,0,0,0,0
nodejieba,2021-07-19T11:55:42.274Z,0,0,0,0,0,0,0,0,0,0,0,0,0
pdfme,2025-01-24T11:19:06.480Z,0,0,0,0,0,0,0,17,19,23,23,28,9
openstitching,2024-08-07T18:14:29.966Z,0,0,0,0,0,0,0,0,0,0,0,0,0
artalk,2024-05-30T06:13:21.385Z,0,1,0,0,0,1,0,0,0,0,0,0,0
easer,2020-04-21T10:34:44.654Z,0,0,0,0,0,0,0,0,0,0,0,0,0
osgeo,2021-05-10T21:11:57.893Z,0,0,0,0,0,0,0,0,0,0,0,0,0
release-plz,2024-12-04T07:47:26.684Z,0,0,0,0,0,0,0,0,0,0,0,0,0
shazziepurple,2024-03-25T17:09:04.592Z,0,0,0,0,0,0,0,0,0,0,0,0,0
hellomicroservice,2021-06-30T19:07:03.924Z,0,0,0,0,0,0,0,0,0,0,0,0,0
release-plz,2024-12-04T07:47:26.684Z,0,0,0,0,0,0,0,0,0,0,0,0,0
faction,2024-10-21T06:04:29.507Z,0,0,0,1,0,0,0,0,1,0,0,0,0
openstitching,2024-08-07T18:14:29.966Z,0,0,0,0,0,0,0,0,0,0,0,0,0
release-plz,2024-12-04T07:47:26.684Z,0,0,0,0,0,0,0,0,0,0,0,0,0
shazziepurple,2024-03-25T17:09:04.592Z,0,0,0,0,0,0,0,0,0,0,0,0,0
craftgen,2024-08-16T05:12:53.942Z,0,0,0,0,0,0,0,0,0,0,0,0,0
shazziepurple,2024-03-25T17:09:04.592Z,0,0,0,0,0,0,0,0,0,0,0,0,0
mattn-emmet-vim,2022-12-26T07:59:38.853Z,0,0,0,0,0,0,0,0,0,0,0,0,0
txthinking-mr2,2019-12-29T11:41:01.512Z,0,0,0,0,0,0,0,0,0,0,0,0,0
node-vault,2024-03-02T11:34:24.811Z,0,0,0,0,0,0,0,0,0,0,0,0,0
altdrag,2019-12-17T07:29:20.687Z,0,0,0,0,0,0,0,0,0,0,0,0,0
perfumejs,2019-07-22T22:29:07.318Z,0,0,0,0,0,0,0,0,0,0,0,0,0
hpy,2020-10-08T09:55:00.977Z,0,1,1,0,0,0,0,0,0,0,0,0,0
go-callvis,2020-12-31T17:03:52.263Z,0,0,0,0,0,0,0,0,0,0,0,0,0
djangoextensions,2021-07-17T09:03:59.994Z,0,0,0,0,0,0,0,0,0,0,0,0,0
txthinking-mr2,2019-12-29T11:41:01.512Z,0,0,0,0,0,0,0,0,0,0,0,0,0
hypergan-foundation,2023-05-01T09:54:39.443Z,0,0,0,0,0,0,0,0,0,0,0,0,0
cloudflare-dyns,2023-06-20T06:07:25.814Z,0,0,0,0,0,0,0,0,0,0,0,0,0
cyph,2019-02-09T17:22:07.983Z,0,0,0,0,0,0,0,0,0,0,0,0,0
github-profile-readme-generator,2022-09-27T03:42:29.619Z,0,0,0,0,0,0,0,0,0,0,0,0,0
poolifier,2022-10-22T16:48:07.246Z,0,0,0,0,1,0,1,0,0,0,0,0,0
haskell-stripe,2021-07-13T16:06:31.154Z,0,0,0,0,0,0,0,0,0,0,0,0,0
opt-out-tools,2020-01-07T14:41:13.272Z,0,0,0,0,0,0,0,0,0,0,0,0,0
dnnc,2022-03-25T11:14:26.025Z,0,0,0,0,0,0,0,0,0,0,0,0,0
hartex,2023-09-14T09:48:55.182Z,0,0,0,0,0,0,0,0,0,0,0,0,0
wikicensorship,2022-08-14T16:13:52.536Z,0,0,0,0,0,0,0,0,0,0,0,0,0
ng-alain,2021-02-03T02:09:46.487Z,0,0,0,0,0,0,0,0,0,0,0,0,0
wiremocknet,2021-07-27T02:28:20.605Z,0,0,0,0,0,0,0,0,0,0,0,0,0
wikicensorship,2022-08-14T16:13:52.536Z,0,0,0,0,0,0,0,0,0,0,0,0,0
github-profile-readme-generator,2022-09-27T03:42:29.619Z,0,0,0,0,0,0,0,0,0,0,0,0,0
quantum-computing,2022-01-27T02:26:45.892Z,0,0,0,0,0,0,0,0,0,0,0,0,0
opencomic,2024-10-23T01:18:44.955Z,0,0,0,0,0,0,0,0,0,0,0,0,0
openstl,2023-12-01T03:08:15.128Z,0,0,0,0,0,0,0,0,0,0,0,0,0
go-api-boilerplate,2022-05-11T22:39:04.015Z,0,0,0,0,0,0,0,0,0,0,0,0,0
github-profile-readme-generator,2022-09-27T03:42:29.619Z,0,0,0,0,0,0,0,0,0,0,0,0,0
yii2-widget-fileinput,2021-08-19T07:58:31.300Z,0,0,0,0,0,0,0,0,0,0,0,0,0
dnnc,2022-03-25T11:14:26.025Z,0,0,0,0,0,0,0,0,0,0,0,0,0
hartex,2023-09-14T09:48:55.182Z,0,0,0,0,0,0,0,0,0,0,0,0,0
xlayers,2020-07-21T14:08:30.448Z,0,0,0,0,0,0,0,0,0,0,0,0,0
drutopia,2022-05-24T20:38:09.488Z,0,0,0,0,0,0,0,0,0,0,0,0,0
packem,2023-08-01T11:21:51.323Z,0,0,0,0,0,0,0,0,0,0,0,0,0
blazorise,2022-06-01T08:32:00.756Z,1,1,0,0,0,0,0,0,0,1,0,1,0
web-shells,2020-10-30T10:00:05.912Z,0,0,0,0,0,0,0,0,0,0,0,0,0
quantum-computing,2022-01-27T02:26:45.892Z,0,0,0,0,0,0,0,0,0,0,0,0,0
rtl-styling-101,2023-07-02T13:49:12.494Z,0,0,0,0,0,0,0,0,0,0,0,0,0
xlayers,2020-07-21T14:08:30.448Z,0,0,0,0,0,0,0,0,0,0,0,0,0
openstl,2023-12-01T03:08:15.128Z,0,0,0,0,0,0,0,0,0,0,0,0,0
hartex,2023-09-14T09:48:55.182Z,0,0,0,0,0,0,0,0,0,0,0,0,0
wiremocknet,2021-07-27T02:28:20.605Z,0,0,0,0,0,0,0,0,0,0,0,0,0
jira-plugin,2020-04-28T13:47:53.482Z,0,0,0,0,0,0,0,0,0,0,0,0,0
quantum-computing,2022-01-27T02:26:45.892Z,0,0,0,0,0,0,0,0,0,0,0,0,0
portable-utf8,2023-11-01T19:08:12.219Z,0,0,0,0,0,0,0,0,0,0,0,0,0
electrocrud,2019-10-26T11:04:29.841Z,0,0,0,0,0,0,0,0,0,0,0,0,0
xlayers,2020-07-21T14:08:30.448Z,0,0,0,0,0,0,0,0,0,0,0,0,0
jira-plugin,2020-04-28T13:47:53.482Z,0,0,0,0,0,0,0,0,0,0,0,0,0
vite-plugin-rsw,2021-06-29T11:53:44.512Z,0,0,0,0,0,0,0,12,21,16,4,3,6
lysand,2024-05-24T14:51:39.321Z,10,54,0,1,62,294,163,133,65,82,47,61,41
terraforge3d,2022-08-05T20:51:23.317Z,0,0,0,0,0,0,0,0,0,0,0,0,0
electrocrud,2019-10-26T11:04:29.841Z,0,0,0,0,0,0,0,0,0,0,0,0,0
geolib,2019-10-19T12:03:06.394Z,0,0,0,0,0,0,0,0,0,0,0,0,0
dyrectorio-platform,2023-05-24T15:12:18.672Z,0,0,0,0,0,0,3,3,0,0,1,1,0
openstl,2023-12-01T03:08:15.128Z,0,0,0,0,0,0,0,0,0,0,0,0,0
javaistic,2024-01-16T22:23:13.180Z,0,0,0,0,0,0,0,0,0,0,0,0,0
portable-utf8,2023-11-01T19:08:12.219Z,0,0,0,0,0,0,0,0,0,0,0,0,0
moeoverflow,2019-05-26T16:14:14.186Z,0,0,0,0,0,0,0,0,0,0,0,0,0
opt-out-tools,2020-01-07T14:41:13.272Z,0,0,0,0,0,0,0,0,0,0,0,0,0
geolib,2019-10-19T12:03:06.394Z,0,0,0,0,0,0,0,0,0,0,0,0,0
moeoverflow,2019-05-26T16:14:14.186Z,0,0,0,0,0,0,0,0,0,0,0,0,0
nsfwfilter,2023-01-14T07:56:23.833Z,0,0,0,0,0,0,0,0,0,0,0,0,0
aqurusmc,2024-01-27T18:07:10.990Z,0,0,0,0,0,0,0,0,0,0,0,0,0
peachpiecompiler,2020-01-29T16:16:44.497Z,0,1,0,0,1,0,0,0,0,0,0,0,0
openintents,2019-12-20T08:12:00.336Z,0,0,0,0,0,0,0,0,0,0,0,0,0
questgenai,2021-06-25T12:41:11.035Z,0,0,0,0,0,0,0,0,0,0,0,0,0
lomoware,2023-01-24T10:37:04.800Z,0,0,0,0,0,0,0,0,0,0,0,0,0
walletconnect,2022-01-19T14:43:11.817Z,0,0,0,0,0,0,0,9,19,44,58,136,19
persiandate4mysql,2023-03-01T16:12:35.796Z,0,0,0,0,0,0,0,0,0,0,0,0,0
intelligo,2019-04-17T01:54:28.551Z,0,0,0,8,13,0,4,1,5,9,6,161,63
poweradmin,2022-01-27T02:34:13.532Z,0,0,0,0,0,0,0,0,0,0,0,0,0
pona,2023-06-30T13:39:32.470Z,0,0,0,0,0,0,0,0,0,0,0,0,0
rss-bridge,2022-03-05T11:22:14.384Z,0,0,0,0,0,0,0,0,0,0,0,0,0
creptstudio,2024-05-20T11:34:35.658Z,0,0,0,0,0,0,9,2,0,0,0,0,0
soupault,2022-01-27T02:33:46.391Z,0,0,0,5,4,14,56,19,15,28,21,4,3
lomoware,2023-01-24T10:37:04.800Z,0,0,0,0,0,0,0,0,0,0,0,0,0
quantum-computing,2022-01-27T02:26:45.892Z,0,0,0,0,0,0,0,0,0,0,0,0,0
opensuspect,2021-03-23T05:05:37.691Z,0,0,0,0,0,0,0,0,0,0,0,0,0
focusmastodon,2024-06-14T02:36:32.494Z,0,0,0,0,0,0,0,0,0,0,0,0,0
pona,2023-06-30T13:39:32.470Z,0,0,0,0,0,0,0,0,0,0,0,0,0
poolifier,2022-10-22T16:48:07.246Z,0,0,0,0,1,0,1,0,0,0,0,0,0
piximagepicker,2023-12-03T20:11:25.111Z,0,0,0,0,0,0,0,0,0,0,0,0,0
typetura,2022-10-13T21:19:27.908Z,0,0,0,0,0,0,0,0,0,0,0,0,0
dryer,2023-12-05T02:42:45.386Z,0,0,0,0,0,0,0,0,0,0,0,0,0
ffpopup,2018-12-18T09:37:36.048Z,0,0,0,0,0,0,0,0,0,0,0,0,0
visualpython,2021-06-25T11:23:17.381Z,0,0,0,0,0,0,0,0,0,0,0,0,0
pickr,2019-07-15T16:28:25.747Z,0,0,0,0,0,0,0,0,0,0,0,0,0
envio,2024-10-28T17:10:17.438Z,0,0,0,0,0,0,0,0,0,0,0,0,0
muffon,2021-11-16T08:30:30.440Z,0,0,0,0,0,0,0,0,1,0,0,0,0
poweradmin,2022-01-27T02:34:13.532Z,0,0,0,0,0,0,0,0,0,0,0,0,0
_rpisurv_,2020-12-28T23:55:00.453Z,0,0,0,0,0,0,0,0,0,0,0,0,0
wiremocknet,2021-07-27T02:28:20.605Z,0,0,0,0,0,0,0,0,0,0,0,0,0
statecraft,2019-12-08T00:04:48.611Z,0,0,0,0,0,0,0,0,0,0,0,0,0
openstl,2023-12-01T03:08:15.128Z,0,0,0,0,0,0,0,0,0,0,0,0,0
wiremocknet,2021-07-27T02:28:20.605Z,0,0,0,0,0,0,0,0,0,0,0,0,0
gerbera-io,2021-01-25T10:44:51.512Z,0,0,0,0,0,0,0,0,0,0,0,0,0
wikicensorship,2022-08-14T16:13:52.536Z,0,0,0,0,0,0,0,0,0,0,0,0,0
openintents,2019-12-20T08:12:00.336Z,0,0,0,0,0,0,0,0,0,0,0,0,0
effectivemoderncppchinese,2022-06-20T15:07:14.968Z,0,0,0,0,0,0,0,0,0,0,0,0,0
pona,2023-06-30T13:39:32.470Z,0,0,0,0,0,0,0,0,0,0,0,0,0
hartex,2023-09-14T09:48:55.182Z,0,0,0,0,0,0,0,0,0,0,0,0,0
piximagepicker,2023-12-03T20:11:25.111Z,0,0,0,0,0,0,0,0,0,0,0,0,0
pickr,2019-07-15T16:28:25.747Z,0,0,0,0,0,0,0,0,0,0,0,0,0
creptstudio,2024-05-20T11:34:35.658Z,0,0,0,0,0,0,9,2,0,0,0,0,0
matter,2022-01-27T02:33:32.072Z,0,0,0,0,0,0,0,0,0,0,0,0,0
britechartsorg,2021-10-06T13:51:25.105Z,0,0,0,0,0,0,0,0,0,0,0,0,0
matter,2022-01-27T02:33:32.072Z,0,0,0,0,0,0,0,0,0,0,0,0,0
effectivemoderncppchinese,2022-06-20T15:07:14.968Z,0,0,0,0,0,0,0,0,0,0,0,0,0
kmon,2020-04-01T17:22:30.543Z,0,0,0,0,0,0,0,0,0,0,0,0,0
mac-cleanup,2021-02-28T15:39:01.522Z,0,0,0,0,0,0,0,0,0,0,33,25,3
airform,2021-07-21T23:28:42.189Z,0,0,0,0,0,0,0,0,0,0,0,0,0
centeredcollectionview,2021-07-11T16:05:05.114Z,0,0,0,0,0,0,0,0,0,0,0,0,0
devs-with-disabilities,2019-08-28T17:41:25.763Z,0,0,0,0,0,0,0,0,0,0,0,0,0
intelligo,2019-04-17T01:54:28.551Z,0,0,0,8,13,0,4,1,5,9,6,161,63
interview,2021-07-15T16:04:02.688Z,0,0,0,0,0,0,0,0,0,0,0,0,0
go-mini-social-network,2021-07-21T01:58:58.149Z,0,0,0,0,0,0,0,0,0,0,0,0,0
sunglasses4gh,2021-05-03T15:08:24.663Z,0,0,0,0,0,0,0,0,0,0,0,0,0
food-for-homeless,2020-11-04T03:43:24.109Z,0,0,0,0,0,0,0,0,0,0,0,0,0
xgo,2022-08-31T00:20:42.719Z,0,0,0,0,0,0,0,0,0,0,0,0,0
carroted,2023-11-09T18:00:20.387Z,0,0,0,0,0,0,0,0,0,0,0,0,0
pytition,2021-07-18T15:06:02.877Z,0,0,0,0,0,0,0,0,0,0,0,0,0
micro-web-stacks,2023-02-23T16:09:34.488Z,0,0,0,0,0,0,0,0,0,0,0,0,0
bassa,2021-07-20T18:35:08.203Z,0,0,0,0,0,0,0,0,0,0,0,0,0
pytition,2021-07-18T15:06:02.877Z,0,0,0,0,0,0,0,0,0,0,0,0,0
redux-requests,2020-10-13T09:15:23.306Z,0,0,0,0,0,0,0,0,0,0,0,0,0
flatgeobuf,2021-05-10T18:01:04.938Z,0,0,0,0,0,0,0,0,0,0,0,0,0
fastapi-template,2022-11-04T10:12:28.990Z,0,0,0,0,0,0,0,0,0,0,0,0,0
angular-tree-component,2019-10-24T10:39:55.453Z,0,0,3,3,0,2,6,9,19,4,12,0,0
metro4,2019-10-17T07:20:54.517Z,0,0,0,0,0,0,0,0,0,0,0,0,0
bootstrap-popover-x,2021-07-13T15:59:22.293Z,0,0,0,0,0,0,0,0,0,0,0,0,0
centeredcollectionview,2021-07-11T16:05:05.114Z,0,0,0,0,0,0,0,0,0,0,0,0,0
carroted,2023-11-09T18:00:20.387Z,0,0,0,0,0,0,0,0,0,0,0,0,0
github-trending-api,2020-01-09T07:23:58.074Z,0,0,0,0,0,0,0,0,0,0,0,0,0
notepads,2021-07-15T16:05:15.685Z,0,0,0,0,0,0,0,0,0,0,0,0,0
helio-workstation,2020-02-08T13:26:48.202Z,0,11,32,26,8,19,21,26,24,46,26,30,6
usingcombine,2019-07-25T01:00:42.244Z,0,0,0,0,0,0,0,0,0,0,0,0,0
jekyll-spaceship,2021-07-15T06:50:55.878Z,0,0,0,0,0,0,0,0,0,0,0,0,0
xupdate,2021-07-20T19:27:30.615Z,0,0,0,0,0,0,0,0,0,0,0,0,0
laravel-zero,2021-07-17T06:12:11.451Z,0,0,0,0,0,0,0,0,0,0,0,0,0
flatgeobuf,2021-05-10T18:01:04.938Z,0,0,0,0,0,0,0,0,0,0,0,0,0
inotify-tools,2021-07-22T10:38:20.686Z,0,0,0,0,0,0,0,0,0,0,0,0,0
fexo,2021-07-13T15:01:45.001Z,0,0,0,0,0,0,0,0,0,0,0,0,0
laravel-s,2021-07-17T05:41:19.114Z,0,0,0,0,0,0,0,0,0,0,0,0,0
fieldsets,2021-07-08T01:39:39.061Z,0,0,0,0,0,0,0,0,0,0,0,0,0
sunglasses4gh,2021-05-03T15:08:24.663Z,0,0,0,0,0,0,0,0,0,0,0,0,0
nest-cloud,2020-02-22T23:12:07.968Z,0,0,0,0,0,0,0,0,0,0,0,0,0
kashgari,2021-07-21T04:14:53.788Z,0,0,0,0,0,0,0,0,0,0,0,0,0
codedrift,2025-01-04T07:04:21.825Z,0,0,0,0,0,0,0,0,0,0,0,0,0
substats,2021-07-10T09:21:56.643Z,0,0,0,0,0,0,0,0,0,0,0,0,0
swiftui,2021-08-08T10:48:47.278Z,0,0,0,0,0,0,0,0,0,0,0,0,0
bassa,2021-07-20T18:35:08.203Z,0,0,0,0,0,0,0,0,0,0,0,0,0
jekyll-spaceship,2021-07-15T06:50:55.878Z,0,0,0,0,0,0,0,0,0,0,0,0,0
airform,2021-07-21T23:28:42.189Z,0,0,0,0,0,0,0,0,0,0,0,0,0
ants,2021-07-12T14:05:48.171Z,0,0,0,0,0,0,0,0,0,0,0,0,0
xgo,2022-08-31T00:20:42.719Z,0,0,0,0,0,0,0,0,0,0,0,0,0
openshelter,2023-08-15T18:55:16.881Z,0,0,0,0,0,0,0,0,0,0,0,0,0
lin-ui,2021-07-06T14:58:54.225Z,0,0,0,0,0,0,0,0,0,0,0,0,0
substats,2021-07-10T09:21:56.643Z,0,0,0,0,0,0,0,0,0,0,0,0,0
standard-readme,2021-07-13T04:38:13.332Z,0,0,0,0,0,0,0,0,0,0,0,0,0
lin-ui,2021-07-06T14:58:54.225Z,0,0,0,0,0,0,0,0,0,0,0,0,0
tysimulator,2021-07-13T00:06:54.476Z,0,0,0,0,0,0,0,0,0,0,0,0,0
unofficial-shopee-php,2024-07-15T03:40:55.477Z,0,0,0,0,0,0,0,0,0,0,0,0,0
usingcombine,2019-07-25T01:00:42.244Z,0,0,0,0,0,0,0,0,0,0,0,0,0
copyissue-xcode-plugin,2021-07-17T05:41:06.289Z,0,0,0,0,0,0,0,0,0,0,0,0,0
v-selectpage,2021-07-21T23:29:52.495Z,0,0,0,0,0,0,0,0,0,0,0,0,0
vscodebeautify,2021-07-19T04:00:40.688Z,0,0,0,0,0,0,0,0,0,0,0,0,0
pongo2,2021-07-17T05:14:38.522Z,0,0,0,0,0,0,0,0,0,0,0,0,0
iris,2018-01-04T22:07:51.572Z,0,2,5,1,0,1,0,1,3,0,0,2,0
create-nw-react-app,2021-07-20T02:37:50.484Z,0,0,0,0,0,0,0,0,0,0,0,0,0
codedrift,2025-01-04T07:04:21.825Z,0,0,0,0,0,0,0,0,0,0,0,0,0
apollonet,2021-07-13T14:50:58.192Z,0,0,8,0,1,0,0,3,4,2,45,11,3
vscodebeautify,2021-07-19T04:00:40.688Z,0,0,0,0,0,0,0,0,0,0,0,0,0
create-nw-react-app,2021-07-20T02:37:50.484Z,0,0,0,0,0,0,0,0,0,0,0,0,0
carroted,2023-11-09T18:00:20.387Z,0,0,0,0,0,0,0,0,0,0,0,0,0
apollonet,2021-07-13T14:50:58.192Z,0,0,8,0,1,0,0,3,4,2,45,11,3
milkdown,2021-07-16T05:06:22.824Z,0,0,0,0,0,0,0,0,0,0,0,0,0
nginx-proxy-automation,2021-04-01T09:28:28.158Z,0,0,0,0,0,0,0,0,0,0,0,0,0
vue-drag-resize,2021-04-10T13:32:48.000Z,0,0,0,0,0,0,0,0,0,0,0,0,0
nginx-admins-handbook,2020-03-13T18:16:37.163Z,0,0,0,0,0,0,0,0,0,0,0,0,0
graphql-java,2019-03-27T07:45:06.180Z,0,1,0,0,0,0,0,0,0,0,0,0,0
urlpattern-polyfill,2022-10-04T14:05:29.838Z,0,0,0,0,0,0,0,0,0,0,0,0,0
pterodactyl-installer,2021-08-08T10:50:33.153Z,0,0,0,0,0,0,0,0,0,0,0,0,0
tinyfilemanager,2021-07-17T06:56:46.084Z,0,0,0,0,0,0,0,0,0,0,0,0,0
yandex-music,2021-07-14T10:57:48.450Z,0,0,0,0,0,0,0,0,0,0,0,0,0
sollet,2021-12-07T13:34:52.079Z,0,0,0,0,0,0,0,0,0,0,0,0,0
swarmlet,2021-07-18T13:48:38.230Z,0,0,0,0,0,0,0,0,0,0,0,0,0
jodd,2021-07-19T04:17:10.934Z,0,0,0,0,0,0,0,0,0,0,0,0,0
puppeteer-screen-recorder,2023-11-11T18:07:37.557Z,0,0,0,0,0,0,0,0,0,0,0,0,0
iris,2018-01-04T22:07:51.572Z,0,2,5,1,0,1,0,1,3,0,0,2,0
puppeteer-screen-recorder,2023-11-11T18:07:37.557Z,0,0,0,0,0,0,0,0,0,0,0,0,0
librebooks,2020-06-27T23:47:56.503Z,0,0,0,0,0,0,0,0,0,0,0,0,0
react-cool-starter,2020-08-10T16:01:58.858Z,0,0,0,0,0,0,0,0,0,0,0,0,0
taro,2019-11-21T02:04:14.540Z,0,0,0,1,0,0,0,0,0,0,0,0,0
thegorgeouslogin,2019-10-28T23:42:08.451Z,0,0,0,0,0,0,0,0,0,0,0,0,0
jfoenix,2021-07-10T09:29:58.370Z,0,0,0,0,0,0,0,0,0,0,0,0,0
wee-slack,2021-07-17T06:57:31.148Z,0,0,0,0,0,0,0,0,0,0,0,0,0
jsontokotlin,2021-07-19T12:21:00.187Z,0,0,0,0,0,0,0,0,0,0,0,0,0
podsframework,2021-07-22T06:16:10.631Z,0,0,0,0,0,0,0,0,0,0,0,0,0
jsontokotlin,2021-07-19T12:21:00.187Z,0,0,0,0,0,0,0,0,0,0,0,0,0
letterpad,2021-07-08T19:57:30.980Z,0,0,0,0,0,0,0,0,0,0,0,0,0
taro,2019-11-21T02:04:14.540Z,0,0,0,1,0,0,0,0,0,0,0,0,0
yii2-export,2020-03-18T15:40:35.401Z,0,0,0,0,0,0,0,0,0,0,0,0,0
animatescroll,2021-07-24T23:44:47.372Z,0,0,0,0,0,0,0,0,0,0,0,0,0
usingcombine,2019-07-25T01:00:42.244Z,0,0,0,0,0,0,0,0,0,0,0,0,0
gowechat,2021-07-22T03:11:36.857Z,0,0,0,0,0,0,0,0,0,0,0,0,0
magnify,2021-07-22T05:35:22.552Z,0,0,0,0,0,0,0,0,0,0,0,0,0
excel-parser-processor,2021-07-17T06:27:10.040Z,0,0,0,0,0,0,0,0,0,0,0,0,0
tinyfilemanager,2021-07-17T06:56:46.084Z,0,0,0,0,0,0,0,0,0,0,0,0,0
aq-org1,2024-09-09T13:08:13.682Z,0,0,0,0,0,0,0,0,0,0,0,0,0
taro,2019-11-21T02:04:14.540Z,0,0,0,1,0,0,0,0,0,0,0,0,0
nrjavaserial,2021-07-22T05:01:25.600Z,0,0,0,0,0,0,0,0,0,0,0,0,0
github-trending-api,2020-01-09T07:23:58.074Z,0,0,0,0,0,0,0,0,0,0,0,0,0
jaime-olivares-opensource,2021-07-08T08:58:15.866Z,0,0,0,0,0,0,0,0,0,0,0,0,0
dowww,2021-07-19T16:42:17.987Z,0,0,0,0,0,0,0,0,0,0,0,0,0
clinical-meteor,2021-07-20T18:41:34.150Z,0,0,0,0,0,0,0,0,0,0,0,0,0
x6,2021-07-06T14:59:04.145Z,0,0,0,0,0,0,0,0,0,0,4,0,0
smproxy,2021-07-10T04:29:27.901Z,0,0,0,0,0,0,0,0,0,0,0,0,0
aq-org1,2024-09-09T13:08:13.682Z,0,0,0,0,0,0,0,0,0,0,0,0,0
ramda-adjunct,2021-07-09T07:37:55.835Z,0,0,0,0,0,4,8,10,12,5,12,3,5
excel-parser-processor,2021-07-17T06:27:10.040Z,0,0,0,0,0,0,0,0,0,0,0,0,0
animatescroll,2021-07-24T23:44:47.372Z,0,0,0,0,0,0,0,0,0,0,0,0,0
awesome-ai-books,2021-07-22T03:18:24.109Z,0,0,0,0,0,0,0,0,0,0,0,0,0
translatr,2021-07-06T08:23:04.109Z,0,0,0,0,0,0,0,0,0,0,0,0,0
gojieba,2021-07-06T15:03:39.442Z,0,0,0,0,0,0,0,0,0,0,0,0,0
mattn-anko,2021-07-13T14:41:58.464Z,0,0,0,0,0,0,0,0,0,0,0,0,0
ducklang,2021-03-06T10:28:57.255Z,0,0,0,0,0,0,0,0,0,0,0,0,0
cppjieba,2021-07-21T00:15:54.623Z,0,0,0,0,0,0,0,0,0,0,0,0,0
pomoday-project,2021-07-19T01:32:34.252Z,0,0,0,0,0,0,0,0,0,0,0,1,0
yii2-export,2020-03-18T15:40:35.401Z,0,0,0,0,0,0,0,0,0,0,0,0,0
react-cool-starter,2020-08-10T16:01:58.858Z,0,0,0,0,0,0,0,0,0,0,0,0,0
simplestatemachine,2021-07-16T04:36:37.051Z,0,0,0,0,0,0,0,0,0,0,0,0,0
x6,2021-07-06T14:59:04.145Z,0,0,0,0,0,0,0,0,0,0,4,0,0
form-render,2021-07-13T20:49:55.171Z,0,0,0,0,0,0,0,0,0,0,0,0,0
jfoenix,2021-07-10T09:29:58.370Z,0,0,0,0,0,0,0,0,0,0,0,0,0
umentorjs,2020-05-09T17:53:56.243Z,0,0,0,0,0,0,0,0,0,0,0,0,0
nosqlclient,2021-07-11T04:52:01.146Z,0,0,0,0,0,0,0,0,0,0,0,0,0
excel-parser-processor,2021-07-17T06:27:10.040Z,0,0,0,0,0,0,0,0,0,0,0,0,0
vue-popper,2019-12-01T00:29:41.439Z,0,0,0,0,0,0,0,0,0,0,0,0,0
endpoints4s,2021-07-19T16:44:44.847Z,0,0,0,0,0,0,0,0,0,0,0,0,0
learning-rxjs,2021-07-19T00:51:48.915Z,0,0,0,0,0,0,0,0,0,0,0,0,0
pytition,2021-07-18T15:06:02.877Z,0,0,0,0,0,0,0,0,0,0,0,0,0
nomacs,2020-08-21T11:54:14.449Z,0,0,0,0,0,0,0,0,0,0,0,0,0
excel-parser-processor,2021-07-17T06:27:10.040Z,0,0,0,0,0,0,0,0,0,0,0,0,0
thegorgeouslogin,2019-10-28T23:42:08.451Z,0,0,0,0,0,0,0,0,0,0,0,0,0
yii2-export,2020-03-18T15:40:35.401Z,0,0,0,0,0,0,0,0,0,0,0,0,0
vue-popper,2019-12-01T00:29:41.439Z,0,0,0,0,0,0,0,0,0,0,0,0,0
learning-rxjs,2021-07-19T00:51:48.915Z,0,0,0,0,0,0,0,0,0,0,0,0,0
letterpad,2021-07-08T19:57:30.980Z,0,0,0,0,0,0,0,0,0,0,0,0,0
podsframework,2021-07-22T06:16:10.631Z,0,0,0,0,0,0,0,0,0,0,0,0,0
betterseqta-plus,2025-05-11T05:25:34.803Z,0,0,0,0,0,0,0,0,0,0,0,0,0
portal-2-community-edition,2021-05-21T12:21:37.779Z,0,0,0,0,0,0,0,0,0,0,0,0,0
p2panda,2025-02-01T22:38:54.571Z,1,2,0,0,0,0,0,0,0,0,0,0,0
ferrumc,2025-06-02T13:06:52.421Z,0,0,0,0,0,0,0,0,0,0,0,0,0
leptos,2025-02-19T14:42:14.073Z,0,0,1,14,10,0,0,0,0,0,1,0,0
ferrumc,2025-06-02T13:06:52.421Z,0,0,0,0,0,0,0,0,0,0,0,0,0
ofnusa,2021-08-17T15:11:42.739Z,0,0,0,0,0,0,0,0,0,0,0,0,0
saumyaquake,2023-10-25T23:55:46.444Z,0,0,0,0,0,0,0,0,0,0,0,0,0
saumyaquake,2023-10-25T23:55:46.444Z,0,0,0,0,0,0,0,0,0,0,0,0,0
portal-2-community-edition,2021-05-21T12:21:37.779Z,0,0,0,0,0,0,0,0,0,0,0,0,0
meta-system-engine,2025-04-02T14:07:21.693Z,0,0,0,0,0,0,0,0,0,0,0,0,0
podlite,2025-06-24T17:06:20.646Z,0,0,0,0,0,0,0,0,0,0,0,0,0
betterseqta-plus,2025-05-11T05:25:34.803Z,0,0,0,0,0,0,0,0,0,0,0,0,0
sdkman,2019-04-25T20:45:45.738Z,0,0,0,0,0,0,0,0,0,0,0,0,0
surfacepsycho,2025-06-20T12:01:07.795Z,0,0,0,0,0,0,0,0,0,0,0,0,0
portal-2-community-edition,2021-05-21T12:21:37.779Z,0,0,0,0,0,0,0,0,0,0,0,0,0
voca,2022-10-11T09:22:49.766Z,0,0,0,0,0,0,0,0,0,0,0,0,0
saumyaquake,2023-10-25T23:55:46.444Z,0,0,0,0,0,0,0,0,0,0,0,0,0
puppetee-r,2025-03-25T09:02:53.946Z,0,0,0,0,0,0,0,0,0,0,0,0,0
