project_name,first_donation_date,-8月,-7月,-6月,-5月,-4月,-3月,-2月,-1月,0月,1月,2月,3月,4月,5月,6月,7月,8月,pre_avg,post_avg,pre_std,post_std,absolute_change,relative_change,pre_trend_r2,post_trend_r2,pre_trend_slope,post_trend_slope,pre_zscore,post_zscore,zscore_change
gnosischain,2023-04-01,79.0,44.0,44.0,101.0,134.0,82.0,61.0,178.0,219.0,108.0,220.0,476.0,154.0,1408.0,696.0,82.0,51.0,90.375,399.375,46.38022207795042,464.5363087454598,309.0,3.4190871369294604,0.338228730971731,0.002682015269169535,0.0,0.0,1.1224420460087523,5.700716432835978,4.578274386827225
kakarot-kkrt-labs,2023-04-01,0.0,0.0,0.0,0.0,0.0,0.0,0.0,0.0,0.0,8.0,83.0,187.0,340.0,673.0,258.0,205.0,365.0,0.0,264.875,0.0,203.8889315989748,264.875,inf,0.0,0.2732625650275832,0.0,0.0,-0.19889829019432193,3.6979782004260104,3.8968764906203326
commonsbuild,2020-10-01,0.0,0.0,0.0,0.0,0.0,0.0,0.0,0.0,0.0,0.0,0.0,0.0,0.0,0.0,474.0,300.0,154.0,0.0,116.0,0.0,181.5583337977868,116.0,inf,0.0,0.41274353932537905,0.0,0.0,-0.19889829019432193,1.4811926662250159,1.6800909564193378
opensource-observer,2023-11-01,0.0,0.0,0.0,0.0,0.0,0.0,0.0,224.0,168.0,35.0,121.0,125.0,162.0,125.0,167.0,162.0,133.0,28.0,128.75,79.19595949289332,42.375026337960634,100.75,3.5982142857142856,0.3333333333333334,0.45480461964809,0.0,0.0,0.2104796286293138,1.671043316509232,1.4605636878799182
zigzagexchange,2021-11-01,0.0,0.0,0.0,0.0,0.0,0.0,0.0,0.0,0.0,1.0,9.0,7.0,132.0,28.0,94.0,250.0,282.0,0.0,100.375,0.0,112.5026190171335,100.375,inf,0.0,0.7445519459478599,0.0,0.0,-0.19889829019432193,1.2485325555825941,1.447430845776916
rotki,2020-02-01,0.0,0.0,0.0,0.0,0.0,11.0,28.0,56.0,60.0,56.0,112.0,81.0,43.0,114.0,124.0,101.0,134.0,11.875,95.625,20.399142138825347,32.65813178105219,83.75,7.052631578947368,0.6523276177397965,0.38068529268489104,0.0,0.0,-0.02527819069322641,1.1778038819472978,1.2030820726405242
giveth,2020-07-01,21.0,40.0,21.0,41.0,94.0,58.0,71.0,49.0,46.0,67.0,32.0,82.0,89.0,149.0,185.0,213.0,230.0,49.375,130.875,24.790191032514684,73.51081067240577,81.5,1.650632911392405,0.36698421922888,0.9177502767542918,0.0,0.0,0.5229958077312857,1.7026850915566014,1.1796892838253157
pluralitybook,2023-11-01,0.0,0.0,0.0,18.0,17.0,7.0,12.0,50.0,37.0,26.0,34.0,119.0,388.0,56.0,31.0,7.0,11.0,13.0,84.0,16.707568857941517,127.81459786961516,71.0,5.461538461538462,0.5632524248184434,0.03637846058007659,0.0,0.0,-0.008829970740491045,1.0047047596293361,1.0135347303698272
relaycc,2022-06-01,0.0,0.0,0.0,0.0,0.0,0.0,0.0,0.0,0.0,0.0,0.0,76.0,58.0,15.0,17.0,249.0,62.0,0.0,59.625,0.0,81.99117983922766,59.625,inf,0.0,0.2692582322957685,0.0,0.0,-0.19889829019432193,0.641754987027158,0.84065327722148
ethereum-lists,2021-06-01,0.0,12.0,3.0,3.0,5.0,23.0,15.0,15.0,21.0,34.0,21.0,42.0,29.0,103.0,91.0,115.0,117.0,9.5,69.0,7.9642056370093455,41.26222762492869,59.5,6.2631578947368425,0.4440690690690693,0.8080934001390454,0.0,0.0,-0.06000221059344551,0.7813510534126111,0.8413532640060566
teku-consensys,2020-07-01,0.0,0.0,0.0,0.0,0.0,0.0,0.0,0.0,0.0,0.0,0.0,37.0,125.0,50.0,59.0,79.0,65.0,0.0,51.875,0.0,41.25335484193117,51.875,inf,0.0,0.35339965813298246,0.0,0.0,-0.19889829019432193,0.5263555721485169,0.7252538623428388
blockful-io,2024-01-01,0.0,0.0,0.0,0.0,0.0,41.0,109.0,98.0,52.0,119.0,62.0,77.0,70.0,89.0,111.0,66.0,52.0,31.0,80.75,47.02279082681989,23.81925991413551,49.75,1.6048387096774193,0.7050391031202508,0.16124410232429875,0.0,0.0,0.25434154850327473,0.9563114566157124,0.7019699081124376
sushi,2021-02-01,0.0,0.0,1.0,8.0,5.0,18.0,12.0,17.0,51.0,41.0,22.0,63.0,52.0,43.0,112.0,90.0,24.0,7.625,55.875,7.386038953902926,31.466251762801363,48.25,6.327868852459017,0.8031953861741096,0.11068570844573158,0.0,0.0,-0.08741591051467111,0.5859165604729768,0.6733324709876479
passportxyz,2024-10-01,0.0,0.0,0.0,0.0,4.0,3.0,59.0,59.0,55.0,51.0,70.0,72.0,59.0,61.0,76.0,65.0,28.0,15.625,60.25,26.816506110975755,15.266677063835095,44.625,2.856,0.6146937829538212,0.10793456211782906,0.0,0.0,0.029549209149224803,0.6510613914528549,0.6215121823036301
dimensiondev,2020-04-01,57.0,93.0,60.0,80.0,121.0,54.0,70.0,62.0,64.0,87.0,113.0,81.0,100.0,86.0,145.0,159.0,179.0,74.625,118.75,22.82816243152304,37.47284731261138,44.125,0.5912897822445561,0.005301520944189624,0.6701789317385228,0.0,0.0,0.8921669666704571,1.522140845698082,0.6299738790276249
ethersphere,2020-04-01,61.0,87.0,55.0,51.0,52.0,22.0,22.0,35.0,89.0,78.0,77.0,74.0,102.0,118.0,116.0,106.0,61.0,48.125,91.5,21.662591191795528,21.553919100048336,43.375,0.9012987012987013,0.6632581873268356,0.05166051660516607,0.0,0.0,0.504720007783802,1.1163816127376984,0.6116616049538964
nethermindeth,2019-10-01,23.0,36.0,11.0,37.0,108.0,126.0,148.0,41.0,34.0,87.0,197.0,120.0,92.0,64.0,104.0,128.0,51.0,66.25,105.375,52.54589830397258,45.21042073302507,39.125,0.590566037735849,0.3740057036913848,0.18842811754931835,0.0,0.0,0.7697191070223162,1.322983790988169,0.5532646839658528
sourcify-ethereum,2020-07-01,0.0,0.0,0.0,0.0,0.0,0.0,2.0,19.0,59.0,7.0,11.0,64.0,37.0,48.0,34.0,69.0,52.0,2.625,40.25,6.653409437488207,22.676293473896603,37.625,14.333333333333334,0.3928043181774525,0.45753047711653083,0.0,0.0,-0.16051911030460606,0.353256449830555,0.513775560135161
banyancomputer,2022-03-01,0.0,0.0,0.0,0.0,0.0,0.0,0.0,0.0,0.0,0.0,0.0,0.0,0.0,75.0,209.0,8.0,2.0,0.0,36.75,0.0,74.22889310388895,36.75,inf,0.0,0.08820441022051102,0.0,0.0,-0.19889829019432193,0.30114058504665253,0.5000388752409745
commons-stack,2020-02-01,30.0,11.0,12.0,0.0,3.0,7.0,1.0,10.0,15.0,13.0,6.0,3.0,1.0,17.0,104.0,133.0,67.0,9.25,43.0,9.558093055476226,51.6941555138075,33.75,3.6486486486486487,0.37979820544324067,0.5645705732308962,0.0,0.0,-0.06365737058294225,0.39420462930362127,0.4578619998865635
vyperlang,2019-10-01,0.0,0.0,0.0,0.0,0.0,0.0,0.0,0.0,0.0,3.0,27.0,58.0,20.0,25.0,21.0,35.0,78.0,0.0,33.375,0.0,23.80238583479756,33.375,inf,0.0,0.31621106853558706,0.0,0.0,-0.19889829019432193,0.25088600114788945,0.4497842913422114
redstone-finance,2022-06-01,0.0,0.0,1.0,1.0,4.0,2.0,11.0,38.0,17.0,40.0,25.0,10.0,33.0,35.0,83.0,53.0,36.0,7.125,39.375,12.988318927845459,21.480472859918944,32.25,4.526315789473684,0.5389919702399855,0.2043588595312733,0.0,0.0,-0.09472623049366462,0.3402274836345794,0.434953714128244
pairwise-general-magic,2023-04-01,0.0,0.0,0.0,0.0,0.0,0.0,0.0,0.0,0.0,0.0,0.0,3.0,14.0,26.0,38.0,165.0,12.0,0.0,32.25,0.0,55.257190870122436,32.25,inf,0.0,0.293163430015139,0.0,0.0,-0.19889829019432193,0.23413447318163505,0.433032763375957
pypa,2021-09-01,319.0,364.0,342.0,373.0,251.0,241.0,355.0,195.0,331.0,126.0,342.0,378.0,513.0,277.0,394.0,385.0,269.0,305.0,335.5,66.84951116393555,113.99373416364352,30.5,0.1,0.34065003151059053,0.06915394288143349,0.0,0.0,4.26039689699171,4.749601900529758,0.4892050035380473
clrfund,2020-04-01,0.0,0.0,0.0,0.0,0.0,0.0,0.0,0.0,27.0,6.0,18.0,15.0,27.0,21.0,52.0,30.0,64.0,0.0,29.125,0.0,19.526081458983448,29.125,inf,0.0,0.72716790336574,0.0,0.0,-0.19889829019432193,0.1876024510531507,0.38650074124747263
opentothepublic,2024-04-01,0.0,0.0,0.0,0.0,0.0,0.0,0.0,0.0,1.0,1.0,82.0,0.0,124.0,4.0,0.0,14.0,2.0,0.0,28.375,0.0,47.623336116416105,28.375,inf,0.0,0.07693951626963194,0.0,0.0,-0.19889829019432193,0.17643476574231445,0.37533305593663635
labdao,2022-08-01,0.0,0.0,11.0,8.0,21.0,2.0,1.0,14.0,0.0,3.0,3.0,0.0,3.0,29.0,41.0,114.0,90.0,7.125,35.375,7.754031209635412,44.13271381380743,28.25,3.9649122807017543,0.11202568345425486,0.7526635118845699,0.0,0.0,-0.09472623049366462,0.2806664953101194,0.375392725803784
banklessdao,2021-06-01,0.0,0.0,0.0,0.0,0.0,0.0,0.0,3.0,27.0,23.0,53.0,40.0,8.0,33.0,28.0,30.0,11.0,0.375,28.25,1.0606601717798212,14.694508206420908,27.875,74.33333333333333,0.3333333333333334,0.17366854118425412,0.0,0.0,-0.19341555021007678,0.17457348485717508,0.3679890350672519
nftstorage,2024-04-01,48.0,8.0,14.0,6.0,14.0,11.0,16.0,15.0,332.0,93.0,75.0,94.0,16.0,39.0,10.0,9.0,11.0,16.5,43.375,13.201731488169052,38.05611458284801,26.875,1.628787878787879,0.1798594847775176,0.7537088346799459,0.0,0.0,0.04234226911246342,0.3997884719590394,0.35744620284657597
vacp2p,2024-04-01,6.0,27.0,2.0,2.0,2.0,11.0,11.0,13.0,10.0,9.0,125.0,10.0,24.0,15.0,65.0,5.0,32.0,9.25,35.625,8.481071360893706,40.93178122542084,26.375,2.8513513513513513,0.00018915212559701144,0.04064847537130453,0.0,0.0,-0.06365737058294225,0.2843890570803982,0.34804642766334043
greenpill-dev-guild,2024-04-01,0.0,0.0,0.0,0.0,0.0,0.0,0.0,6.0,60.0,25.0,2.0,3.0,93.0,35.0,31.0,10.0,13.0,0.75,26.5,2.1213203435596424,29.57798409048769,25.75,34.333333333333336,0.3333333333333334,0.0003149202202108799,0.0,0.0,-0.18793281022583166,0.14851555246522383,0.3364483626910555
streamethorg,2023-08-01,0.0,0.0,0.0,0.0,0.0,0.0,0.0,0.0,2.0,13.0,27.0,61.0,12.0,10.0,42.0,14.0,22.0,0.0,25.125,0.0,17.955798904134404,25.125,inf,0.0,0.009813928340652242,0.0,0.0,-0.19889829019432193,0.1280414627286907,0.32693975292301264
givepraise,2022-06-01,0.0,0.0,0.0,0.0,0.0,0.0,0.0,0.0,0.0,0.0,0.0,0.0,0.0,24.0,45.0,25.0,98.0,0.0,24.0,0.0,34.27202107509023,24.0,inf,0.0,0.6811718849544197,0.0,0.0,-0.19889829019432193,0.11128993476243636,0.3101882249567583
quantum3-labs,2024-04-01,0.0,0.0,0.0,0.0,0.0,0.0,0.0,16.0,117.0,71.0,33.0,47.0,48.0,1.0,0.0,0.0,0.0,2.0,25.0,5.656854249492381,28.395170615541552,23.0,11.5,0.3333333333333334,0.7619764773379231,0.0,0.0,-0.16965701027834793,0.12618018184355134,0.2958371921218993
nounspace,2024-08-01,0.0,0.0,0.0,0.0,0.0,0.0,0.0,37.0,36.0,51.0,36.0,1.0,18.0,41.0,18.0,8.0,38.0,4.625,26.375,13.08147545195113,17.606309745575388,21.75,4.702702702702703,0.3333333333333333,0.06761690793029002,0.0,0.0,-0.13127783038863208,0.14665427158008446,0.27793210196871654
opencollective,2024-10-01,66.0,31.0,95.0,37.0,64.0,63.0,39.0,66.0,70.0,81.0,70.0,136.0,85.0,53.0,74.0,64.0,51.0,57.625,76.75,21.002975979608223,26.831484704141353,19.125,0.3318872017353579,0.0016211641925118023,0.24776172995242357,0.0,0.0,0.6436160873846783,0.8967504682912524,0.25313438090657403
eth-brownie,2020-07-01,0.0,0.0,0.0,0.0,0.0,0.0,8.0,40.0,21.0,19.0,15.0,29.0,21.0,33.0,23.0,19.0,37.0,6.0,24.5,14.020393310154626,7.690439333539869,18.5,3.0833333333333335,0.44296788482835003,0.281803542673108,0.0,0.0,-0.11117445044639998,0.11873505830299384,0.2299095087493938
0xbootleggers,2023-04-01,0.0,0.0,0.0,0.0,0.0,0.0,0.0,0.0,0.0,79.0,19.0,5.0,40.0,0.0,0.0,0.0,0.0,0.0,17.875,0.0,28.462694882951613,17.875,inf,0.0,0.5187418587246657,0.0,0.0,-0.19889829019432193,0.02008717139060701,0.21898546158492893
peeramid-labs,2024-08-01,0.0,0.0,0.0,0.0,0.0,0.0,0.0,0.0,0.0,3.0,30.0,11.0,20.0,20.0,25.0,25.0,2.0,0.0,17.0,0.0,10.501700542565203,17.0,inf,0.0,0.0007710338021218849,0.0,0.0,-0.19889829019432193,0.00705820519463139,0.2059564953889533
impact-stream-0xprimordia,2023-08-01,0.0,0.0,0.0,0.0,0.0,9.0,0.0,0.0,0.0,24.0,55.0,40.0,10.0,0.0,0.0,14.0,0.0,1.125,17.875,3.181980515339464,20.496950992769634,16.75,14.88888888888889,0.061224489795918366,0.5120945134971572,0.0,0.0,-0.18245007024158655,0.02008717139060701,0.20253724163219355
shenanigandapp,2020-07-01,0.0,0.0,0.0,0.0,0.0,0.0,1.0,0.0,1.0,28.0,17.0,32.0,0.0,15.0,11.0,1.0,29.0,0.125,16.625,0.3535533905932738,12.385907891055636,16.5,132.0,0.1700680272108843,0.08115358819584173,0.0,0.0,-0.19707071019957353,0.0014743625392132668,0.1985450727387868
optionhq,2024-04-01,0.0,0.0,0.0,0.0,0.0,0.0,3.0,0.0,0.0,0.0,19.0,58.0,13.0,25.0,18.0,0.0,0.0,0.375,16.625,1.0606601717798212,19.390258968284638,16.25,43.333333333333336,0.17006802721088443,0.09320034829415028,0.0,0.0,-0.19341555021007678,0.0014743625392132668,0.19488991274929005
aletheia-data,2021-09-01,0.0,0.0,0.0,0.0,0.0,0.0,0.0,0.0,0.0,0.0,0.0,0.0,0.0,57.0,8.0,24.0,37.0,0.0,15.75,0.0,21.625051610177884,15.75,inf,0.0,0.3847636503814907,0.0,0.0,-0.19889829019432193,-0.011554603656762353,0.18734368653755956
guardian-project,2024-10-01,0.0,8.0,7.0,6.0,11.0,1.0,0.0,5.0,10.0,5.0,0.0,27.0,8.0,15.0,10.0,57.0,39.0,4.75,20.125,4.06201920231798,19.540708424064,15.375,3.236842105263158,0.01669758812615955,0.5109555209634713,0.0,0.0,-0.12945025039388372,0.05359022732311575,0.18304047771699947
dethcrypto,2021-11-01,0.0,0.0,0.0,0.0,0.0,0.0,20.0,22.0,44.0,18.0,29.0,13.0,25.0,13.0,28.0,13.0,21.0,5.25,20.0,9.7357955137582,6.782329983125268,14.75,2.8095238095238093,0.5787849427638425,0.012496302868973677,0.0,0.0,-0.12213993041489021,0.051728946437976375,0.1738688768528666
lighthouse-sigp,2019-02-01,0.0,2.0,3.0,11.0,22.0,14.0,37.0,32.0,75.0,53.0,22.0,17.0,24.0,49.0,26.0,22.0,24.0,15.125,29.625,14.024850393905405,13.490075717250177,14.5,0.9586776859504132,0.8484058534898302,0.10654125255243889,0.0,0.0,0.02223888917023131,0.1950475745937082,0.17280868542347688
enviodev,2024-09-01,8.0,0.0,0.0,2.0,7.0,11.0,5.0,4.0,32.0,41.0,27.0,11.0,3.0,1.0,28.0,13.0,28.0,4.625,19.0,3.9256482631170977,14.09153748075165,14.375,3.108108108108108,0.06759366550791812,0.053717026378896894,0.0,0.0,-0.13127783038863208,0.036838699356861376,0.16811652974549346
raid-guild,2020-02-01,0.0,0.0,0.0,0.0,0.0,0.0,0.0,11.0,0.0,4.0,11.0,32.0,22.0,10.0,25.0,2.0,19.0,1.375,15.625,3.8890872965260113,10.568653110563737,14.25,10.363636363636363,0.3333333333333334,0.005549845837615622,0.0,0.0,-0.1787949102520898,-0.013415884541901728,0.16537902571018806
metagame-metafam,2020-01-01,0.0,0.0,0.0,0.0,0.0,0.0,0.0,0.0,0.0,4.0,20.0,2.0,0.0,9.0,65.0,7.0,1.0,0.0,13.5,0.0,21.77154105707724,13.5,inf,0.0,0.02250351617440226,0.0,0.0,-0.19889829019432193,-0.04505765958927109,0.15384063060505082
daomasons,2024-04-01,0.0,0.0,0.0,0.0,0.0,0.0,0.0,144.0,73.0,34.0,54.0,59.0,101.0,0.0,0.0,0.0,0.0,18.0,31.0,50.91168824543142,37.92097045171708,13.0,0.7222222222222222,0.3333333333333334,0.3653245721097897,0.0,0.0,0.06427322904944391,0.2155216643302413,0.1512484352807974
viaprize,2023-04-01,0.0,0.0,0.0,0.0,0.0,0.0,0.0,0.0,0.0,0.0,0.0,0.0,4.0,60.0,19.0,1.0,18.0,0.0,12.75,0.0,20.707141625190914,12.75,inf,0.0,0.11806795015190821,0.0,0.0,-0.19889829019432193,-0.05622534490010734,0.1426729452942146
zokrates,2019-02-01,0.0,0.0,0.0,0.0,1.0,11.0,15.0,24.0,22.0,12.0,24.0,14.0,18.0,36.0,20.0,9.0,14.0,6.375,18.375,9.241791724861272,8.551315688243536,12.0,1.8823529411764706,0.7639058968768356,0.007267864410721553,0.0,0.0,-0.10569171046215485,0.02753229493116451,0.13322400539331936
crunchdao,2022-08-01,0.0,0.0,0.0,0.0,0.0,0.0,0.0,0.0,72.0,52.0,4.0,20.0,4.0,0.0,6.0,3.0,6.0,0.0,11.875,0.0,17.274568425454635,11.875,inf,0.0,0.3964568533415402,0.0,0.0,-0.19889829019432193,-0.06925431109608296,0.12964397909823897
beacon-chain,2020-02-01,0.0,0.0,0.0,0.0,0.0,4.0,6.0,2.0,0.0,0.0,7.0,19.0,28.0,8.0,34.0,4.0,5.0,1.5,13.125,2.32992949004287,12.403196592583935,11.625,7.75,0.4912280701754388,0.011193101732857973,0.0,0.0,-0.17696733025734143,-0.05064150224468921,0.1263258280126522
zkemail,2023-08-01,0.0,0.0,0.0,2.0,5.0,8.0,4.0,1.0,11.0,10.0,17.0,15.0,14.0,21.0,21.0,10.0,3.0,2.5,13.875,2.9277002188455996,6.104740546727366,11.375,4.55,0.28928571428571426,0.07942592465831569,0.0,0.0,-0.16234669029935445,-0.03947381693385297,0.12287287336550148
valist-io,2020-12-01,0.0,0.0,0.0,0.0,0.0,0.0,0.0,0.0,0.0,0.0,0.0,0.0,0.0,0.0,10.0,68.0,13.0,0.0,11.375,0.0,23.47605162713696,11.375,inf,0.0,0.3279022654650429,0.0,0.0,-0.19889829019432193,-0.07669943463664046,0.12219885555768147
bootnodedev,2024-10-01,0.0,0.0,0.0,0.0,7.0,0.0,29.0,38.0,11.0,23.0,9.0,16.0,6.0,11.0,35.0,60.0,4.0,9.25,20.5,15.350663084793997,18.905781428668096,11.25,1.2162162162162162,0.6305085235064016,0.08054508773933237,0.0,0.0,-0.06365737058294225,0.05917406997853387,0.12283144056147613
ambiretech,2023-11-01,34.0,6.0,2.0,4.0,3.0,1.0,0.0,0.0,2.0,2.0,5.0,9.0,20.0,44.0,17.0,15.0,23.0,6.25,16.875,11.398621470536312,13.152267593732377,10.625,1.7,0.4842011570983535,0.29506899280823107,0.0,0.0,-0.10751929045690323,0.005196924309492016,0.11271621476639525
w3c,2021-11-01,1558.0,1229.0,1045.0,1357.0,1154.0,889.0,1098.0,356.0,1266.0,996.0,1130.0,934.0,1328.0,887.0,1343.0,1121.0,1030.0,1085.75,1096.125,357.53751051962564,169.40858259587338,10.375,0.009555606723463044,0.6310552268646056,0.028397966610053917,0.0,0.0,15.675461544190053,16.075496086602847,0.40003454241279357
amphitheatre-app,2023-11-01,1.0,4.0,20.0,27.0,35.0,25.0,21.0,15.0,20.0,88.0,54.0,22.0,13.0,6.0,14.0,16.0,18.0,18.5,28.875,11.489125293076057,27.915369550533576,10.375,0.5608108108108109,0.27337146980004123,0.5516264939945593,0.0,0.0,0.0715835490284374,0.18387988928287194,0.11229634025443454
samepage-network,2022-08-01,0.0,0.0,0.0,0.0,0.0,0.0,0.0,0.0,0.0,0.0,0.0,0.0,1.0,0.0,39.0,21.0,21.0,0.0,10.25,0.0,14.945137766415634,10.25,inf,0.0,0.5155709869493049,0.0,0.0,-0.19889829019432193,-0.09345096260289483,0.1054473275914271
citizenwallet,2023-08-01,0.0,0.0,0.0,0.0,0.0,0.0,0.0,0.0,10.0,17.0,4.0,2.0,12.0,6.0,18.0,11.0,11.0,0.0,10.125,0.0,5.792544469278715,10.125,inf,0.0,0.031044882029448304,0.0,0.0,-0.19889829019432193,-0.0953122434880342,0.10358604670628772
supermodular-xyz,2023-06-01,0.0,12.0,10.0,0.0,0.0,1.0,3.0,1.0,0.0,12.0,36.0,33.0,23.0,2.0,0.0,0.0,0.0,3.375,13.25,4.838461975226661,15.387843068010353,9.875,2.925925925925926,0.15346336856634346,0.529541047188106,0.0,0.0,-0.14955363033611582,-0.04878022135954984,0.10077340897656598
blobscan,2023-04-01,0.0,0.0,0.0,0.0,0.0,16.0,0.0,32.0,20.0,22.0,15.0,30.0,25.0,7.0,10.0,13.0,1.0,6.0,15.375,11.904380946285519,9.723866074179108,9.375,1.5625,0.4439324116743472,0.49665002922793294,0.0,0.0,-0.11117445044639998,-0.017138446312180478,0.0940360041342195
corpus-io,2023-04-01,0.0,0.0,0.0,0.0,0.0,2.0,0.0,6.0,1.0,5.0,11.0,8.0,11.0,5.0,13.0,29.0,1.0,1.0,10.375,2.138089935299395,8.501050355271232,9.375,9.375,0.42857142857142866,0.059314954051796154,0.0,0.0,-0.18427765023633494,-0.09158968171775544,0.0926879685185795
wearekickback,2019-10-01,0.0,4.0,1.0,0.0,0.0,2.0,1.0,8.0,1.0,6.0,21.0,20.0,4.0,17.0,9.0,10.0,1.0,2.0,11.0,2.7774602993176543,7.521398046336104,9.0,4.5,0.21340388007054678,0.18187830687830692,0.0,0.0,-0.16965701027834793,-0.08228327729205857,0.08737373298628935
walletconnect,2020-02-01,20.0,23.0,23.0,11.0,3.0,5.0,9.0,5.0,10.0,10.0,16.0,32.0,33.0,29.0,16.0,14.0,19.0,12.375,21.125,8.399617338222702,8.88718981777383,8.75,0.7070707070707071,0.6769714719600824,1.0766232787485335e-05,0.0,0.0,-0.017967870714232913,0.06848047440423075,0.08644834511846367
eth-pkg,2023-11-01,0.0,0.0,0.0,0.0,0.0,0.0,0.0,0.0,0.0,0.0,0.0,0.0,6.0,17.0,39.0,3.0,2.0,0.0,8.375,0.0,13.616560295673583,8.375,inf,0.0,0.1130465091747958,0.0,0.0,-0.19889829019432193,-0.12137017587998544,0.07752811431433648
couger-inc,2020-07-01,0.0,0.0,0.0,0.0,0.0,0.0,0.0,0.0,0.0,0.0,0.0,0.0,5.0,24.0,17.0,16.0,5.0,0.0,8.375,0.0,9.334077351297235,8.375,inf,0.0,0.3340360534457685,0.0,0.0,-0.19889829019432193,-0.12137017587998544,0.07752811431433648
lexdao,2020-02-01,0.0,0.0,0.0,0.0,0.0,0.0,0.0,0.0,0.0,0.0,0.0,16.0,20.0,1.0,0.0,4.0,25.0,0.0,8.25,0.0,10.37510757259206,8.25,inf,0.0,0.12942774986570613,0.0,0.0,-0.19889829019432193,-0.12323145676512481,0.07566683342919711
revm-bluealloy,2022-06-01,1.0,5.0,3.0,2.0,3.0,3.0,3.0,1.0,3.0,3.0,9.0,10.0,11.0,15.0,10.0,12.0,17.0,2.625,10.875,1.3024701806293193,4.189698250300543,8.25,3.142857142857143,0.04060150375939849,0.6631303589594534,0.0,0.0,-0.16051911030460606,-0.08414455817719795,0.07637455212740811
wighawag,2020-07-01,0.0,0.0,0.0,0.0,0.0,0.0,0.0,0.0,0.0,0.0,0.0,11.0,10.0,5.0,10.0,14.0,12.0,0.0,7.75,0.0,5.4182232195751086,7.75,inf,0.0,0.6174255590313987,0.0,0.0,-0.19889829019432193,-0.1306765803056823,0.06822170988863963
quest-chains,2022-08-01,0.0,0.0,0.0,0.0,0.0,0.0,0.0,40.0,6.0,4.0,4.0,49.0,14.0,6.0,18.0,6.0,0.0,5.0,12.625,14.142135623730951,15.810823598318427,7.625,1.525,0.3333333333333333,0.04817010738862301,0.0,0.0,-0.12579509040438697,-0.05808662578524671,0.06770846461914026
ethui,2024-04-01,0.0,0.0,0.0,0.0,0.0,0.0,0.0,4.0,3.0,1.0,10.0,2.0,2.0,4.0,2.0,15.0,29.0,0.5,8.125,1.4142135623730951,9.760525454239497,7.625,15.25,0.3333333333333334,0.4438702191279512,0.0,0.0,-0.19158797021532842,-0.12509273765026419,0.06649523256506423
ezkl-zkonduit,2023-04-01,0.0,0.0,6.0,0.0,3.0,2.0,13.0,13.0,8.0,17.0,17.0,12.0,14.0,3.0,17.0,9.0,8.0,4.625,12.125,5.5533130394644346,5.139135558215436,7.5,1.6216216216216217,0.5958309206716851,0.31556070704143735,0.0,0.0,-0.13127783038863208,-0.0655317493258042,0.06574608106282788
talent-dao,2022-03-01,0.0,0.0,0.0,0.0,0.0,0.0,0.0,0.0,0.0,0.0,0.0,0.0,0.0,0.0,22.0,34.0,3.0,0.0,7.375,0.0,13.16855019680277,7.375,inf,0.0,0.32387915520445654,0.0,0.0,-0.19889829019432193,-0.13626042296110044,0.06263786723322148
ethstorage,2024-01-01,7.0,10.0,10.0,13.0,22.0,14.0,36.0,55.0,54.0,24.0,33.0,19.0,28.0,23.0,34.0,31.0,32.0,20.875,28.0,16.617009357883866,5.451081150953975,7.125,0.3413173652694611,0.7303732719887414,0.2116529304029304,0.0,0.0,0.1063075689286565,0.17085092308689634,0.06454335415823984
leastauthority,2020-07-01,0.0,0.0,0.0,1.0,6.0,3.0,0.0,2.0,3.0,2.0,4.0,13.0,7.0,2.0,7.0,18.0,10.0,1.5,7.875,2.138089935299395,5.5917669070569405,6.375,4.25,0.14583333333333334,0.28851540616246496,0.0,0.0,-0.17696733025734143,-0.12881529942054293,0.048152030836798504
defi-llama,2021-09-01,0.0,0.0,6.0,8.0,5.0,10.0,9.0,12.0,19.0,1.0,19.0,13.0,19.0,6.0,18.0,15.0,10.0,6.25,12.625,4.432026302139591,6.566962768281849,6.375,1.02,0.8244155844155844,0.039929015084294577,0.0,0.0,-0.10751929045690323,-0.05808662578524671,0.049432664671656516
dapp-learning-dao,2021-09-01,0.0,0.0,0.0,0.0,0.0,0.0,0.0,0.0,0.0,0.0,0.0,4.0,6.0,2.0,13.0,10.0,15.0,0.0,6.25,0.0,5.8248237251071755,6.25,inf,0.0,0.7940852130325816,0.0,0.0,-0.19889829019432193,-0.1530119509273548,0.04588633926696711
eden-network,2020-07-01,0.0,0.0,0.0,0.0,0.0,0.0,0.0,0.0,0.0,0.0,0.0,0.0,0.0,0.0,0.0,2.0,47.0,0.0,6.125,0.0,16.53081538046013,6.125,inf,0.0,0.3576049514100878,0.0,0.0,-0.19889829019432193,-0.15487323181249418,0.04402505838182774
goodhive,2023-04-01,0.0,0.0,0.0,0.0,2.0,0.0,5.0,3.0,33.0,21.0,17.0,4.0,0.0,7.0,0.0,9.0,1.0,1.25,7.375,1.9086270308410553,7.945124291035352,6.125,4.9,0.5378151260504203,0.4610358995083182,0.0,0.0,-0.18062249024683819,-0.13626042296110044,0.044362067285737744
0xeigenlabs,2022-08-01,0.0,0.0,0.0,0.0,0.0,0.0,0.0,0.0,4.0,2.0,12.0,2.0,1.0,5.0,2.0,5.0,16.0,0.0,5.625,0.0,5.475595205741825,5.625,inf,0.0,0.12731501177004453,0.0,0.0,-0.19889829019432193,-0.16231835535305167,0.036579934841270256
wtfacademy,2022-06-01,0.0,0.0,0.0,0.0,0.0,0.0,0.0,0.0,0.0,0.0,2.0,4.0,13.0,8.0,1.0,8.0,6.0,0.0,5.25,0.0,4.367084676466507,5.25,inf,0.0,0.14999108257535226,0.0,0.0,-0.19889829019432193,-0.16790219800846978,0.030996092185852142
0xfableorg,2023-08-01,0.0,0.0,0.0,0.0,0.0,0.0,0.0,0.0,0.0,0.0,6.0,0.0,11.0,7.0,15.0,3.0,0.0,0.0,5.25,0.0,5.599744892148468,5.25,inf,0.0,0.01833170625881332,0.0,0.0,-0.19889829019432193,-0.16790219800846978,0.030996092185852142
thescinitiative,2022-08-01,0.0,0.0,0.0,0.0,0.0,0.0,0.0,7.0,7.0,15.0,1.0,5.0,1.0,3.0,3.0,4.0,17.0,0.875,6.125,2.4748737341529163,6.266407036161723,5.25,6.0,0.3333333333333334,0.013534290478355963,0.0,0.0,-0.1861052302310833,-0.15487323181249418,0.03123199841858912
sargo-io,2024-08-01,0.0,0.0,0.0,0.0,0.0,0.0,0.0,0.0,0.0,0.0,0.0,2.0,5.0,1.0,0.0,0.0,34.0,0.0,5.25,0.0,11.744299529072451,5.25,inf,0.0,0.3204853147887846,0.0,0.0,-0.19889829019432193,-0.16790219800846978,0.030996092185852142
namesys-eth,2023-04-01,0.0,0.0,0.0,0.0,0.0,0.0,0.0,0.0,1.0,7.0,0.0,4.0,9.0,4.0,1.0,0.0,17.0,0.0,5.25,0.0,5.7507763451058125,5.25,inf,0.0,0.08063354931605474,0.0,0.0,-0.19889829019432193,-0.16790219800846978,0.030996092185852142
lido,2021-01-01,0.0,0.0,0.0,0.0,0.0,0.0,15.0,46.0,5.0,0.0,9.0,2.0,12.0,16.0,21.0,23.0,20.0,7.625,12.875,16.37016013535429,8.692155741159464,5.25,0.6885245901639344,0.5001126458446378,0.8265635727228732,0.0,0.0,-0.08741591051467111,-0.05436406401496796,0.03305184649970315
rndao,2022-06-01,0.0,0.0,0.0,0.0,0.0,0.0,0.0,0.0,0.0,0.0,0.0,0.0,0.0,1.0,5.0,18.0,17.0,0.0,5.125,0.0,7.827378689117906,5.125,inf,0.0,0.7026273056584919,0.0,0.0,-0.19889829019432193,-0.16976347889360918,0.029134811300712743
snapshot-labs,2020-10-01,0.0,0.0,0.0,0.0,0.0,0.0,0.0,0.0,0.0,0.0,4.0,4.0,10.0,2.0,6.0,6.0,9.0,0.0,5.125,0.0,3.3567628964311944,5.125,inf,0.0,0.3804241189344201,0.0,0.0,-0.19889829019432193,-0.16976347889360918,0.029134811300712743
poapin-glory-lab,2022-06-01,0.0,0.0,0.0,0.0,0.0,0.0,0.0,0.0,0.0,0.0,33.0,1.0,0.0,4.0,0.0,3.0,0.0,0.0,5.125,0.0,11.36960233002268,5.125,inf,0.0,0.14604095540688994,0.0,0.0,-0.19889829019432193,-0.16976347889360918,0.029134811300712743
akula-bft,2022-05-01,0.0,3.0,1.0,5.0,3.0,5.0,1.0,9.0,1.0,1.0,13.0,29.0,20.0,4.0,0.0,0.0,0.0,3.375,8.375,2.9246489410818914,11.121889613344873,5.0,1.4814814814814814,0.3945720250521921,0.21052884846735,0.0,0.0,-0.14955363033611582,-0.12137017587998544,0.02818345445613038
plume-sig,2023-04-01,0.0,0.0,0.0,0.0,0.0,0.0,0.0,0.0,2.0,11.0,0.0,2.0,0.0,10.0,8.0,3.0,4.0,0.0,4.75,0.0,4.367084676466507,4.75,inf,0.0,0.0016051364365971112,0.0,0.0,-0.19889829019432193,-0.1753473215490273,0.02355096864529463
0xfacet,2023-08-01,0.0,0.0,0.0,0.0,0.0,0.0,0.0,0.0,0.0,0.0,0.0,6.0,8.0,22.0,0.0,0.0,0.0,0.0,4.5,0.0,7.764387566686396,4.5,inf,0.0,0.0002256826901376665,0.0,0.0,-0.19889829019432193,-0.17906988331930604,0.019828406875015886
gelato,2020-02-01,0.0,0.0,0.0,0.0,2.0,9.0,0.0,0.0,0.0,0.0,0.0,0.0,0.0,10.0,17.0,18.0,2.0,1.375,5.875,3.1594529363709247,7.936128959205669,4.5,3.272727272727273,0.07164153675781584,0.3675726031836041,0.0,0.0,-0.1787949102520898,-0.15859579358277293,0.02019911666931687
pentaclexyz,2022-08-01,0.0,0.0,0.0,0.0,0.0,0.0,0.0,0.0,5.0,14.0,12.0,3.0,4.0,2.0,0.0,0.0,0.0,0.0,4.375,0.0,5.5533130394644346,4.375,inf,0.0,0.787520335291036,0.0,0.0,-0.19889829019432193,-0.1809311642044454,0.017967125989876515
learnweb3dao,2022-03-01,0.0,0.0,0.0,0.0,0.0,0.0,2.0,2.0,1.0,14.0,1.0,3.0,0.0,5.0,5.0,4.0,7.0,0.5,4.875,0.9258200997725514,4.323936698360485,4.375,8.75,0.5714285714285715,0.024059671624141542,0.0,0.0,-0.19158797021532842,-0.17348604066388792,0.018101929551440493
openbuildxyz,2023-11-01,0.0,0.0,0.0,0.0,0.0,1.0,0.0,0.0,0.0,0.0,3.0,1.0,12.0,11.0,4.0,4.0,0.0,0.125,4.375,0.3535533905932738,4.68851179556401,4.25,34.0,0.061224489795918366,0.006537464701558932,0.0,0.0,-0.19707071019957353,-0.1809311642044454,0.016139545995128124
geo-web,2020-12-01,0.0,0.0,0.0,0.0,0.0,15.0,7.0,4.0,0.0,15.0,6.0,4.0,7.0,0.0,22.0,5.0,1.0,3.25,7.5,5.4182232195751086,7.4258236676383005,4.25,1.3076923076923077,0.33785192909280504,0.04835924006908464,0.0,0.0,-0.15138121033086419,-0.13439914207596107,0.016982068254903115
zeropoolnetwork,2020-04-01,0.0,1.0,0.0,0.0,0.0,17.0,0.0,0.0,4.0,0.0,0.0,0.0,1.0,0.0,0.0,2.0,48.0,2.25,6.375,5.970163912561961,16.834806630481808,4.125,1.8333333333333333,0.05048191621337915,0.3571203542849943,0.0,0.0,-0.1660018502888512,-0.15115067004221544,0.014851180246635759
paulmillr,2021-04-01,13.0,2.0,6.0,9.0,11.0,24.0,13.0,11.0,11.0,7.0,22.0,23.0,17.0,17.0,4.0,16.0,15.0,11.125,15.125,6.401729676981281,6.62112420320641,4.0,0.3595505617977528,0.19522772071791678,0.01864028707205896,0.0,0.0,-0.03624367066171665,-0.020861008082459224,0.015382662579257429
ethereum-attestation-service,2023-08-01,0.0,0.0,0.0,0.0,3.0,10.0,9.0,3.0,19.0,8.0,7.0,7.0,8.0,4.0,7.0,6.0,10.0,3.125,7.125,4.155461122770509,1.7268882005337975,4.0,1.28,0.4826414536859212,0.0071285999429712005,0.0,0.0,-0.15320879032561258,-0.13998298473137918,0.013225805594233392
astrodevs-labs,2023-09-01,0.0,0.0,0.0,0.0,0.0,0.0,38.0,63.0,43.0,64.0,17.0,4.0,13.0,4.0,5.0,19.0,6.0,12.625,16.5,24.313062332828416,20.10685739457348,3.875,0.3069306930693069,0.5727591946061574,0.3399040888440182,0.0,0.0,-0.014312710724736166,-0.0003869183459261074,0.013925792378810059
efdevcon,2022-08-01,0.0,0.0,0.0,0.0,1.0,0.0,2.0,0.0,4.0,1.0,15.0,7.0,2.0,1.0,0.0,1.0,7.0,0.375,4.25,0.7440238091428449,5.1478150704935,3.875,10.333333333333334,0.18586789554531497,0.08022076755230392,0.0,0.0,-0.19341555021007678,-0.18279244508958478,0.010623105120491999
darkforest-eth,2021-03-01,0.0,1.0,0.0,0.0,0.0,3.0,1.0,0.0,0.0,0.0,0.0,4.0,21.0,7.0,0.0,2.0,2.0,0.625,4.5,1.0606601717798212,7.091242083423347,3.875,6.2,0.061224489795918366,6.764069264069264e-05,0.0,0.0,-0.18976039022058006,-0.17906988331930604,0.010690506901274016
internetmaximalism,2022-08-01,0.0,0.0,3.0,0.0,1.0,0.0,0.0,0.0,5.0,2.0,2.0,4.0,13.0,2.0,6.0,0.0,6.0,0.5,4.375,1.0690449676496976,4.0686080455816125,3.875,7.75,0.04761904761904762,0.008681358195921304,0.0,0.0,-0.19158797021532842,-0.1809311642044454,0.010656806010883008
kiwi-news-attestate,2022-08-01,0.0,0.0,0.0,0.0,0.0,0.0,0.0,0.0,0.0,0.0,0.0,0.0,0.0,4.0,0.0,0.0,27.0,0.0,3.875,0.0,9.448166866797873,3.875,inf,0.0,0.35482334562150536,0.0,0.0,-0.19889829019432193,-0.18837628774500292,0.010522002449319001
aztecprotocol,2021-11-01,1.0,0.0,2.0,0.0,0.0,0.0,0.0,2.0,2.0,0.0,4.0,4.0,2.0,0.0,2.0,11.0,12.0,0.625,4.375,0.9161253813129043,4.657942525560891,3.75,6.0,0.0010131712259371837,0.48289241622574963,0.0,0.0,-0.18976039022058006,-0.1809311642044454,0.008829226016134645
openlabelsinitiative,2024-10-01,0.0,0.0,0.0,0.0,0.0,0.0,0.0,0.0,2.0,0.0,0.0,19.0,6.0,4.0,1.0,0.0,0.0,0.0,3.75,0.0,6.562882641905809,3.75,inf,0.0,0.06191265892758433,0.0,0.0,-0.19889829019432193,-0.1902375686301423,0.00866072156417963
eco-mint,2022-08-01,0.0,0.0,0.0,0.0,0.0,0.0,0.0,0.0,0.0,10.0,7.0,4.0,2.0,0.0,0.0,1.0,6.0,0.0,3.75,0.0,3.654742515847438,3.75,inf,0.0,0.33002291825821234,0.0,0.0,-0.19889829019432193,-0.1902375686301423,0.00866072156417963
orange-wallet,2021-06-01,0.0,0.0,0.0,0.0,0.0,0.0,0.0,0.0,0.0,0.0,1.0,0.0,4.0,7.0,6.0,7.0,2.0,0.0,3.375,0.0,3.020761493398643,3.375,inf,0.0,0.39371913148821175,0.0,0.0,-0.19889829019432193,-0.1958214112855604,0.0030768789087615156
naturalselectionlabs,2021-06-01,0.0,0.0,0.0,0.0,0.0,0.0,0.0,0.0,4.0,16.0,1.0,0.0,0.0,0.0,2.0,1.0,7.0,0.0,3.375,0.0,5.604526232048012,3.375,inf,0.0,0.08795581905303339,0.0,0.0,-0.19889829019432193,-0.1958214112855604,0.0030768789087615156
blockscout,2020-07-01,0.0,0.0,0.0,0.0,0.0,0.0,0.0,0.0,0.0,0.0,0.0,2.0,0.0,0.0,0.0,0.0,25.0,0.0,3.375,0.0,8.765802057671944,3.375,inf,0.0,0.31606963026902624,0.0,0.0,-0.19889829019432193,-0.1958214112855604,0.0030768789087615156
ethereum-burn-stats-mohamedmansour,2020-12-01,0.0,0.0,0.0,0.0,0.0,0.0,0.0,0.0,0.0,0.0,0.0,0.0,0.0,0.0,1.0,11.0,14.0,0.0,3.25,0.0,5.775564289066727,3.25,inf,0.0,0.6203732028143165,0.0,0.0,-0.19889829019432193,-0.19768269217069978,0.0012155980236221442
dig-dao,2024-04-01,0.0,0.0,0.0,0.0,0.0,0.0,3.0,0.0,25.0,14.0,0.0,13.0,1.0,0.0,0.0,0.0,0.0,0.375,3.5,1.0606601717798212,6.187545093630776,3.125,8.333333333333334,0.17006802721088443,0.42297441364605526,0.0,0.0,-0.19341555021007678,-0.19396013040042104,-0.0005445801903442571
techstationspace,2022-06-01,0.0,0.0,0.0,0.0,0.0,0.0,4.0,0.0,0.0,0.0,20.0,8.0,0.0,0.0,0.0,0.0,0.0,0.5,3.5,1.4142135623730951,7.230886134196436,3.0,6.0,0.1700680272108843,0.25006505334374185,0.0,0.0,-0.19158797021532842,-0.19396013040042104,-0.00237216018509262
all-weather-protocol,2023-09-01,0.0,0.0,0.0,0.0,0.0,0.0,0.0,0.0,0.0,0.0,5.0,6.0,6.0,7.0,0.0,0.0,0.0,0.0,3.0,0.0,3.251373336211726,3.0,inf,0.0,0.14189189189189194,0.0,0.0,-0.19889829019432193,-0.20140525394097852,-0.0025069637466565986
circuitscan,2024-04-01,0.0,0.0,0.0,0.0,0.0,0.0,0.0,0.0,4.0,0.0,3.0,1.0,0.0,4.0,11.0,4.0,1.0,0.0,3.0,0.0,3.625307868699863,3.0,inf,0.0,0.13690476190476192,0.0,0.0,-0.19889829019432193,-0.20140525394097852,-0.0025069637466565986
goerli,2020-04-01,0.0,0.0,0.0,0.0,3.0,0.0,2.0,1.0,0.0,0.0,0.0,1.0,18.0,2.0,7.0,2.0,0.0,0.75,3.75,1.164964745021435,6.2048368229954285,3.0,4.0,0.25062656641604014,0.0031804929764113437,0.0,0.0,-0.18793281022583166,-0.1902375686301423,-0.0023047584043106306
deplatformr,2020-12-01,0.0,0.0,0.0,0.0,0.0,0.0,0.0,0.0,0.0,0.0,2.0,16.0,5.0,0.0,0.0,0.0,0.0,0.0,2.875,0.0,5.5917669070569405,2.875,inf,0.0,0.10793832095945174,0.0,0.0,-0.19889829019432193,-0.2032665348261179,-0.00436824463179597
zenbiteth,2023-04-01,0.0,12.0,7.0,2.0,0.0,0.0,0.0,0.0,0.0,0.0,0.0,0.0,19.0,21.0,4.0,0.0,0.0,2.625,5.5,4.50198368975912,9.071147352221454,2.875,1.0952380952380953,0.2890287392490035,0.0020254629629629637,0.0,0.0,-0.16051911030460606,-0.16417963623819104,-0.003660525933584985
coin-cashew,2020-12-01,0.0,0.0,0.0,2.0,4.0,0.0,3.0,7.0,7.0,4.0,11.0,2.0,15.0,6.0,1.0,0.0,0.0,2.0,4.875,2.5634797778466227,5.514591035218685,2.875,1.4375,0.5636645962732921,0.2523557867069317,0.0,0.0,-0.16965701027834793,-0.17348604066388792,-0.00382903038554
protspec,2024-04-01,0.0,0.0,0.0,0.0,0.0,0.0,0.0,0.0,0.0,1.0,0.0,22.0,0.0,0.0,0.0,0.0,0.0,0.0,2.875,0.0,7.735585673643962,2.875,inf,0.0,0.07572721717753053,0.0,0.0,-0.19889829019432193,-0.2032665348261179,-0.00436824463179597
lp-finance-inc,2022-10-01,0.0,0.0,0.0,0.0,0.0,0.0,0.0,0.0,0.0,0.0,0.0,1.0,0.0,0.0,10.0,10.0,1.0,0.0,2.75,0.0,4.496029994816062,2.75,inf,0.0,0.2968197879858658,0.0,0.0,-0.19889829019432193,-0.2051278157112573,-0.006229525516935369
decentri-fi,2022-03-01,0.0,0.0,0.0,0.0,0.0,0.0,0.0,0.0,0.0,0.0,0.0,0.0,0.0,0.0,0.0,0.0,21.0,0.0,2.625,0.0,7.424621202458749,2.625,inf,0.0,0.3333333333333334,0.0,0.0,-0.19889829019432193,-0.20698909659639667,-0.00809080640207474
smoldapp,2024-04-01,2.0,0.0,1.0,0.0,0.0,0.0,0.0,3.0,1.0,2.0,0.0,5.0,14.0,2.0,0.0,1.0,2.0,0.75,3.25,1.164964745021435,4.621378891320518,2.5,3.3333333333333335,0.010025062656641607,0.019270584487975796,0.0,0.0,-0.18793281022583166,-0.19768269217069978,-0.009749881944868116
turbo-eth,2023-04-01,0.0,0.0,2.0,0.0,0.0,1.0,0.0,6.0,14.0,8.0,6.0,5.0,7.0,2.0,0.0,1.0,0.0,1.125,3.625,2.100170061141308,3.2486260832190936,2.5,2.2222222222222223,0.29323308270676696,0.8219321569575376,0.0,0.0,-0.18245007024158655,-0.19209884951528167,-0.009648779273695118
cronian-tech,2023-11-01,0.0,0.0,0.0,0.0,0.0,0.0,0.0,0.0,7.0,1.0,0.0,0.0,0.0,0.0,0.0,19.0,0.0,0.0,2.5,0.0,6.676183683170241,2.5,inf,0.0,0.14774114774114777,0.0,0.0,-0.19889829019432193,-0.20885037748153604,-0.009952087287214112
bladedaogames,2023-08-01,0.0,0.0,0.0,0.0,0.0,0.0,0.0,0.0,0.0,0.0,0.0,0.0,19.0,0.0,0.0,0.0,0.0,0.0,2.375,0.0,6.7175144212722016,2.375,inf,0.0,0.006802721088435374,0.0,0.0,-0.19889829019432193,-0.2107116583666754,-0.011813368172353483
grassrootseconomics,2020-04-01,0.0,0.0,0.0,1.0,0.0,0.0,0.0,45.0,57.0,64.0,1.0,0.0,0.0,0.0,0.0,0.0,0.0,5.75,8.125,15.863254935316936,22.57962102680835,2.375,0.41304347826086957,0.33317113390914127,0.3422597156967233,0.0,0.0,-0.11482961043589672,-0.12509273765026419,-0.010263127214367465
adcommune,2024-04-01,0.0,0.0,0.0,0.0,0.0,0.0,0.0,0.0,4.0,2.0,10.0,1.0,0.0,5.0,0.0,0.0,0.0,0.0,2.25,0.0,3.575711717366808,2.25,inf,0.0,0.2556530992285182,0.0,0.0,-0.19889829019432193,-0.21257293925181478,-0.013674649057492855
pool-together,2021-03-01,1.0,5.0,0.0,2.0,3.0,0.0,0.0,1.0,5.0,8.0,12.0,4.0,3.0,2.0,1.0,0.0,0.0,1.5,3.75,1.7728105208558367,4.234214381508266,2.25,1.5,0.15584415584415587,0.7529880478087652,0.0,0.0,-0.17696733025734143,-0.1902375686301423,-0.013270238372800863
algoveraai,2021-11-01,0.0,0.0,0.0,0.0,0.0,0.0,0.0,0.0,16.0,16.0,2.0,0.0,0.0,0.0,0.0,0.0,0.0,0.0,2.25,0.0,5.599744892148468,2.25,inf,0.0,0.40362295259789577,0.0,0.0,-0.19889829019432193,-0.21257293925181478,-0.013674649057492855
tryethernal,2022-03-01,5.0,0.0,5.0,0.0,0.0,1.0,1.0,6.0,9.0,2.0,7.0,3.0,4.0,4.0,5.0,11.0,0.0,2.25,4.5,2.6049403612586386,3.3380918415851206,2.25,1.0,0.0,0.010989010989010992,0.0,0.0,-0.1660018502888512,-0.17906988331930604,-0.01306803303045484
notarizedscreenshot,2023-04-01,0.0,0.0,0.0,0.0,0.0,16.0,32.0,28.0,15.0,46.0,36.0,2.0,10.0,0.0,0.0,0.0,0.0,9.5,11.75,13.846092795958207,18.560711193270585,2.25,0.23684210526315788,0.7239372649208715,0.6623125302370587,0.0,0.0,-0.06000221059344551,-0.07111559198122233,-0.011113381387776823
hats-protocol,2022-06-01,0.0,0.0,0.0,0.0,0.0,0.0,0.0,13.0,14.0,6.0,9.0,0.0,6.0,1.0,0.0,5.0,2.0,1.625,3.625,4.596194077712559,3.3354160160315836,2.0,1.2307692307692308,0.3333333333333334,0.21470610716196592,0.0,0.0,-0.17513975026259307,-0.19209884951528167,-0.016959099252688598
qortal,2023-11-01,0.0,3.0,6.0,1.0,0.0,0.0,11.0,3.0,2.0,3.0,6.0,9.0,8.0,1.0,4.0,2.0,7.0,3.0,5.0,3.854496446637726,2.9277002188455996,2.0,0.6666666666666666,0.1009615384615385,0.019444444444444448,0.0,0.0,-0.15503637032036094,-0.17162475977874855,-0.016588389458387615
withtally,2024-04-01,0.0,0.0,1.0,0.0,0.0,1.0,0.0,0.0,1.0,7.0,2.0,0.0,0.0,0.0,1.0,0.0,8.0,0.25,2.25,0.4629100498862757,3.3273756282434617,2.0,8.0,0.0,0.0,0.0,0.0,-0.19524313020482517,-0.21257293925181478,-0.017329809046989608
spinamp,2022-08-01,0.0,0.0,0.0,2.0,3.0,3.0,0.0,2.0,26.0,21.0,5.0,0.0,0.0,0.0,0.0,0.0,0.0,1.25,3.25,1.3887301496588271,7.3824115301167,2.0,1.6,0.253968253968254,0.4615864694501654,0.0,0.0,-0.18062249024683819,-0.19768269217069978,-0.017060201923861595
cyberconnecthq,2021-12-01,0.0,0.0,0.0,0.0,0.0,0.0,0.0,1.0,0.0,7.0,1.0,0.0,0.0,5.0,1.0,2.0,0.0,0.125,2.0,0.3535533905932738,2.6186146828319083,1.875,15.0,0.3333333333333334,0.16071428571428573,0.0,0.0,-0.19707071019957353,-0.21629550102209352,-0.019224790822519988
thenamespace,2024-04-01,0.0,0.0,0.0,0.0,0.0,0.0,0.0,0.0,0.0,0.0,0.0,0.0,0.0,0.0,11.0,3.0,0.0,0.0,1.75,0.0,3.882193783343198,1.75,inf,0.0,0.12999322951929587,0.0,0.0,-0.19889829019432193,-0.22001806279237227,-0.02111977259805034
spaghetteth,2024-08-01,0.0,0.0,0.0,0.0,0.0,0.0,0.0,0.0,0.0,0.0,0.0,0.0,0.0,0.0,1.0,12.0,1.0,0.0,1.75,0.0,4.166190448976482,1.75,inf,0.0,0.24005486968449927,0.0,0.0,-0.19889829019432193,-0.22001806279237227,-0.02111977259805034
nimi-app,2022-08-01,0.0,0.0,0.0,0.0,0.0,0.0,3.0,44.0,28.0,25.0,3.0,2.0,0.0,25.0,3.0,2.0,0.0,5.875,7.5,15.44055420915047,10.862780491200215,1.625,0.2765957446808511,0.372110524982969,0.16649371613052,0.0,0.0,-0.11300203044114834,-0.13439914207596107,-0.021397111634812727
eth-wizard-stake-house,2021-03-01,0.0,0.0,0.0,0.0,0.0,0.0,0.0,0.0,0.0,0.0,0.0,0.0,0.0,0.0,10.0,0.0,3.0,0.0,1.625,0.0,3.543101950067402,1.625,inf,0.0,0.17618370249949203,0.0,0.0,-0.19889829019432193,-0.22187934367751166,-0.02298105348318974
tcfev,2024-02-01,0.0,6.0,0.0,0.0,0.0,0.0,0.0,0.0,4.0,1.0,0.0,0.0,0.0,0.0,7.0,10.0,1.0,0.75,2.375,2.1213203435596424,3.8890872965260113,1.625,2.1666666666666665,0.17006802721088443,0.2834092314611796,0.0,0.0,-0.18793281022583166,-0.2107116583666754,-0.022778848140843744
rolod0x,2024-04-01,0.0,0.0,0.0,0.0,0.0,0.0,0.0,0.0,8.0,6.0,1.0,0.0,0.0,1.0,1.0,1.0,2.0,0.0,1.5,0.0,1.927248223318863,1.5,inf,0.0,0.13186813186813187,0.0,0.0,-0.19889829019432193,-0.22374062456265104,-0.02484233436832911
metisprotocol,2021-09-01,0.0,0.0,0.0,0.0,0.0,0.0,0.0,0.0,0.0,0.0,0.0,0.0,1.0,0.0,6.0,3.0,2.0,0.0,1.5,0.0,2.138089935299395,1.5,inf,0.0,0.3936011904761905,0.0,0.0,-0.19889829019432193,-0.22374062456265104,-0.02484233436832911
pattern-tech,2024-08-01,0.0,0.0,0.0,0.0,0.0,0.0,0.0,1.0,18.0,0.0,0.0,0.0,0.0,0.0,0.0,8.0,5.0,0.125,1.625,0.3535533905932738,3.113908889391045,1.5,12.0,0.3333333333333334,0.49329123914759276,0.0,0.0,-0.19707071019957353,-0.22187934367751166,-0.02480863347793813
vocdoni,2020-02-01,0.0,0.0,0.0,0.0,0.0,0.0,0.0,1.0,0.0,1.0,0.0,0.0,0.0,0.0,0.0,0.0,12.0,0.125,1.625,0.3535533905932738,4.2067123233504535,1.5,12.0,0.3333333333333334,0.28489741002354535,0.0,0.0,-0.19707071019957353,-0.22187934367751166,-0.02480863347793813
chainwayxyz,2023-04-01,0.0,0.0,0.0,0.0,0.0,0.0,0.0,0.0,0.0,0.0,0.0,0.0,0.0,9.0,2.0,0.0,0.0,0.0,1.375,0.0,3.1594529363709247,1.375,inf,0.0,0.01916687963199592,0.0,0.0,-0.19889829019432193,-0.2256019054477904,-0.026703615253468482
ankr-network,2022-03-01,0.0,3.0,0.0,0.0,0.0,0.0,1.0,6.0,4.0,0.0,0.0,1.0,1.0,0.0,5.0,8.0,6.0,1.25,2.625,2.187627547301936,3.2043497223082786,1.375,1.1,0.18194740582800287,0.716273291925466,0.0,0.0,-0.18062249024683819,-0.20698909659639667,-0.02636660634955848
archlyorg,2023-07-01,0.0,0.0,0.0,0.0,0.0,0.0,0.0,0.0,0.0,11.0,0.0,0.0,0.0,0.0,0.0,0.0,0.0,0.0,1.375,0.0,3.8890872965260113,1.375,inf,0.0,0.3333333333333334,0.0,0.0,-0.19889829019432193,-0.2256019054477904,-0.026703615253468482
0xparc,2022-03-01,0.0,0.0,0.0,0.0,0.0,0.0,0.0,0.0,1.0,0.0,1.0,1.0,1.0,2.0,0.0,4.0,2.0,0.0,1.375,0.0,1.3024701806293193,1.375,inf,0.0,0.36541353383458647,0.0,0.0,-0.19889829019432193,-0.2256019054477904,-0.026703615253468482
depayfi,2021-03-01,0.0,0.0,0.0,0.0,0.0,0.0,0.0,0.0,0.0,0.0,0.0,0.0,0.0,10.0,1.0,0.0,0.0,0.0,1.375,0.0,3.50255009141299,1.375,inf,0.0,0.011714147085326122,0.0,0.0,-0.19889829019432193,-0.2256019054477904,-0.026703615253468482
closerdao,2022-03-01,0.0,0.0,0.0,0.0,0.0,0.0,0.0,0.0,0.0,0.0,0.0,0.0,0.0,0.0,0.0,0.0,11.0,0.0,1.375,0.0,3.8890872965260113,1.375,inf,0.0,0.3333333333333334,0.0,0.0,-0.19889829019432193,-0.2256019054477904,-0.026703615253468482
jellycuts,2024-04-01,0.0,0.0,0.0,0.0,0.0,0.0,0.0,0.0,1.0,0.0,0.0,2.0,3.0,3.0,2.0,0.0,0.0,0.0,1.25,0.0,1.3887301496588271,1.25,inf,0.0,0.0,0.0,0.0,-0.19889829019432193,-0.22746318633292978,-0.028564896138607854
examp-llc,2022-03-01,0.0,0.0,0.0,0.0,0.0,0.0,0.0,0.0,0.0,0.0,0.0,0.0,7.0,0.0,2.0,0.0,1.0,0.0,1.25,0.0,2.434865792722759,1.25,inf,0.0,0.005163511187607573,0.0,0.0,-0.19889829019432193,-0.22746318633292978,-0.028564896138607854
endaoment,2022-03-01,0.0,0.0,0.0,0.0,0.0,0.0,0.0,0.0,0.0,0.0,0.0,1.0,0.0,0.0,0.0,9.0,0.0,0.0,1.25,0.0,3.1509635714446826,1.25,inf,0.0,0.1510791366906475,0.0,0.0,-0.19889829019432193,-0.22746318633292978,-0.028564896138607854
idriss-crypto,2022-08-01,0.0,0.0,0.0,0.0,0.0,0.0,0.0,7.0,4.0,2.0,0.0,0.0,1.0,3.0,8.0,1.0,1.0,0.875,2.0,2.4748737341529163,2.6186146828319083,1.125,1.2857142857142858,0.3333333333333334,0.07142857142857144,0.0,0.0,-0.1861052302310833,-0.21629550102209352,-0.03019027079101022
builders-garden,2024-04-01,0.0,0.0,0.0,0.0,0.0,0.0,0.0,0.0,1.0,0.0,0.0,6.0,2.0,0.0,0.0,0.0,1.0,0.0,1.125,0.0,2.100170061141308,1.125,inf,0.0,0.03258145363408522,0.0,0.0,-0.19889829019432193,-0.22932446721806915,-0.030426177023747225
venture-miner,2023-08-01,0.0,0.0,0.0,0.0,0.0,0.0,0.0,0.0,0.0,0.0,0.0,0.0,0.0,0.0,0.0,0.0,9.0,0.0,1.125,0.0,3.181980515339464,1.125,inf,0.0,0.3333333333333334,0.0,0.0,-0.19889829019432193,-0.22932446721806915,-0.030426177023747225
moloch-mystics,2020-10-01,0.0,0.0,0.0,0.0,0.0,0.0,0.0,1.0,1.0,1.0,0.0,0.0,2.0,0.0,3.0,0.0,4.0,0.125,1.25,0.3535533905932738,1.5811388300841898,1.125,9.0,0.3333333333333334,0.2666666666666667,0.0,0.0,-0.19707071019957353,-0.22746318633292978,-0.030392476133356244
flow-state-coop,2024-04-01,0.0,0.0,0.0,0.0,0.0,0.0,0.0,0.0,0.0,2.0,5.0,0.0,1.0,0.0,0.0,0.0,0.0,0.0,1.0,0.0,1.7728105208558367,1.0,inf,0.0,0.4329004329004328,0.0,0.0,-0.19889829019432193,-0.23118574810320852,-0.032287457908886597
slice-so,2022-03-01,0.0,0.0,0.0,0.0,0.0,0.0,0.0,0.0,0.0,0.0,0.0,0.0,0.0,0.0,0.0,5.0,3.0,0.0,1.0,0.0,1.927248223318863,1.0,inf,0.0,0.4844322344322345,0.0,0.0,-0.19889829019432193,-0.23118574810320852,-0.032287457908886597
defluencer,2021-11-01,0.0,0.0,0.0,0.0,0.0,0.0,0.0,0.0,3.0,0.0,0.0,0.0,0.0,1.0,4.0,1.0,2.0,0.0,1.0,0.0,1.4142135623730951,1.0,inf,0.0,0.43537414965986393,0.0,0.0,-0.19889829019432193,-0.23118574810320852,-0.032287457908886597
layer2es,2023-04-01,0.0,0.0,0.0,0.0,0.0,0.0,0.0,0.0,0.0,0.0,0.0,0.0,6.0,1.0,0.0,0.0,0.0,0.0,0.875,0.0,2.100170061141308,0.875,inf,0.0,0.004819741661846926,0.0,0.0,-0.19889829019432193,-0.2330470289883479,-0.03414873879402597
monas-project,2024-04-01,0.0,0.0,0.0,0.0,10.0,3.0,0.0,10.0,0.0,0.0,11.0,8.0,0.0,11.0,0.0,0.0,0.0,2.875,3.75,4.517821851923146,5.257647491307984,0.875,0.30434782608695654,0.33000041661458995,0.14224190968377018,0.0,0.0,-0.15686395031510933,-0.1902375686301423,-0.033373618315032966
punk-domains,2022-03-01,0.0,0.0,0.0,0.0,0.0,0.0,0.0,0.0,1.0,2.0,3.0,2.0,0.0,0.0,0.0,0.0,0.0,0.0,0.875,0.0,1.246423454758225,0.875,inf,0.0,0.6704980842911881,0.0,0.0,-0.19889829019432193,-0.2330470289883479,-0.03414873879402597
creativeplatform,2022-06-01,0.0,0.0,0.0,0.0,0.0,0.0,0.0,0.0,0.0,0.0,0.0,0.0,0.0,1.0,3.0,2.0,1.0,0.0,0.875,0.0,1.1259916264596033,0.875,inf,0.0,0.488933601609658,0.0,0.0,-0.19889829019432193,-0.2330470289883479,-0.03414873879402597
pizzadao,2021-03-01,0.0,0.0,0.0,0.0,0.0,0.0,0.0,0.0,60.0,1.0,3.0,0.0,0.0,0.0,0.0,1.0,2.0,0.0,0.875,0.0,1.1259916264596033,0.875,inf,0.0,0.006036217303822938,0.0,0.0,-0.19889829019432193,-0.2330470289883479,-0.03414873879402597
trueblocks,2020-02-01,0.0,0.0,0.0,0.0,0.0,0.0,0.0,0.0,0.0,0.0,0.0,0.0,0.0,0.0,0.0,6.0,1.0,0.0,0.875,0.0,2.100170061141308,0.875,inf,0.0,0.26392905340273765,0.0,0.0,-0.19889829019432193,-0.2330470289883479,-0.03414873879402597
muqa-org,2024-04-01,0.0,0.0,0.0,0.0,0.0,0.0,0.0,0.0,0.0,0.0,0.0,0.0,0.0,0.0,6.0,1.0,0.0,0.0,0.875,0.0,2.100170061141308,0.875,inf,0.0,0.10198573356468096,0.0,0.0,-0.19889829019432193,-0.2330470289883479,-0.03414873879402597
lenstags,2023-04-01,0.0,0.0,0.0,0.0,0.0,0.0,0.0,0.0,0.0,0.0,0.0,0.0,0.0,7.0,0.0,0.0,0.0,0.0,0.875,0.0,2.4748737341529163,0.875,inf,0.0,0.0068027210884353765,0.0,0.0,-0.19889829019432193,-0.2330470289883479,-0.03414873879402597
choraclub,2024-04-01,0.0,0.0,0.0,0.0,0.0,0.0,0.0,0.0,0.0,0.0,0.0,0.0,0.0,0.0,0.0,0.0,7.0,0.0,0.875,0.0,2.4748737341529163,0.875,inf,0.0,0.3333333333333334,0.0,0.0,-0.19889829019432193,-0.2330470289883479,-0.03414873879402597
sol-dao,2022-09-01,0.0,0.0,0.0,0.0,0.0,0.0,0.0,0.0,34.0,6.0,0.0,0.0,1.0,0.0,0.0,0.0,0.0,0.0,0.875,0.0,2.100170061141308,0.875,inf,0.0,0.3564680933101986,0.0,0.0,-0.19889829019432193,-0.2330470289883479,-0.03414873879402597
migalabs,2021-06-01,0.0,0.0,0.0,0.0,0.0,0.0,0.0,0.0,1.0,2.0,2.0,0.0,1.0,0.0,0.0,0.0,2.0,0.0,0.875,0.0,0.9910312089651149,0.875,inf,0.0,0.10476190476190475,0.0,0.0,-0.19889829019432193,-0.2330470289883479,-0.03414873879402597
prb-math-paulrberg,2020-12-01,0.0,0.0,0.0,0.0,0.0,0.0,0.0,0.0,0.0,0.0,0.0,0.0,6.0,0.0,0.0,0.0,0.0,0.0,0.75,0.0,2.1213203435596424,0.75,inf,0.0,0.0068027210884353765,0.0,0.0,-0.19889829019432193,-0.23490830987348726,-0.03601001967916534
ethereum-etl-blockchain-etl,2020-02-01,2.0,6.0,4.0,1.0,0.0,3.0,1.0,0.0,23.0,1.0,3.0,12.0,1.0,1.0,3.0,0.0,2.0,2.125,2.875,2.100170061141308,3.833592123769634,0.75,0.35294117647058826,0.3564680933101986,0.07087889833940868,0.0,0.0,-0.16782943028359956,-0.2032665348261179,-0.03543710454251833
everyname-xyz,2023-04-01,0.0,0.0,0.0,0.0,0.0,0.0,0.0,0.0,0.0,2.0,1.0,3.0,0.0,0.0,0.0,0.0,0.0,0.0,0.75,0.0,1.164964745021435,0.75,inf,0.0,0.4912280701754388,0.0,0.0,-0.19889829019432193,-0.23490830987348726,-0.03601001967916534
desciworlddao,2022-08-01,0.0,0.0,0.0,0.0,0.0,0.0,0.0,0.0,0.0,0.0,0.0,5.0,0.0,1.0,0.0,0.0,0.0,0.0,0.75,0.0,1.7525491637693282,0.75,inf,0.0,0.05426356589147289,0.0,0.0,-0.19889829019432193,-0.23490830987348726,-0.03601001967916534
luncosim,2022-06-01,0.0,0.0,0.0,0.0,0.0,0.0,0.0,0.0,0.0,0.0,6.0,0.0,0.0,0.0,0.0,0.0,0.0,0.0,0.75,0.0,2.1213203435596424,0.75,inf,0.0,0.17006802721088443,0.0,0.0,-0.19889829019432193,-0.23490830987348726,-0.03601001967916534
metagov,2020-12-01,0.0,0.0,0.0,0.0,0.0,0.0,0.0,0.0,0.0,0.0,0.0,0.0,0.0,3.0,2.0,0.0,0.0,0.0,0.625,0.0,1.1877349391654208,0.625,inf,0.0,0.048824593128390596,0.0,0.0,-0.19889829019432193,-0.23676959075862664,-0.03787130056430471
lxdao-official,2022-08-01,0.0,0.0,0.0,0.0,0.0,0.0,0.0,0.0,1.0,0.0,0.0,0.0,0.0,1.0,2.0,2.0,0.0,0.0,0.625,0.0,0.9161253813129043,0.625,inf,0.0,0.29280648429584616,0.0,0.0,-0.19889829019432193,-0.23676959075862664,-0.03787130056430471
scamsniffer,2022-06-01,0.0,0.0,0.0,0.0,0.0,0.0,0.0,0.0,0.0,0.0,0.0,0.0,2.0,1.0,2.0,0.0,0.0,0.0,0.625,0.0,0.9161253813129043,0.625,inf,0.0,0.025329280648429587,0.0,0.0,-0.19889829019432193,-0.23676959075862664,-0.03787130056430471
probe-lab,2024-04-01,0.0,1.0,2.0,1.0,0.0,4.0,3.0,3.0,6.0,7.0,4.0,1.0,3.0,4.0,0.0,0.0,0.0,1.75,2.375,1.4880476182856899,2.559994419636775,0.625,0.35714285714285715,0.49769585253456217,0.6540807058518232,0.0,0.0,-0.17331217026784468,-0.2107116583666754,-0.03739948809883073
jobstash,2023-04-01,0.0,0.0,0.0,0.0,0.0,0.0,0.0,0.0,0.0,0.0,0.0,0.0,0.0,0.0,0.0,1.0,4.0,0.0,0.625,0.0,1.407885953173359,0.625,inf,0.0,0.46718146718146736,0.0,0.0,-0.19889829019432193,-0.23676959075862664,-0.03787130056430471
distributed-press,2020-10-01,0.0,0.0,0.0,0.0,0.0,0.0,0.0,0.0,0.0,0.0,0.0,0.0,0.0,2.0,3.0,0.0,0.0,0.0,0.625,0.0,1.1877349391654208,0.625,inf,0.0,0.07293550331525019,0.0,0.0,-0.19889829019432193,-0.23676959075862664,-0.03787130056430471
anconprotocol,2021-04-01,0.0,0.0,0.0,0.0,0.0,0.0,0.0,0.0,0.0,0.0,0.0,0.0,0.0,0.0,0.0,0.0,5.0,0.0,0.625,0.0,1.7677669529663689,0.625,inf,0.0,0.3333333333333333,0.0,0.0,-0.19889829019432193,-0.23676959075862664,-0.03787130056430471
dappreader,2023-04-01,0.0,0.0,0.0,0.0,0.0,0.0,0.0,0.0,3.0,0.0,3.0,2.0,0.0,0.0,0.0,0.0,0.0,0.0,0.625,0.0,1.1877349391654208,0.625,inf,0.0,0.2658227848101267,0.0,0.0,-0.19889829019432193,-0.23676959075862664,-0.03787130056430471
d-hedge,2024-10-01,0.0,0.0,0.0,0.0,0.0,0.0,0.0,0.0,0.0,0.0,3.0,0.0,0.0,0.0,2.0,0.0,0.0,0.0,0.625,0.0,1.1877349391654208,0.625,inf,0.0,0.048824593128390596,0.0,0.0,-0.19889829019432193,-0.23676959075862664,-0.03787130056430471
carmineoptions,2023-08-01,0.0,0.0,0.0,0.0,1.0,0.0,0.0,0.0,0.0,0.0,0.0,0.0,0.0,0.0,0.0,0.0,6.0,0.125,0.75,0.3535533905932738,2.1213203435596424,0.625,5.0,0.006802721088435374,0.3333333333333334,0.0,0.0,-0.19707071019957353,-0.23490830987348726,-0.03783759967391373
commonshub,2024-08-01,0.0,0.0,0.0,0.0,0.0,0.0,0.0,0.0,0.0,0.0,0.0,1.0,0.0,0.0,0.0,0.0,4.0,0.0,0.625,0.0,1.407885953173359,0.625,inf,0.0,0.2681252681252682,0.0,0.0,-0.19889829019432193,-0.23676959075862664,-0.03787130056430471
icdevsorg,2023-11-01,0.0,0.0,0.0,0.0,0.0,0.0,0.0,0.0,0.0,0.0,2.0,0.0,1.0,0.0,0.0,1.0,0.0,0.0,0.5,0.0,0.7559289460184544,0.5,inf,0.0,0.05357142857142858,0.0,0.0,-0.19889829019432193,-0.238630871643766,-0.03973258144944408
cartesi,2021-02-01,0.0,0.0,0.0,2.0,0.0,0.0,0.0,0.0,0.0,0.0,0.0,3.0,0.0,1.0,1.0,0.0,1.0,0.25,0.75,0.7071067811865476,1.0350983390135313,0.5,2.0,0.006802721088435374,0.003174603174603175,0.0,0.0,-0.19524313020482517,-0.23490830987348726,-0.03966517966866209
ephemery-testnet,2023-04-01,0.0,0.0,0.0,0.0,0.0,0.0,0.0,0.0,0.0,0.0,1.0,3.0,0.0,0.0,0.0,0.0,0.0,0.0,0.5,0.0,1.0690449676496976,0.5,inf,0.0,0.14583333333333334,0.0,0.0,-0.19889829019432193,-0.238630871643766,-0.03973258144944408
sismo-core,2021-11-01,0.0,0.0,0.0,0.0,0.0,0.0,0.0,0.0,4.0,0.0,0.0,0.0,0.0,0.0,1.0,3.0,0.0,0.0,0.5,0.0,1.0690449676496976,0.5,inf,0.0,0.24107142857142852,0.0,0.0,-0.19889829019432193,-0.238630871643766,-0.03973258144944408
ikigai-labs-xyz,2023-08-01,0.0,0.0,0.0,0.0,0.0,0.0,0.0,0.0,0.0,0.0,3.0,1.0,0.0,0.0,0.0,0.0,0.0,0.0,0.5,0.0,1.0690449676496976,0.5,inf,0.0,0.24107142857142852,0.0,0.0,-0.19889829019432193,-0.238630871643766,-0.03973258144944408
rubicon,2020-12-01,0.0,0.0,0.0,0.0,0.0,0.0,0.0,0.0,0.0,0.0,0.0,2.0,0.0,0.0,0.0,0.0,2.0,0.0,0.5,0.0,0.9258200997725514,0.5,inf,0.0,0.0634920634920635,0.0,0.0,-0.19889829019432193,-0.238630871643766,-0.03973258144944408
ultrasoundmoney,2024-10-01,4.0,1.0,0.0,0.0,0.0,1.0,0.0,2.0,4.0,3.0,0.0,1.0,3.0,1.0,3.0,1.0,0.0,1.0,1.5,1.4142135623730951,1.3093073414159542,0.5,0.5,0.10884353741496598,0.07142857142857144,0.0,0.0,-0.18427765023633494,-0.22374062456265104,-0.0394629743263161
crypto-jobs-crawler,2023-04-01,0.0,0.0,0.0,0.0,0.0,0.0,0.0,0.0,0.0,1.0,2.0,1.0,0.0,0.0,0.0,0.0,0.0,0.0,0.5,0.0,0.7559289460184544,0.5,inf,0.0,0.5952380952380953,0.0,0.0,-0.19889829019432193,-0.238630871643766,-0.03973258144944408
reach-sh,2020-02-01,0.0,0.0,0.0,0.0,0.0,0.0,0.0,0.0,0.0,2.0,0.0,0.0,0.0,0.0,2.0,0.0,0.0,0.0,0.5,0.0,0.9258200997725514,0.5,inf,0.0,0.0634920634920635,0.0,0.0,-0.19889829019432193,-0.238630871643766,-0.03973258144944408
function03-labs,2023-11-01,0.0,0.0,0.0,0.0,2.0,0.0,0.0,0.0,0.0,0.0,1.0,3.0,0.0,1.0,0.0,0.0,0.0,0.25,0.625,0.7071067811865476,1.0606601717798212,0.375,1.5,0.006802721088435374,0.12773998488284208,0.0,0.0,-0.19524313020482517,-0.23676959075862664,-0.041526460553801464
cpa-protocol,2023-08-01,0.0,0.0,0.0,0.0,0.0,0.0,0.0,0.0,5.0,3.0,0.0,0.0,0.0,0.0,0.0,0.0,0.0,0.0,0.375,0.0,1.0606601717798212,0.375,inf,0.0,0.3333333333333334,0.0,0.0,-0.19889829019432193,-0.2404921525289054,-0.04159386233458348
decartography,2023-04-01,0.0,0.0,0.0,0.0,0.0,0.0,1.0,0.0,0.0,0.0,0.0,2.0,0.0,0.0,0.0,0.0,2.0,0.125,0.5,0.3535533905932738,0.9258200997725514,0.375,3.0,0.1700680272108843,0.0634920634920635,0.0,0.0,-0.19707071019957353,-0.238630871643766,-0.04156016144419247
router-protocol,2024-10-01,0.0,0.0,0.0,0.0,0.0,0.0,0.0,0.0,0.0,0.0,1.0,0.0,0.0,1.0,1.0,0.0,0.0,0.0,0.375,0.0,0.5175491695067657,0.375,inf,0.0,0.003174603174603175,0.0,0.0,-0.19889829019432193,-0.2404921525289054,-0.04159386233458348
ethereum-ecuador,2023-04-01,0.0,0.0,0.0,0.0,0.0,0.0,0.0,0.0,12.0,0.0,0.0,0.0,0.0,0.0,3.0,0.0,0.0,0.0,0.375,0.0,1.0606601717798212,0.375,inf,0.0,0.061224489795918366,0.0,0.0,-0.19889829019432193,-0.2404921525289054,-0.04159386233458348
us3r-network,2023-04-01,0.0,0.0,0.0,0.0,0.0,0.0,0.0,0.0,0.0,0.0,0.0,0.0,0.0,2.0,0.0,0.0,1.0,0.0,0.375,0.0,0.7440238091428449,0.375,inf,0.0,0.12442396313364054,0.0,0.0,-0.19889829019432193,-0.2404921525289054,-0.04159386233458348
artizen-fund,2022-06-01,0.0,0.0,0.0,0.0,0.0,0.0,0.0,0.0,0.0,1.0,0.0,0.0,0.0,1.0,0.0,1.0,0.0,0.0,0.375,0.0,0.5175491695067657,0.375,inf,0.0,0.003174603174603175,0.0,0.0,-0.19889829019432193,-0.2404921525289054,-0.04159386233458348
bitquery,2021-03-01,0.0,0.0,0.0,0.0,0.0,1.0,1.0,0.0,1.0,3.0,1.0,0.0,1.0,0.0,0.0,0.0,0.0,0.25,0.625,0.4629100498862757,1.0606601717798212,0.375,1.5,0.253968253968254,0.5510204081632654,0.0,0.0,-0.19524313020482517,-0.23676959075862664,-0.041526460553801464
syncswap,2022-09-01,0.0,0.0,0.0,0.0,0.0,0.0,2.0,0.0,0.0,0.0,0.0,0.0,0.0,0.0,3.0,1.0,1.0,0.25,0.625,0.7071067811865476,1.0606601717798212,0.375,1.5,0.1700680272108843,0.3333333333333334,0.0,0.0,-0.19524313020482517,-0.23676959075862664,-0.041526460553801464
zk-passport,2024-01-01,0.0,0.0,0.0,0.0,0.0,0.0,0.0,0.0,0.0,0.0,0.0,0.0,0.0,0.0,0.0,0.0,3.0,0.0,0.375,0.0,1.0606601717798212,0.375,inf,0.0,0.3333333333333334,0.0,0.0,-0.19889829019432193,-0.2404921525289054,-0.04159386233458348
asilodigital,2023-04-01,0.0,0.0,0.0,0.0,0.0,0.0,0.0,0.0,0.0,0.0,0.0,3.0,0.0,0.0,0.0,0.0,0.0,0.0,0.375,0.0,1.0606601717798212,0.375,inf,0.0,0.061224489795918366,0.0,0.0,-0.19889829019432193,-0.2404921525289054,-0.04159386233458348
zenguardxyz,2023-11-01,0.0,0.0,0.0,0.0,0.0,0.0,0.0,0.0,0.0,0.0,0.0,2.0,0.0,0.0,1.0,0.0,0.0,0.0,0.375,0.0,0.7440238091428449,0.375,inf,0.0,0.013824884792626729,0.0,0.0,-0.19889829019432193,-0.2404921525289054,-0.04159386233458348
womenbiz,2023-04-01,0.0,0.0,0.0,0.0,0.0,0.0,0.0,0.0,0.0,0.0,0.0,0.0,0.0,0.0,3.0,0.0,0.0,0.0,0.375,0.0,1.0606601717798212,0.375,inf,0.0,0.061224489795918366,0.0,0.0,-0.19889829019432193,-0.2404921525289054,-0.04159386233458348
eth-limo,2022-03-01,0.0,0.0,0.0,0.0,0.0,0.0,0.0,0.0,0.0,0.0,0.0,0.0,0.0,0.0,2.0,0.0,0.0,0.0,0.25,0.0,0.7071067811865476,0.25,inf,0.0,0.061224489795918366,0.0,0.0,-0.19889829019432193,-0.24235343341404478,-0.04345514321972285
mach-34,2023-04-01,0.0,0.0,0.0,0.0,0.0,0.0,0.0,0.0,0.0,0.0,0.0,0.0,0.0,0.0,2.0,0.0,0.0,0.0,0.25,0.0,0.7071067811865476,0.25,inf,0.0,0.061224489795918366,0.0,0.0,-0.19889829019432193,-0.24235343341404478,-0.04345514321972285
dypfinance,2021-03-01,0.0,0.0,0.0,0.0,1.0,1.0,1.0,0.0,15.0,1.0,0.0,0.0,0.0,3.0,1.0,0.0,0.0,0.375,0.625,0.5175491695067657,1.0606601717798212,0.25,0.6666666666666666,0.2571428571428572,0.0007558578987150419,0.0,0.0,-0.19341555021007678,-0.23676959075862664,-0.043354040548549855
despace-community,2023-08-01,0.0,0.0,0.0,0.0,0.0,0.0,0.0,0.0,0.0,0.0,1.0,1.0,0.0,0.0,0.0,0.0,0.0,0.0,0.25,0.0,0.4629100498862757,0.25,inf,0.0,0.253968253968254,0.0,0.0,-0.19889829019432193,-0.24235343341404478,-0.04345514321972285
serenita-org,2023-04-01,0.0,0.0,0.0,0.0,0.0,0.0,0.0,0.0,0.0,0.0,0.0,0.0,0.0,0.0,0.0,2.0,0.0,0.0,0.25,0.0,0.7071067811865476,0.25,inf,0.0,0.1700680272108843,0.0,0.0,-0.19889829019432193,-0.24235343341404478,-0.04345514321972285
vaariance,2024-04-01,0.0,0.0,0.0,0.0,0.0,0.0,0.0,1.0,0.0,0.0,1.0,1.0,0.0,0.0,1.0,0.0,0.0,0.125,0.375,0.3535533905932738,0.5175491695067657,0.25,2.0,0.3333333333333334,0.07936507936507936,0.0,0.0,-0.19707071019957353,-0.2404921525289054,-0.04342144232933187
lakat-os,2023-11-01,0.0,0.0,0.0,0.0,0.0,0.0,0.0,0.0,0.0,2.0,0.0,0.0,0.0,0.0,0.0,0.0,0.0,0.0,0.25,0.0,0.7071067811865476,0.25,inf,0.0,0.3333333333333334,0.0,0.0,-0.19889829019432193,-0.24235343341404478,-0.04345514321972285
upala-digital-identity,2020-07-01,0.0,0.0,0.0,0.0,0.0,0.0,0.0,0.0,0.0,0.0,0.0,0.0,1.0,0.0,0.0,1.0,0.0,0.0,0.25,0.0,0.4629100498862757,0.25,inf,0.0,0.0634920634920635,0.0,0.0,-0.19889829019432193,-0.24235343341404478,-0.04345514321972285
proof-of-humanity,2020-02-01,0.0,0.0,0.0,0.0,0.0,0.0,0.0,0.0,2.0,0.0,0.0,0.0,0.0,2.0,0.0,0.0,0.0,0.0,0.25,0.0,0.7071067811865476,0.25,inf,0.0,0.006802721088435374,0.0,0.0,-0.19889829019432193,-0.24235343341404478,-0.04345514321972285
cryptosmartnow,2023-04-01,0.0,0.0,0.0,0.0,0.0,0.0,0.0,0.0,0.0,0.0,0.0,2.0,0.0,0.0,0.0,0.0,0.0,0.0,0.25,0.0,0.7071067811865476,0.25,inf,0.0,0.061224489795918366,0.0,0.0,-0.19889829019432193,-0.24235343341404478,-0.04345514321972285
australopitech,2024-04-01,0.0,0.0,0.0,0.0,0.0,0.0,0.0,0.0,0.0,0.0,0.0,2.0,0.0,0.0,0.0,0.0,0.0,0.0,0.25,0.0,0.7071067811865476,0.25,inf,0.0,0.061224489795918366,0.0,0.0,-0.19889829019432193,-0.24235343341404478,-0.04345514321972285
basexhq,2022-06-01,0.0,0.0,0.0,0.0,0.0,0.0,0.0,0.0,3.0,0.0,0.0,0.0,0.0,1.0,0.0,0.0,1.0,0.0,0.25,0.0,0.4629100498862757,0.25,inf,0.0,0.253968253968254,0.0,0.0,-0.19889829019432193,-0.24235343341404478,-0.04345514321972285
spect-ai,2021-11-01,0.0,0.0,0.0,0.0,0.0,0.0,0.0,0.0,0.0,0.0,0.0,0.0,1.0,1.0,0.0,0.0,0.0,0.0,0.25,0.0,0.4629100498862757,0.25,inf,0.0,0.0,0.0,0.0,-0.19889829019432193,-0.24235343341404478,-0.04345514321972285
carbon-flow-vporton,2020-07-01,0.0,0.0,0.0,0.0,0.0,0.0,0.0,0.0,0.0,0.0,0.0,2.0,0.0,0.0,0.0,0.0,0.0,0.0,0.25,0.0,0.7071067811865476,0.25,inf,0.0,0.061224489795918366,0.0,0.0,-0.19889829019432193,-0.24235343341404478,-0.04345514321972285
0x-echo,2022-08-01,0.0,0.0,0.0,0.0,0.0,0.0,0.0,0.0,0.0,0.0,1.0,1.0,0.0,0.0,0.0,0.0,0.0,0.0,0.25,0.0,0.4629100498862757,0.25,inf,0.0,0.253968253968254,0.0,0.0,-0.19889829019432193,-0.24235343341404478,-0.04345514321972285
glosseta,2021-12-01,0.0,0.0,0.0,0.0,0.0,0.0,0.0,0.0,0.0,0.0,0.0,0.0,0.0,0.0,2.0,0.0,0.0,0.0,0.25,0.0,0.7071067811865476,0.25,inf,0.0,0.061224489795918366,0.0,0.0,-0.19889829019432193,-0.24235343341404478,-0.04345514321972285
guild-w,2021-06-01,0.0,0.0,0.0,0.0,0.0,0.0,0.0,0.0,0.0,0.0,0.0,1.0,1.0,0.0,0.0,0.0,0.0,0.0,0.25,0.0,0.4629100498862757,0.25,inf,0.0,0.0634920634920635,0.0,0.0,-0.19889829019432193,-0.24235343341404478,-0.04345514321972285
fractaldotbox,2024-04-01,0.0,0.0,0.0,0.0,0.0,0.0,0.0,0.0,0.0,0.0,0.0,0.0,0.0,0.0,0.0,0.0,2.0,0.0,0.25,0.0,0.7071067811865476,0.25,inf,0.0,0.3333333333333334,0.0,0.0,-0.19889829019432193,-0.24235343341404478,-0.04345514321972285
pheasant-network,2024-01-01,0.0,0.0,0.0,0.0,0.0,0.0,0.0,0.0,0.0,0.0,1.0,0.0,0.0,0.0,0.0,0.0,0.0,0.0,0.125,0.0,0.3535533905932738,0.125,inf,0.0,0.1700680272108843,0.0,0.0,-0.19889829019432193,-0.24421471429918415,-0.045316424104862224
militereum,2023-08-01,0.0,0.0,0.0,0.0,0.0,0.0,0.0,0.0,0.0,0.0,0.0,1.0,0.0,0.0,0.0,0.0,0.0,0.0,0.125,0.0,0.3535533905932738,0.125,inf,0.0,0.061224489795918366,0.0,0.0,-0.19889829019432193,-0.24421471429918415,-0.045316424104862224
mybucks-online,2024-10-01,0.0,0.0,0.0,0.0,0.0,0.0,0.0,0.0,0.0,0.0,0.0,0.0,0.0,1.0,0.0,0.0,0.0,0.0,0.125,0.0,0.3535533905932738,0.125,inf,0.0,0.006802721088435374,0.0,0.0,-0.19889829019432193,-0.24421471429918415,-0.045316424104862224
doublerpro,2023-08-01,0.0,0.0,0.0,0.0,0.0,0.0,0.0,0.0,0.0,0.0,0.0,1.0,0.0,0.0,0.0,0.0,0.0,0.0,0.125,0.0,0.3535533905932738,0.125,inf,0.0,0.061224489795918366,0.0,0.0,-0.19889829019432193,-0.24421471429918415,-0.045316424104862224
via-protocol,2022-02-01,0.0,0.0,0.0,0.0,0.0,0.0,0.0,0.0,0.0,0.0,0.0,0.0,0.0,0.0,1.0,0.0,0.0,0.0,0.125,0.0,0.3535533905932738,0.125,inf,0.0,0.061224489795918366,0.0,0.0,-0.19889829019432193,-0.24421471429918415,-0.045316424104862224
getwalletx,2024-04-01,0.0,0.0,0.0,0.0,0.0,0.0,0.0,0.0,0.0,0.0,0.0,0.0,0.0,0.0,1.0,0.0,0.0,0.0,0.125,0.0,0.3535533905932738,0.125,inf,0.0,0.061224489795918366,0.0,0.0,-0.19889829019432193,-0.24421471429918415,-0.045316424104862224
bonding-curves,2023-04-01,0.0,0.0,0.0,0.0,0.0,0.0,0.0,0.0,2.0,0.0,0.0,1.0,0.0,0.0,0.0,0.0,0.0,0.0,0.125,0.0,0.3535533905932738,0.125,inf,0.0,0.061224489795918366,0.0,0.0,-0.19889829019432193,-0.24421471429918415,-0.045316424104862224
opml-labs,2023-08-01,0.0,0.0,0.0,0.0,0.0,0.0,0.0,0.0,0.0,0.0,0.0,0.0,0.0,1.0,0.0,0.0,0.0,0.0,0.125,0.0,0.3535533905932738,0.125,inf,0.0,0.006802721088435374,0.0,0.0,-0.19889829019432193,-0.24421471429918415,-0.045316424104862224
othub-io,2023-11-01,0.0,0.0,0.0,0.0,1.0,0.0,0.0,0.0,0.0,0.0,0.0,0.0,0.0,2.0,0.0,0.0,0.0,0.125,0.25,0.3535533905932738,0.7071067811865476,0.125,1.0,0.006802721088435374,0.006802721088435374,0.0,0.0,-0.19707071019957353,-0.24235343341404478,-0.04528272321447124
farcaster-indexer-gskril,2022-03-01,0.0,0.0,0.0,0.0,0.0,0.0,0.0,0.0,0.0,0.0,0.0,0.0,0.0,0.0,0.0,0.0,1.0,0.0,0.125,0.0,0.3535533905932738,0.125,inf,0.0,0.3333333333333334,0.0,0.0,-0.19889829019432193,-0.24421471429918415,-0.045316424104862224
thedreamdao-eth,2021-10-01,0.0,0.0,0.0,0.0,0.0,0.0,0.0,0.0,0.0,0.0,0.0,0.0,0.0,0.0,1.0,0.0,0.0,0.0,0.125,0.0,0.3535533905932738,0.125,inf,0.0,0.061224489795918366,0.0,0.0,-0.19889829019432193,-0.24421471429918415,-0.045316424104862224
perpetualorganizationarchitect,2024-04-01,0.0,0.0,0.0,0.0,0.0,0.0,0.0,0.0,0.0,0.0,0.0,0.0,0.0,0.0,1.0,0.0,0.0,0.0,0.125,0.0,0.3535533905932738,0.125,inf,0.0,0.061224489795918366,0.0,0.0,-0.19889829019432193,-0.24421471429918415,-0.045316424104862224
phi-labs-inc,2022-06-01,0.0,0.0,0.0,0.0,0.0,0.0,0.0,0.0,0.0,0.0,0.0,1.0,0.0,0.0,0.0,0.0,0.0,0.0,0.125,0.0,0.3535533905932738,0.125,inf,0.0,0.061224489795918366,0.0,0.0,-0.19889829019432193,-0.24421471429918415,-0.045316424104862224
mark3labs,2021-03-01,0.0,0.0,0.0,0.0,0.0,0.0,0.0,0.0,0.0,0.0,0.0,0.0,0.0,0.0,1.0,0.0,0.0,0.0,0.125,0.0,0.3535533905932738,0.125,inf,0.0,0.061224489795918366,0.0,0.0,-0.19889829019432193,-0.24421471429918415,-0.045316424104862224
dao-driven,2024-04-01,0.0,0.0,0.0,0.0,0.0,0.0,0.0,0.0,0.0,0.0,0.0,0.0,0.0,0.0,1.0,0.0,0.0,0.0,0.125,0.0,0.3535533905932738,0.125,inf,0.0,0.061224489795918366,0.0,0.0,-0.19889829019432193,-0.24421471429918415,-0.045316424104862224
tellor-io,2020-04-01,12.0,8.0,5.0,6.0,8.0,8.0,29.0,18.0,35.0,6.0,4.0,6.0,4.0,1.0,11.0,37.0,26.0,11.75,11.875,8.08437646681195,12.777631124072142,0.125,0.010638297872340425,0.3247983346344003,0.5233720306453546,0.0,0.0,-0.027105770687974783,-0.06925431109608296,-0.04214854040810818
popcraft-themetacat,2024-10-01,0.0,0.0,0.0,0.0,0.0,0.0,0.0,0.0,0.0,0.0,0.0,0.0,0.0,1.0,0.0,0.0,0.0,0.0,0.125,0.0,0.3535533905932738,0.125,inf,0.0,0.006802721088435374,0.0,0.0,-0.19889829019432193,-0.24421471429918415,-0.045316424104862224
talentlayer-labs,2023-08-01,0.0,0.0,0.0,0.0,2.0,0.0,0.0,0.0,0.0,2.0,0.0,0.0,0.0,0.0,0.0,1.0,0.0,0.25,0.375,0.7071067811865476,0.7440238091428449,0.125,0.5,0.006802721088435374,0.12442396313364054,0.0,0.0,-0.19524313020482517,-0.2404921525289054,-0.045249022324080235
crypto-fees-dmihal,2020-02-01,0.0,0.0,0.0,0.0,0.0,0.0,0.0,0.0,0.0,0.0,0.0,0.0,0.0,0.0,0.0,0.0,1.0,0.0,0.125,0.0,0.3535533905932738,0.125,inf,0.0,0.3333333333333334,0.0,0.0,-0.19889829019432193,-0.24421471429918415,-0.045316424104862224
here-wallet,2023-08-01,0.0,0.0,0.0,0.0,0.0,0.0,0.0,1.0,2.0,0.0,0.0,0.0,0.0,2.0,0.0,0.0,0.0,0.125,0.25,0.3535533905932738,0.7071067811865476,0.125,1.0,0.3333333333333334,0.006802721088435374,0.0,0.0,-0.19707071019957353,-0.24235343341404478,-0.04528272321447124
refi-starter,2024-08-01,0.0,0.0,0.0,0.0,0.0,0.0,0.0,0.0,0.0,0.0,0.0,0.0,1.0,0.0,0.0,0.0,0.0,0.0,0.125,0.0,0.3535533905932738,0.125,inf,0.0,0.006802721088435374,0.0,0.0,-0.19889829019432193,-0.24421471429918415,-0.045316424104862224
chaincraftgames,2024-10-01,0.0,0.0,0.0,0.0,0.0,0.0,0.0,0.0,0.0,0.0,0.0,0.0,0.0,0.0,0.0,0.0,1.0,0.0,0.125,0.0,0.3535533905932738,0.125,inf,0.0,0.3333333333333334,0.0,0.0,-0.19889829019432193,-0.24421471429918415,-0.045316424104862224
growthepie,2023-08-01,0.0,0.0,0.0,0.0,0.0,0.0,0.0,0.0,0.0,0.0,0.0,0.0,1.0,0.0,0.0,0.0,0.0,0.0,0.125,0.0,0.3535533905932738,0.125,inf,0.0,0.006802721088435374,0.0,0.0,-0.19889829019432193,-0.24421471429918415,-0.045316424104862224
satellite-im,2020-12-01,0.0,0.0,0.0,0.0,0.0,0.0,0.0,0.0,0.0,0.0,0.0,0.0,0.0,1.0,0.0,0.0,0.0,0.0,0.125,0.0,0.3535533905932738,0.125,inf,0.0,0.006802721088435374,0.0,0.0,-0.19889829019432193,-0.24421471429918415,-0.045316424104862224
elefria-labs,2023-04-01,0.0,0.0,0.0,0.0,0.0,0.0,0.0,0.0,0.0,0.0,0.0,0.0,0.0,0.0,0.0,1.0,0.0,0.0,0.125,0.0,0.3535533905932738,0.125,inf,0.0,0.1700680272108843,0.0,0.0,-0.19889829019432193,-0.24421471429918415,-0.045316424104862224
collabberry,2024-08-01,0.0,0.0,0.0,0.0,0.0,0.0,0.0,0.0,0.0,0.0,0.0,0.0,0.0,1.0,0.0,0.0,0.0,0.0,0.125,0.0,0.3535533905932738,0.125,inf,0.0,0.006802721088435374,0.0,0.0,-0.19889829019432193,-0.24421471429918415,-0.045316424104862224
fileverse,2022-03-01,0.0,0.0,0.0,0.0,0.0,0.0,0.0,0.0,0.0,0.0,1.0,0.0,0.0,0.0,0.0,0.0,0.0,0.0,0.125,0.0,0.3535533905932738,0.125,inf,0.0,0.1700680272108843,0.0,0.0,-0.19889829019432193,-0.24421471429918415,-0.045316424104862224
esatya,2024-10-01,0.0,0.0,0.0,0.0,0.0,0.0,0.0,0.0,0.0,0.0,0.0,0.0,0.0,0.0,1.0,0.0,0.0,0.0,0.125,0.0,0.3535533905932738,0.125,inf,0.0,0.061224489795918366,0.0,0.0,-0.19889829019432193,-0.24421471429918415,-0.045316424104862224
esteroids,2021-06-01,0.0,0.0,0.0,0.0,0.0,0.0,0.0,0.0,0.0,0.0,0.0,0.0,0.0,0.0,0.0,1.0,0.0,0.0,0.125,0.0,0.3535533905932738,0.125,inf,0.0,0.1700680272108843,0.0,0.0,-0.19889829019432193,-0.24421471429918415,-0.045316424104862224
kontext-app,2020-12-01,0.0,0.0,0.0,0.0,0.0,0.0,0.0,6.0,2.0,5.0,2.0,0.0,0.0,0.0,0.0,0.0,0.0,0.75,0.875,2.1213203435596424,1.807721533549109,0.125,0.16666666666666666,0.3333333333333334,0.5269320843091335,0.0,0.0,-0.18793281022583166,-0.2330470289883479,-0.04511421876251623
0xdeadlist,2022-08-01,0.0,0.0,0.0,0.0,0.0,0.0,0.0,0.0,1.0,0.0,0.0,1.0,0.0,0.0,0.0,0.0,0.0,0.0,0.125,0.0,0.3535533905932738,0.125,inf,0.0,0.061224489795918366,0.0,0.0,-0.19889829019432193,-0.24421471429918415,-0.045316424104862224
fusionx-finance,2023-04-01,0.0,0.0,0.0,0.0,0.0,0.0,0.0,0.0,0.0,0.0,0.0,0.0,1.0,0.0,0.0,0.0,0.0,0.0,0.125,0.0,0.3535533905932738,0.125,inf,0.0,0.006802721088435374,0.0,0.0,-0.19889829019432193,-0.24421471429918415,-0.045316424104862224
ethhub-io,2019-02-01,0.0,0.0,0.0,0.0,0.0,0.0,10.0,23.0,10.0,2.0,9.0,2.0,7.0,5.0,2.0,6.0,1.0,4.125,4.25,8.391109240482708,2.9154759474226504,0.125,0.030303030303030304,0.5376737557817955,0.05762304921968787,0.0,0.0,-0.1385881503676256,-0.18279244508958478,-0.04420429472195919
longevity-genie,2023-08-01,0.0,0.0,0.0,0.0,0.0,0.0,0.0,0.0,0.0,0.0,0.0,0.0,0.0,0.0,0.0,1.0,0.0,0.0,0.125,0.0,0.3535533905932738,0.125,inf,0.0,0.1700680272108843,0.0,0.0,-0.19889829019432193,-0.24421471429918415,-0.045316424104862224
zkvrf,2023-11-01,0.0,0.0,0.0,0.0,0.0,0.0,0.0,0.0,0.0,0.0,0.0,0.0,0.0,0.0,0.0,0.0,1.0,0.0,0.125,0.0,0.3535533905932738,0.125,inf,0.0,0.3333333333333334,0.0,0.0,-0.19889829019432193,-0.24421471429918415,-0.045316424104862224
lemonadesocial,2024-01-01,0.0,0.0,0.0,0.0,0.0,0.0,0.0,0.0,0.0,0.0,0.0,0.0,0.0,1.0,0.0,0.0,0.0,0.0,0.125,0.0,0.3535533905932738,0.125,inf,0.0,0.006802721088435374,0.0,0.0,-0.19889829019432193,-0.24421471429918415,-0.045316424104862224
optimystics,2025-04-01,0.0,0.0,0.0,0.0,0.0,0.0,0.0,0.0,1.0,0.0,0.0,0.0,0.0,0.0,0.0,0.0,0.0,0.0,0.0,0.0,0.0,0.0,inf,0.0,0.0,0.0,0.0,-0.19889829019432193,-0.24607599518432352,-0.047177704990001595
0xlighthouse,2024-10-01,0.0,0.0,0.0,0.0,0.0,0.0,0.0,0.0,11.0,0.0,0.0,0.0,0.0,0.0,0.0,0.0,0.0,0.0,0.0,0.0,0.0,0.0,inf,0.0,0.0,0.0,0.0,-0.19889829019432193,-0.24607599518432352,-0.047177704990001595
basin-global,2023-04-01,0.0,0.0,0.0,0.0,0.0,0.0,0.0,0.0,1.0,0.0,0.0,0.0,0.0,0.0,0.0,0.0,0.0,0.0,0.0,0.0,0.0,0.0,inf,0.0,0.0,0.0,0.0,-0.19889829019432193,-0.24607599518432352,-0.047177704990001595
decentraschool,2023-08-01,0.0,0.0,0.0,0.0,0.0,0.0,0.0,0.0,2.0,0.0,0.0,0.0,0.0,0.0,0.0,0.0,0.0,0.0,0.0,0.0,0.0,0.0,inf,0.0,0.0,0.0,0.0,-0.19889829019432193,-0.24607599518432352,-0.047177704990001595
fractalflows,2023-04-01,0.0,0.0,0.0,0.0,0.0,0.0,0.0,0.0,10.0,0.0,0.0,0.0,0.0,0.0,0.0,0.0,0.0,0.0,0.0,0.0,0.0,0.0,inf,0.0,0.0,0.0,0.0,-0.19889829019432193,-0.24607599518432352,-0.047177704990001595
ggframe,2024-08-01,0.0,0.0,0.0,0.0,0.0,0.0,0.0,0.0,2.0,0.0,0.0,0.0,0.0,0.0,0.0,0.0,0.0,0.0,0.0,0.0,0.0,0.0,inf,0.0,0.0,0.0,0.0,-0.19889829019432193,-0.24607599518432352,-0.047177704990001595
copernicspace,2023-11-01,0.0,0.0,0.0,0.0,0.0,0.0,0.0,1.0,0.0,0.0,0.0,0.0,0.0,0.0,0.0,0.0,1.0,0.125,0.125,0.3535533905932738,0.3535533905932738,0.0,0.0,0.3333333333333334,0.3333333333333334,0.0,0.0,-0.19707071019957353,-0.24421471429918415,-0.047144004099610615
filswan,2022-03-01,0.0,2.0,1.0,0.0,1.0,6.0,1.0,17.0,1.0,5.0,5.0,2.0,0.0,2.0,7.0,3.0,4.0,3.5,3.5,5.7817446699565895,2.2038926600773587,0.0,0.0,0.42989417989417994,0.0,0.0,0.0,-0.14772605034136746,-0.19396013040042104,-0.04623408005905358
desci-asia,2023-08-01,0.0,0.0,0.0,0.0,0.0,0.0,0.0,0.0,1.0,0.0,0.0,0.0,0.0,0.0,0.0,0.0,0.0,0.0,0.0,0.0,0.0,0.0,inf,0.0,0.0,0.0,0.0,-0.19889829019432193,-0.24607599518432352,-0.047177704990001595
dapplooker,2024-06-01,0.0,0.0,0.0,0.0,4.0,8.0,2.0,3.0,2.0,2.0,10.0,0.0,0.0,5.0,0.0,0.0,0.0,2.125,2.125,2.850438562747845,3.6425069859723185,0.0,0.0,0.36431187859759306,0.2230981221559957,0.0,0.0,-0.16782943028359956,-0.21443422013695415,-0.04660478985335459
farcaster-py-vrypan,2023-11-01,0.0,0.0,0.0,0.0,0.0,0.0,0.0,2.0,2.0,0.0,0.0,0.0,0.0,0.0,2.0,0.0,0.0,0.25,0.25,0.7071067811865476,0.7071067811865476,0.0,0.0,0.3333333333333334,0.061224489795918366,0.0,0.0,-0.19524313020482517,-0.24235343341404478,-0.047110303209219606
notichain,2023-11-01,0.0,0.0,0.0,0.0,0.0,0.0,0.0,0.0,3.0,0.0,0.0,0.0,0.0,0.0,0.0,0.0,0.0,0.0,0.0,0.0,0.0,0.0,inf,0.0,0.0,0.0,0.0,-0.19889829019432193,-0.24607599518432352,-0.047177704990001595
arbitrumhub,2024-04-01,0.0,0.0,0.0,0.0,0.0,0.0,0.0,0.0,2.0,0.0,0.0,0.0,0.0,0.0,0.0,0.0,0.0,0.0,0.0,0.0,0.0,0.0,inf,0.0,0.0,0.0,0.0,-0.19889829019432193,-0.24607599518432352,-0.047177704990001595
democracyearth,2020-02-01,0.0,1.0,0.0,0.0,0.0,0.0,0.0,0.0,0.0,0.0,0.0,0.0,0.0,1.0,0.0,0.0,0.0,0.125,0.125,0.3535533905932738,0.3535533905932738,0.0,0.0,0.1700680272108843,0.006802721088435374,0.0,0.0,-0.19707071019957353,-0.24421471429918415,-0.047144004099610615
dgl-dynamic-governance-liquidator,2024-10-01,0.0,0.0,0.0,0.0,0.0,0.0,0.0,0.0,1.0,0.0,0.0,0.0,0.0,0.0,0.0,0.0,0.0,0.0,0.0,0.0,0.0,0.0,inf,0.0,0.0,0.0,0.0,-0.19889829019432193,-0.24607599518432352,-0.047177704990001595
yohakuxyz,2024-08-01,0.0,0.0,0.0,0.0,0.0,0.0,0.0,1.0,0.0,0.0,0.0,0.0,0.0,0.0,0.0,1.0,0.0,0.125,0.125,0.3535533905932738,0.3535533905932738,0.0,0.0,0.3333333333333334,0.1700680272108843,0.0,0.0,-0.19707071019957353,-0.24421471429918415,-0.047144004099610615
web3bridge,2020-10-01,0.0,0.0,0.0,0.0,0.0,0.0,0.0,0.0,2.0,0.0,0.0,0.0,0.0,0.0,0.0,0.0,0.0,0.0,0.0,0.0,0.0,0.0,inf,0.0,0.0,0.0,0.0,-0.19889829019432193,-0.24607599518432352,-0.047177704990001595
minerva-wallet-lab10-coop,2020-10-01,0.0,0.0,0.0,0.0,0.0,0.0,0.0,0.0,1.0,0.0,0.0,0.0,0.0,0.0,0.0,0.0,0.0,0.0,0.0,0.0,0.0,0.0,inf,0.0,0.0,0.0,0.0,-0.19889829019432193,-0.24607599518432352,-0.047177704990001595
web3j,2024-04-01,0.0,0.0,0.0,0.0,1.0,0.0,0.0,0.0,0.0,0.0,0.0,0.0,0.0,1.0,0.0,0.0,0.0,0.125,0.125,0.3535533905932738,0.3535533905932738,0.0,0.0,0.006802721088435374,0.006802721088435374,0.0,0.0,-0.19707071019957353,-0.24421471429918415,-0.047144004099610615
alto-io,2020-10-01,0.0,2.0,0.0,0.0,0.0,3.0,0.0,1.0,0.0,0.0,0.0,0.0,0.0,2.0,1.0,0.0,3.0,0.75,0.75,1.164964745021435,1.164964745021435,0.0,0.0,0.02255639097744362,0.42355889724310786,0.0,0.0,-0.18793281022583166,-0.23490830987348726,-0.0469754996476556
kotalco,2020-10-01,0.0,0.0,0.0,0.0,0.0,0.0,2.0,0.0,0.0,0.0,0.0,0.0,0.0,2.0,0.0,0.0,0.0,0.25,0.25,0.7071067811865476,0.7071067811865476,0.0,0.0,0.1700680272108843,0.006802721088435374,0.0,0.0,-0.19524313020482517,-0.24235343341404478,-0.047110303209219606
ruby-protocol,2021-09-01,0.0,0.0,0.0,0.0,0.0,0.0,0.0,0.0,2.0,0.0,0.0,0.0,0.0,0.0,0.0,0.0,0.0,0.0,0.0,0.0,0.0,0.0,inf,0.0,0.0,0.0,0.0,-0.19889829019432193,-0.24607599518432352,-0.047177704990001595
mosaicfun,2024-04-01,0.0,0.0,0.0,0.0,0.0,0.0,0.0,0.0,5.0,0.0,0.0,0.0,0.0,0.0,0.0,0.0,0.0,0.0,0.0,0.0,0.0,0.0,inf,0.0,0.0,0.0,0.0,-0.19889829019432193,-0.24607599518432352,-0.047177704990001595
zkpassofficial,2022-08-01,0.0,0.0,0.0,0.0,0.0,0.0,0.0,0.0,2.0,0.0,0.0,0.0,0.0,0.0,0.0,0.0,0.0,0.0,0.0,0.0,0.0,0.0,inf,0.0,0.0,0.0,0.0,-0.19889829019432193,-0.24607599518432352,-0.047177704990001595
gyrostable,2024-06-01,1.0,0.0,0.0,0.0,0.0,0.0,0.0,0.0,0.0,0.0,0.0,0.0,0.0,0.0,1.0,0.0,0.0,0.125,0.125,0.3535533905932738,0.3535533905932738,0.0,0.0,0.3333333333333334,0.061224489795918366,0.0,0.0,-0.19707071019957353,-0.24421471429918415,-0.047144004099610615
w3projecthub,2023-08-01,0.0,0.0,0.0,0.0,0.0,0.0,0.0,0.0,4.0,0.0,0.0,0.0,0.0,0.0,0.0,0.0,0.0,0.0,0.0,0.0,0.0,0.0,inf,0.0,0.0,0.0,0.0,-0.19889829019432193,-0.24607599518432352,-0.047177704990001595
nerd3lab,2025-04-01,0.0,0.0,0.0,0.0,0.0,0.0,0.0,0.0,2.0,0.0,0.0,0.0,0.0,0.0,0.0,0.0,0.0,0.0,0.0,0.0,0.0,0.0,inf,0.0,0.0,0.0,0.0,-0.19889829019432193,-0.24607599518432352,-0.047177704990001595
getclave,2024-10-01,0.0,2.0,0.0,0.0,0.0,0.0,0.0,0.0,0.0,1.0,0.0,0.0,0.0,0.0,0.0,0.0,1.0,0.25,0.25,0.7071067811865476,0.4629100498862757,0.0,0.0,0.1700680272108843,0.0,0.0,0.0,-0.19524313020482517,-0.24235343341404478,-0.047110303209219606
bloomnetwork,2020-12-01,0.0,0.0,0.0,0.0,0.0,0.0,0.0,0.0,1.0,0.0,0.0,0.0,0.0,0.0,0.0,0.0,0.0,0.0,0.0,0.0,0.0,0.0,inf,0.0,0.0,0.0,0.0,-0.19889829019432193,-0.24607599518432352,-0.047177704990001595
plebbit,2022-06-01,0.0,1.0,0.0,0.0,0.0,0.0,2.0,0.0,0.0,0.0,0.0,0.0,0.0,0.0,2.0,0.0,0.0,0.375,0.25,0.7440238091428449,0.7071067811865476,-0.125,-0.3333333333333333,0.03840245775729646,0.061224489795918366,0.0,0.0,-0.19341555021007678,-0.24235343341404478,-0.048937883203968
plancker-labs,2023-04-01,0.0,0.0,1.0,0.0,0.0,0.0,0.0,0.0,0.0,0.0,0.0,0.0,0.0,0.0,0.0,0.0,0.0,0.125,0.0,0.3535533905932738,0.0,-0.125,-1.0,0.061224489795918366,0.0,0.0,0.0,-0.19707071019957353,-0.24607599518432352,-0.049005284984749986
burner-wallet-austintgriffith,2021-06-01,1.0,0.0,1.0,0.0,0.0,0.0,0.0,0.0,0.0,0.0,0.0,0.0,0.0,1.0,0.0,0.0,0.0,0.25,0.125,0.4629100498862757,0.3535533905932738,-0.125,-0.5,0.3968253968253968,0.006802721088435374,0.0,0.0,-0.19524313020482517,-0.24421471429918415,-0.04897158409435898
4everland,2022-08-01,0.0,0.0,0.0,2.0,0.0,0.0,0.0,0.0,0.0,0.0,0.0,0.0,0.0,0.0,1.0,0.0,0.0,0.25,0.125,0.7071067811865476,0.3535533905932738,-0.125,-0.5,0.006802721088435374,0.061224489795918366,0.0,0.0,-0.19524313020482517,-0.24421471429918415,-0.04897158409435898
dark-matter-labs,2024-08-01,0.0,0.0,0.0,0.0,0.0,4.0,0.0,0.0,0.0,0.0,3.0,0.0,0.0,0.0,0.0,0.0,0.0,0.5,0.375,1.4142135623730951,1.0606601717798212,-0.125,-0.25,0.061224489795918366,0.17006802721088443,0.0,0.0,-0.19158797021532842,-0.2404921525289054,-0.04890418231357699
candide-labs,2023-04-01,0.0,0.0,0.0,8.0,2.0,2.0,2.0,8.0,4.0,16.0,1.0,1.0,1.0,1.0,0.0,0.0,1.0,2.75,2.625,3.370036032024414,5.423164600647327,-0.125,-0.045454545454545456,0.32614555256064703,0.36918495388440753,0.0,0.0,-0.1586915303098577,-0.20698909659639667,-0.04829756628653897
protocol-explorer,2024-04-01,0.0,0.0,0.0,0.0,0.0,2.0,0.0,0.0,0.0,1.0,0.0,0.0,0.0,0.0,0.0,0.0,0.0,0.25,0.125,0.7071067811865476,0.3535533905932738,-0.125,-0.5,0.061224489795918366,0.3333333333333334,0.0,0.0,-0.19524313020482517,-0.24421471429918415,-0.04897158409435898
blockchainedindia,2023-08-01,0.0,0.0,0.0,0.0,0.0,0.0,1.0,0.0,0.0,0.0,0.0,0.0,0.0,0.0,0.0,0.0,0.0,0.125,0.0,0.3535533905932738,0.0,-0.125,-1.0,0.1700680272108843,0.0,0.0,0.0,-0.19707071019957353,-0.24607599518432352,-0.049005284984749986
ringsnetwork,2022-08-01,0.0,0.0,0.0,0.0,0.0,0.0,0.0,1.0,0.0,0.0,0.0,0.0,0.0,0.0,0.0,0.0,0.0,0.125,0.0,0.3535533905932738,0.0,-0.125,-1.0,0.3333333333333334,0.0,0.0,0.0,-0.19707071019957353,-0.24607599518432352,-0.049005284984749986
chocomintapp,2022-02-01,2.0,0.0,0.0,0.0,0.0,0.0,0.0,0.0,0.0,0.0,0.0,0.0,0.0,1.0,0.0,0.0,0.0,0.25,0.125,0.7071067811865476,0.3535533905932738,-0.125,-0.5,0.3333333333333334,0.006802721088435374,0.0,0.0,-0.19524313020482517,-0.24421471429918415,-0.04897158409435898
better-feedback,2021-03-01,0.0,0.0,0.0,0.0,0.0,0.0,2.0,0.0,0.0,0.0,0.0,0.0,0.0,1.0,0.0,0.0,0.0,0.25,0.125,0.7071067811865476,0.3535533905932738,-0.125,-0.5,0.1700680272108843,0.006802721088435374,0.0,0.0,-0.19524313020482517,-0.24421471429918415,-0.04897158409435898
yieldyak,2025-02-01,0.0,0.0,0.0,0.0,1.0,0.0,0.0,0.0,2.0,0.0,0.0,0.0,0.0,0.0,0.0,0.0,0.0,0.125,0.0,0.3535533905932738,0.0,-0.125,-1.0,0.006802721088435374,0.0,0.0,0.0,-0.19707071019957353,-0.24607599518432352,-0.049005284984749986
moztw,2023-12-01,0.0,0.0,0.0,2.0,0.0,0.0,0.0,0.0,1.0,0.0,0.0,0.0,0.0,1.0,0.0,0.0,0.0,0.25,0.125,0.7071067811865476,0.3535533905932738,-0.125,-0.5,0.006802721088435374,0.006802721088435374,0.0,0.0,-0.19524313020482517,-0.24421471429918415,-0.04897158409435898
dasylang,2023-09-01,0.0,0.0,0.0,0.0,0.0,3.0,1.0,0.0,0.0,0.0,0.0,0.0,0.0,3.0,0.0,0.0,0.0,0.5,0.375,1.0690449676496976,1.0606601717798212,-0.125,-0.25,0.14583333333333334,0.0068027210884353765,0.0,0.0,-0.19158797021532842,-0.2404921525289054,-0.04890418231357699
web3bazaar,2022-06-01,0.0,0.0,0.0,0.0,0.0,1.0,0.0,0.0,0.0,0.0,0.0,0.0,0.0,0.0,0.0,0.0,0.0,0.125,0.0,0.3535533905932738,0.0,-0.125,-1.0,0.061224489795918366,0.0,0.0,0.0,-0.19707071019957353,-0.24607599518432352,-0.049005284984749986
yapbay-panmoni,2024-04-01,0.0,0.0,0.0,0.0,0.0,0.0,1.0,0.0,0.0,0.0,0.0,0.0,0.0,0.0,0.0,0.0,0.0,0.125,0.0,0.3535533905932738,0.0,-0.125,-1.0,0.1700680272108843,0.0,0.0,0.0,-0.19707071019957353,-0.24607599518432352,-0.049005284984749986
mevboost-pics-nerolation,2023-05-01,0.0,0.0,0.0,0.0,0.0,0.0,1.0,0.0,0.0,0.0,0.0,0.0,0.0,0.0,0.0,0.0,0.0,0.125,0.0,0.3535533905932738,0.0,-0.125,-1.0,0.1700680272108843,0.0,0.0,0.0,-0.19707071019957353,-0.24607599518432352,-0.049005284984749986
equalizer-finance,2023-08-01,0.0,0.0,1.0,0.0,0.0,0.0,0.0,0.0,0.0,0.0,0.0,0.0,0.0,0.0,0.0,0.0,0.0,0.125,0.0,0.3535533905932738,0.0,-0.125,-1.0,0.061224489795918366,0.0,0.0,0.0,-0.19707071019957353,-0.24607599518432352,-0.049005284984749986
poppunk-llc,2024-04-01,0.0,0.0,0.0,1.0,0.0,1.0,0.0,0.0,0.0,0.0,0.0,0.0,0.0,0.0,0.0,0.0,0.0,0.25,0.0,0.4629100498862757,0.0,-0.25,-1.0,0.015873015873015876,0.0,0.0,0.0,-0.19524313020482517,-0.24607599518432352,-0.05083286497949835
defilab-xyz,2023-04-01,2.0,0.0,0.0,0.0,0.0,0.0,0.0,0.0,1.0,0.0,0.0,0.0,0.0,0.0,0.0,0.0,0.0,0.25,0.0,0.7071067811865476,0.0,-0.25,-1.0,0.3333333333333334,0.0,0.0,0.0,-0.19524313020482517,-0.24607599518432352,-0.05083286497949835
benzin-web3-oss,2023-08-01,0.0,0.0,0.0,0.0,1.0,0.0,0.0,4.0,0.0,0.0,3.0,0.0,0.0,0.0,0.0,0.0,0.0,0.625,0.375,1.407885953173359,1.0606601717798212,-0.25,-0.4,0.36078936078936086,0.17006802721088443,0.0,0.0,-0.18976039022058006,-0.2404921525289054,-0.05073176230832535
ssbc,2024-10-01,5.0,0.0,0.0,0.0,1.0,1.0,0.0,0.0,0.0,0.0,0.0,0.0,2.0,0.0,0.0,2.0,1.0,0.875,0.625,1.7268882005337975,0.9161253813129043,-0.25,-0.2857142857142857,0.274023381807813,0.22796352583586635,0.0,0.0,-0.1861052302310833,-0.23676959075862664,-0.050664360527543334
digitalax,2021-06-01,0.0,1.0,0.0,1.0,0.0,0.0,0.0,0.0,0.0,0.0,0.0,0.0,0.0,0.0,0.0,0.0,0.0,0.25,0.0,0.4629100498862757,0.0,-0.25,-1.0,0.14285714285714288,0.0,0.0,0.0,-0.19524313020482517,-0.24607599518432352,-0.05083286497949835
solidity-guild,2023-08-01,2.0,0.0,0.0,0.0,0.0,0.0,0.0,0.0,0.0,0.0,0.0,0.0,0.0,0.0,0.0,0.0,0.0,0.25,0.0,0.7071067811865476,0.0,-0.25,-1.0,0.3333333333333334,0.0,0.0,0.0,-0.19524313020482517,-0.24607599518432352,-0.05083286497949835
appcalipse,2022-08-01,0.0,0.0,2.0,0.0,0.0,0.0,0.0,0.0,0.0,0.0,0.0,0.0,0.0,0.0,0.0,0.0,0.0,0.25,0.0,0.7071067811865476,0.0,-0.25,-1.0,0.061224489795918366,0.0,0.0,0.0,-0.19524313020482517,-0.24607599518432352,-0.05083286497949835
mutualsupply,2023-08-01,0.0,0.0,0.0,0.0,0.0,2.0,0.0,0.0,0.0,0.0,0.0,0.0,0.0,0.0,0.0,0.0,0.0,0.25,0.0,0.7071067811865476,0.0,-0.25,-1.0,0.061224489795918366,0.0,0.0,0.0,-0.19524313020482517,-0.24607599518432352,-0.05083286497949835
b-rder-ess-dev-hub,2025-04-01,0.0,0.0,0.0,0.0,0.0,0.0,0.0,2.0,0.0,0.0,0.0,0.0,0.0,0.0,0.0,0.0,0.0,0.25,0.0,0.7071067811865476,0.0,-0.25,-1.0,0.3333333333333334,0.0,0.0,0.0,-0.19524313020482517,-0.24607599518432352,-0.05083286497949835
whynotswitch,2023-04-01,0.0,0.0,0.0,0.0,0.0,2.0,0.0,0.0,0.0,0.0,0.0,0.0,0.0,0.0,0.0,0.0,0.0,0.25,0.0,0.7071067811865476,0.0,-0.25,-1.0,0.061224489795918366,0.0,0.0,0.0,-0.19524313020482517,-0.24607599518432352,-0.05083286497949835
llamapay,2022-08-01,0.0,0.0,0.0,0.0,0.0,0.0,5.0,3.0,4.0,2.0,0.0,0.0,0.0,1.0,2.0,0.0,1.0,1.0,0.75,1.927248223318863,0.8864052604279183,-0.25,-0.25,0.4844322344322345,0.0,0.0,0.0,-0.18427765023633494,-0.23490830987348726,-0.050630659637152325
asseth,2020-12-01,2.0,0.0,0.0,0.0,0.0,0.0,0.0,0.0,3.0,0.0,0.0,0.0,0.0,0.0,0.0,0.0,0.0,0.25,0.0,0.7071067811865476,0.0,-0.25,-1.0,0.3333333333333334,0.0,0.0,0.0,-0.19524313020482517,-0.24607599518432352,-0.05083286497949835
cybercat-institute,2023-08-01,0.0,1.0,0.0,0.0,1.0,0.0,0.0,0.0,0.0,0.0,0.0,0.0,0.0,0.0,0.0,0.0,0.0,0.25,0.0,0.4629100498862757,0.0,-0.25,-1.0,0.0634920634920635,0.0,0.0,0.0,-0.19524313020482517,-0.24607599518432352,-0.05083286497949835
evm-explorer-pfed-prog,2024-08-01,0.0,0.0,0.0,0.0,0.0,0.0,0.0,2.0,0.0,0.0,0.0,0.0,0.0,0.0,0.0,0.0,0.0,0.25,0.0,0.7071067811865476,0.0,-0.25,-1.0,0.3333333333333334,0.0,0.0,0.0,-0.19524313020482517,-0.24607599518432352,-0.05083286497949835
the-stack-report,2023-08-01,0.0,2.0,0.0,0.0,0.0,0.0,0.0,0.0,0.0,0.0,0.0,0.0,0.0,0.0,0.0,0.0,0.0,0.25,0.0,0.7071067811865476,0.0,-0.25,-1.0,0.1700680272108843,0.0,0.0,0.0,-0.19524313020482517,-0.24607599518432352,-0.05083286497949835
eppie-io,2023-04-01,0.0,0.0,0.0,1.0,0.0,0.0,0.0,2.0,12.0,0.0,0.0,0.0,0.0,1.0,0.0,0.0,0.0,0.375,0.125,0.7440238091428449,0.3535533905932738,-0.25,-0.6666666666666666,0.2596006144393241,0.006802721088435374,0.0,0.0,-0.19341555021007678,-0.24421471429918415,-0.05079916408910737
aura-meta-node,2023-04-01,0.0,0.0,0.0,0.0,0.0,0.0,2.0,0.0,0.0,0.0,0.0,0.0,0.0,0.0,0.0,0.0,0.0,0.25,0.0,0.7071067811865476,0.0,-0.25,-1.0,0.1700680272108843,0.0,0.0,0.0,-0.19524313020482517,-0.24607599518432352,-0.05083286497949835
bonadocs,2024-04-01,0.0,0.0,0.0,0.0,1.0,0.0,0.0,1.0,0.0,0.0,0.0,0.0,0.0,0.0,0.0,0.0,0.0,0.25,0.0,0.4629100498862757,0.0,-0.25,-1.0,0.253968253968254,0.0,0.0,0.0,-0.19524313020482517,-0.24607599518432352,-0.05083286497949835
zcloak-network,2023-09-01,0.0,1.0,0.0,0.0,0.0,1.0,0.0,0.0,0.0,0.0,0.0,0.0,0.0,0.0,0.0,0.0,0.0,0.25,0.0,0.4629100498862757,0.0,-0.25,-1.0,0.015873015873015876,0.0,0.0,0.0,-0.19524313020482517,-0.24607599518432352,-0.05083286497949835
blocknative,2023-09-01,4.0,1.0,1.0,0.0,0.0,1.0,0.0,1.0,0.0,0.0,1.0,0.0,0.0,0.0,2.0,1.0,1.0,1.0,0.625,1.3093073414159542,0.7440238091428449,-0.375,-0.375,0.33531746031746035,0.2596006144393241,0.0,0.0,-0.18427765023633494,-0.23676959075862664,-0.0524919405222917
amet-finance,2024-04-01,0.0,0.0,0.0,0.0,0.0,0.0,1.0,2.0,0.0,0.0,0.0,0.0,0.0,0.0,0.0,0.0,0.0,0.375,0.0,0.7440238091428449,0.0,-0.375,-1.0,0.554531490015361,0.0,0.0,0.0,-0.19341555021007678,-0.24607599518432352,-0.05266044497424674
labrys-group,2023-04-01,0.0,0.0,0.0,0.0,2.0,1.0,0.0,0.0,0.0,0.0,0.0,0.0,0.0,0.0,0.0,0.0,0.0,0.375,0.0,0.7440238091428449,0.0,-0.375,-1.0,0.03840245775729646,0.0,0.0,0.0,-0.19341555021007678,-0.24607599518432352,-0.05266044497424674
airgap-it,2019-10-01,1.0,2.0,5.0,1.0,9.0,3.0,2.0,2.0,3.0,0.0,2.0,2.0,2.0,4.0,3.0,4.0,5.0,3.125,2.75,2.6958963523950885,1.5811388300841898,-0.375,-0.12,0.009477009477009477,0.8503401360544218,0.0,0.0,-0.15320879032561258,-0.2051278157112573,-0.05191902538564472
opscientia,2021-06-01,0.0,0.0,0.0,0.0,0.0,5.0,0.0,1.0,2.0,0.0,0.0,0.0,0.0,0.0,0.0,3.0,0.0,0.75,0.375,1.7525491637693282,1.0606601717798212,-0.375,-0.5,0.1339977851605759,0.17006802721088443,0.0,0.0,-0.18793281022583166,-0.2404921525289054,-0.05255934230307374
paraswap,2020-04-01,0.0,0.0,0.0,0.0,0.0,0.0,1.0,2.0,0.0,0.0,0.0,0.0,0.0,0.0,0.0,0.0,0.0,0.375,0.0,0.7440238091428449,0.0,-0.375,-1.0,0.554531490015361,0.0,0.0,0.0,-0.19341555021007678,-0.24607599518432352,-0.05266044497424674
liminalvillage,2025-04-01,0.0,0.0,0.0,2.0,0.0,1.0,0.0,0.0,0.0,0.0,0.0,0.0,0.0,0.0,0.0,0.0,0.0,0.375,0.0,0.7440238091428449,0.0,-0.375,-1.0,0.001536098310291859,0.0,0.0,0.0,-0.19341555021007678,-0.24607599518432352,-0.05266044497424674
portraitgg,2022-06-01,0.0,0.0,0.0,0.0,0.0,3.0,0.0,0.0,0.0,0.0,0.0,0.0,0.0,0.0,0.0,0.0,0.0,0.375,0.0,1.0606601717798212,0.0,-0.375,-1.0,0.061224489795918366,0.0,0.0,0.0,-0.19341555021007678,-0.24607599518432352,-0.05266044497424674
fundingthecommons,2023-11-01,0.0,0.0,0.0,0.0,0.0,0.0,0.0,4.0,0.0,0.0,0.0,0.0,0.0,0.0,0.0,0.0,0.0,0.5,0.0,1.4142135623730951,0.0,-0.5,-1.0,0.3333333333333334,0.0,0.0,0.0,-0.19158797021532842,-0.24607599518432352,-0.0544880249689951
hyperfiles-org,2024-04-01,0.0,0.0,0.0,2.0,1.0,2.0,0.0,1.0,3.0,2.0,0.0,0.0,0.0,0.0,0.0,0.0,0.0,0.75,0.25,0.8864052604279183,0.7071067811865476,-0.5,-0.6666666666666666,0.15584415584415587,0.3333333333333334,0.0,0.0,-0.18793281022583166,-0.24235343341404478,-0.05442062318821311
fiat-connect,2023-04-01,1.0,2.0,1.0,0.0,0.0,0.0,2.0,0.0,0.0,0.0,0.0,1.0,0.0,1.0,0.0,0.0,0.0,0.75,0.25,0.8864052604279183,0.4629100498862757,-0.5,-0.6666666666666666,0.1082251082251082,0.015873015873015876,0.0,0.0,-0.18793281022583166,-0.24235343341404478,-0.05442062318821311
openlittermap,2024-08-01,0.0,0.0,0.0,5.0,0.0,0.0,0.0,1.0,1.0,0.0,0.0,1.0,0.0,0.0,0.0,0.0,0.0,0.75,0.125,1.7525491637693282,0.3535533905932738,-0.625,-0.8333333333333334,0.001107419712070875,0.061224489795918366,0.0,0.0,-0.18793281022583166,-0.24421471429918415,-0.056281904073352484
etheralpha,2023-08-01,0.0,2.0,2.0,1.0,2.0,0.0,0.0,0.0,2.0,0.0,0.0,0.0,0.0,2.0,0.0,0.0,0.0,0.875,0.25,0.9910312089651149,0.7071067811865476,-0.625,-0.7142857142857143,0.19480519480519481,0.006802721088435374,0.0,0.0,-0.1861052302310833,-0.24235343341404478,-0.056248203182961476
denotalabs,2024-04-01,0.0,0.0,4.0,0.0,0.0,2.0,0.0,1.0,5.0,1.0,0.0,0.0,1.0,0.0,0.0,0.0,0.0,0.875,0.25,1.4577379737113252,0.4629100498862757,-0.625,-0.7142857142857143,0.00040016006402561027,0.253968253968254,0.0,0.0,-0.1861052302310833,-0.24235343341404478,-0.056248203182961476
internet-archive,2022-06-01,51.0,125.0,119.0,76.0,138.0,123.0,124.0,89.0,74.0,77.0,103.0,102.0,71.0,63.0,158.0,176.0,90.0,105.625,105.0,30.189579564573506,41.04353089795551,-0.625,-0.005917159763313609,0.10470517876619095,0.191542288557214,0.0,0.0,1.345406805368054,1.317399948332751,-0.028006857035302923
replica-io,2023-08-01,0.0,0.0,0.0,17.0,0.0,4.0,5.0,4.0,8.0,11.0,2.0,2.0,0.0,0.0,3.0,3.0,4.0,3.75,3.125,5.775564289066727,3.48209706929603,-0.625,-0.16666666666666666,0.05873355766289387,0.11789045515113261,0.0,0.0,-0.1440708903518707,-0.19954397305583915,-0.055473082703968446
dspytdao,2023-04-01,0.0,10.0,1.0,0.0,0.0,0.0,2.0,0.0,0.0,0.0,1.0,1.0,0.0,0.0,0.0,5.0,0.0,1.625,0.875,3.4615231989895516,1.7268882005337975,-0.75,-0.46153846153846156,0.13121850826768858,0.0824066153407471,0.0,0.0,-0.17513975026259307,-0.2330470289883479,-0.057907278725754824
aastarcommunity,2024-04-01,0.0,0.0,0.0,0.0,0.0,0.0,1.0,5.0,0.0,0.0,0.0,0.0,0.0,0.0,0.0,0.0,0.0,0.75,0.0,1.7525491637693282,0.0,-0.75,-1.0,0.44296788482835003,0.0,0.0,0.0,-0.18793281022583166,-0.24607599518432352,-0.058143184958491856
stableunit,2023-08-01,0.0,0.0,3.0,0.0,0.0,3.0,0.0,0.0,0.0,0.0,0.0,0.0,0.0,0.0,0.0,0.0,0.0,0.75,0.0,1.3887301496588271,0.0,-0.75,-1.0,0.0,0.0,0.0,0.0,-0.18793281022583166,-0.24607599518432352,-0.058143184958491856
huddle01,2024-03-01,0.0,0.0,0.0,9.0,0.0,0.0,0.0,1.0,1.0,2.0,0.0,0.0,1.0,0.0,0.0,0.0,1.0,1.25,0.5,3.1509635714446826,0.7559289460184544,-0.75,-0.6,0.00034258307639602604,0.09523809523809527,0.0,0.0,-0.18062249024683819,-0.238630871643766,-0.05800838139692782
radardao-xyz,2023-08-01,0.0,0.0,0.0,0.0,0.0,11.0,0.0,21.0,243.0,25.0,1.0,0.0,0.0,0.0,0.0,0.0,0.0,4.0,3.25,7.874007874011811,8.79529094783924,-0.75,-0.1875,0.44437129690585914,0.3561535417491096,0.0,0.0,-0.14041573036237395,-0.19768269217069978,-0.05726696180832583
fluidkey,2024-04-01,0.0,0.0,0.0,0.0,7.0,0.0,0.0,0.0,0.0,0.0,0.0,0.0,0.0,0.0,0.0,0.0,0.0,0.875,0.0,2.4748737341529163,0.0,-0.875,-1.0,0.0068027210884353765,0.0,0.0,0.0,-0.1861052302310833,-0.24607599518432352,-0.05997076495324022
ethereumeg,2023-11-01,0.0,0.0,1.0,0.0,0.0,0.0,0.0,6.0,2.0,0.0,0.0,0.0,0.0,0.0,0.0,0.0,0.0,0.875,0.0,2.100170061141308,0.0,-0.875,-1.0,0.29323308270676696,0.0,0.0,0.0,-0.1861052302310833,-0.24607599518432352,-0.05997076495324022
atilatech,2023-08-01,0.0,5.0,2.0,2.0,0.0,0.0,0.0,0.0,0.0,0.0,0.0,0.0,0.0,2.0,0.0,0.0,0.0,1.125,0.25,1.807721533549109,0.7071067811865476,-0.875,-0.7777777777777778,0.2833723653395785,0.006802721088435374,0.0,0.0,-0.18245007024158655,-0.24235343341404478,-0.05990336317245823
psf,2020-12-01,108.0,160.0,154.0,96.0,165.0,154.0,132.0,117.0,95.0,93.0,91.0,101.0,240.0,238.0,87.0,106.0,123.0,135.75,134.875,26.25561164507776,65.22365368484044,-0.875,-0.006445672191528545,7.894568043775383e-05,0.01160958021736006,0.0,0.0,1.7858535841024121,1.7622460798810615,-0.023607504221350606
familylyx,2024-09-01,0.0,5.0,2.0,1.0,0.0,0.0,0.0,0.0,3.0,0.0,0.0,0.0,0.0,0.0,0.0,0.0,0.0,1.0,0.0,1.7728105208558367,0.0,-1.0,-1.0,0.27705627705627706,0.0,0.0,0.0,-0.18427765023633494,-0.24607599518432352,-0.06179834494798858
ethblockart,2021-03-01,0.0,0.0,0.0,0.0,0.0,0.0,13.0,1.0,0.0,4.0,0.0,0.0,0.0,1.0,0.0,0.0,1.0,1.75,0.75,4.5591352563522705,1.3887301496588271,-1.0,-0.5714285714285714,0.21207658321060383,0.17636684303350972,0.0,0.0,-0.17331217026784468,-0.23490830987348726,-0.061596139605642586
wallet-test-framework,2023-11-01,0.0,6.0,2.0,0.0,0.0,1.0,0.0,0.0,0.0,0.0,0.0,0.0,0.0,0.0,0.0,0.0,0.0,1.125,0.0,2.100170061141308,0.0,-1.125,-1.0,0.2099479467900521,0.0,0.0,0.0,-0.18245007024158655,-0.24607599518432352,-0.06362592494273697
armitage-labs,2024-04-01,0.0,0.0,0.0,0.0,0.0,0.0,0.0,15.0,17.0,6.0,0.0,0.0,0.0,0.0,0.0,0.0,0.0,1.875,0.75,5.303300858899107,2.1213203435596424,-1.125,-0.6,0.3333333333333334,0.3333333333333334,0.0,0.0,-0.17148459027309632,-0.23490830987348726,-0.06342371960039095
curvegrid-multibaas,2024-06-01,0.0,0.0,3.0,1.0,0.0,6.0,0.0,0.0,4.0,0.0,0.0,0.0,0.0,1.0,0.0,0.0,0.0,1.25,0.125,2.187627547301936,0.3535533905932738,-1.125,-0.9,0.01137171286425018,0.006802721088435374,0.0,0.0,-0.18062249024683819,-0.24421471429918415,-0.06359222405234596
curve,2020-04-01,0.0,0.0,0.0,0.0,0.0,17.0,10.0,0.0,0.0,0.0,0.0,0.0,5.0,4.0,4.0,0.0,5.0,3.375,2.25,6.523309852258394,2.434865792722759,-1.125,-0.3333333333333333,0.20384469356353535,0.30349971313826735,0.0,0.0,-0.14955363033611582,-0.21257293925181478,-0.06301930891569896
