project_name,first_donation_date,-8月,-7月,-6月,-5月,-4月,-3月,-2月,-1月,0月,+1月,+2月,+3月,+4月,+5月,+6月,+7月,+8月
myflow,2021-08-17T03:43:39Z,0,0,0,0,0,0,0,0,0,0,0,0,0,0,0,0,0
xsv,2023-09-28T04:58:06Z,0,0,0,0,0,0,0,0,0,0,0,0,0,0,0,0,0
chromeless,2023-09-19T21:28:05Z,0,0,0,0,0,0,0,0,0,0,0,0,0,0,0,0,0
opencode,2023-10-12T18:07:14Z,0,0,0,0,0,0,0,0,0,0,0,0,0,0,0,0,0
blitz,2021-03-05T19:08:35Z,0,0,0,0,0,0,0,0,0,0,0,0,0,0,0,0,0
ConvertX,2021-12-22T19:36:26Z,0,0,0,0,0,0,0,0,0,0,0,0,0,0,0,0,0
gguf-tools,2021-02-09T14:05:38Z,0,0,0,0,0,0,0,0,0,0,0,0,0,0,0,0,0
awesome-cursorrules,2022-10-04T15:36:53Z,0,0,0,0,0,0,0,0,0,0,0,0,0,0,0,0,0
netsaur,2020-08-29T21:39:44Z,0,0,0,0,0,0,0,0,0,0,0,0,0,0,0,0,0
lorca,2025-10-12T19:50:53Z,0,0,0,0,0,0,0,0,0,0,0,0,0,0,0,0,0
transformers-js,2020-06-21T04:45:49Z,0,0,0,0,0,0,0,0,0,0,0,0,0,0,0,0,0
sapper,2025-03-20T19:22:59Z,0,0,0,0,0,0,0,0,0,0,0,0,0,0,0,0,0
git-history,2024-10-10T07:22:20Z,0,0,0,0,0,0,0,0,4,0,0,0,0,0,0,0,0
fontogen,2025-04-26T17:59:53Z,0,0,0,0,0,0,0,0,0,0,0,0,0,0,0,0,0
HEAD,2024-04-23T07:13:20Z,0,0,0,0,0,0,0,0,0,0,0,0,0,0,0,0,0
react-native-fast-tflite,2021-03-23T06:59:08Z,0,0,0,0,0,0,0,0,0,0,0,0,0,0,0,0,0
pretty-ts-errors,2025-10-20T08:35:12Z,0,0,0,0,0,0,0,0,11,0,0,0,0,0,0,0,0
tty,2024-11-06T06:57:33Z,0,0,0,0,0,0,0,0,0,0,0,0,0,0,0,0,0
haul,2022-06-15T19:54:47Z,0,0,0,0,0,0,0,0,0,0,0,0,0,0,0,0,0
duf,2019-10-05T17:36:00Z,0,0,0,0,0,0,0,0,0,0,0,0,0,0,0,0,0
survey,2025-10-23T08:24:06Z,0,0,0,0,0,0,0,0,0,0,0,0,0,0,0,0,0
dns-blocklists,2024-06-16T14:23:42Z,0,0,0,0,0,0,0,0,0,0,0,0,0,0,0,0,0
Probabilistic-Programming-and-Bayesian-Methods-for-Hackers,2025-10-28T14:09:20Z,0,0,0,0,0,0,0,0,0,0,0,0,0,0,0,0,0
30-Days-Of-JavaScript,2025-09-25T18:58:43Z,0,1,0,0,0,0,0,0,12,1,0,0,0,0,0,0,0
screenity,2022-06-29T00:34:53Z,0,0,0,0,0,0,0,0,0,0,0,0,0,0,0,0,0
agentic,2021-02-18T03:39:45Z,0,0,0,0,0,0,0,0,0,0,0,0,0,0,0,0,0
node-v0.x-archive,2025-01-15T22:24:31Z,0,0,0,0,0,0,0,0,0,0,0,0,0,0,0,0,0
react-scan,2021-08-18T04:17:37Z,0,0,0,0,0,0,0,0,0,0,0,0,0,0,0,0,0
dockge,2021-11-20T09:32:26Z,0,0,0,0,0,0,0,0,0,0,0,0,0,0,0,0,0
walk,2020-10-26T09:12:19Z,0,0,0,0,0,0,0,0,0,0,0,0,0,0,0,0,0
legit,2025-09-16T08:42:10Z,0,0,0,0,0,0,0,0,0,0,0,0,0,0,0,0,0
viddy,2019-10-07T04:13:20Z,0,0,0,0,0,0,0,0,0,0,0,0,0,0,0,0,0
ScpToolkit,2024-01-21T22:07:56Z,0,0,0,0,0,0,0,0,0,0,0,0,0,0,0,0,0
ZeroFormatter,2020-07-31T02:04:39Z,0,0,0,0,0,0,0,0,0,0,0,0,0,0,0,0,0
jocko,2022-12-06T20:46:43Z,0,0,0,0,0,0,0,0,0,0,0,0,0,0,0,0,0
superfine,2022-02-01T11:33:58Z,0,0,0,0,0,0,0,0,0,0,0,0,0,0,0,0,0
phanpy,2019-10-26T12:20:20Z,0,0,0,0,0,0,0,0,0,0,0,0,0,0,0,0,0
vue-mdc,2019-06-18T23:50:30Z,0,0,0,0,0,0,0,0,0,0,0,0,0,0,0,0,0
ratzilla,2022-12-29T10:49:16Z,0,0,0,0,0,0,0,0,0,0,0,0,0,0,0,0,0
kicanvas,2020-04-30T03:57:36Z,0,0,0,0,0,0,0,0,0,0,0,0,0,0,0,0,0
BiliOB,2022-06-30T17:17:50Z,0,0,0,0,0,0,0,0,0,0,0,0,0,0,0,0,0
react-native-audio-api,2023-06-30T11:24:08Z,0,0,0,0,0,0,0,0,0,0,0,0,0,0,0,0,0
backtrader,2024-07-30T15:55:09Z,0,0,0,0,0,0,0,0,0,0,0,0,0,0,0,0,0
community-legacy,2025-03-20T19:22:59Z,0,0,0,0,0,0,0,0,0,0,0,0,0,0,0,0,0
air,2024-02-10T07:05:56Z,0,0,0,0,0,0,0,0,0,0,0,0,0,0,0,0,0
react-native-image-editor,2022-06-15T19:54:47Z,0,0,0,0,0,0,0,0,0,0,0,0,0,0,0,0,0
awesome-newsletters,2023-01-24T19:39:02Z,0,0,0,0,0,0,0,0,0,0,0,0,0,0,0,0,0
tiktok-downloader,2025-06-28T16:50:34Z,0,0,0,0,0,0,0,0,0,0,0,0,0,0,0,0,0
web-udp-public,2024-02-17T10:42:01Z,0,0,0,0,0,0,0,0,0,0,0,0,0,0,0,0,0
abort-controller,2020-05-09T01:21:30Z,0,0,0,0,0,0,0,0,0,0,0,0,0,0,0,0,0
kami,2024-02-22T19:18:39Z,0,0,0,0,0,0,0,0,0,0,0,0,0,0,0,0,0
shader-web-background,2025-04-21T17:47:59Z,0,0,0,0,0,0,0,0,0,0,0,0,0,0,0,0,0
pogo,2024-07-14T01:00:56Z,0,0,0,0,0,0,0,0,0,0,0,0,0,0,0,0,0
matcha,2021-05-24T21:35:26Z,0,0,0,0,0,0,0,0,0,0,0,0,0,0,0,0,0
cloudtunes,2020-07-01T12:36:14Z,0,0,0,0,0,0,0,0,1,0,0,0,0,0,0,0,0
wireguard-ui,2024-12-13T02:43:27Z,0,0,0,0,0,0,0,0,0,0,0,0,0,0,0,0,0
Swashbuckle.WebApi,2024-02-08T13:05:25Z,0,0,0,0,0,0,0,0,0,0,0,0,0,0,0,0,0
scikit-learn-ts,2021-02-18T03:39:45Z,0,0,0,0,0,0,0,0,0,0,0,0,0,0,0,0,0
hacker-scripts,2025-08-15T12:19:17Z,0,0,0,0,0,0,0,0,0,0,0,0,0,0,0,0,0
react-virtualized,2023-04-02T03:59:52Z,0,0,0,0,0,0,0,0,2,0,0,0,0,0,0,0,0
nprogress,2025-10-08T13:37:32Z,0,0,0,0,0,0,0,0,0,0,0,0,0,0,0,0,0
NorthwindTraders,2024-05-10T08:39:12Z,0,0,0,0,0,0,0,0,0,0,0,0,0,0,0,0,0
UIEffect,2021-10-31T15:55:51Z,0,0,0,0,0,0,0,0,0,0,0,0,0,0,0,0,0
MarkovJunior,2019-07-30T01:14:42Z,0,0,0,0,0,0,0,0,0,0,0,0,0,0,0,0,0
iscroll,2024-03-31T18:32:55Z,0,0,0,0,0,0,0,0,0,0,0,0,0,0,0,0,0
co,2019-08-24T17:31:51Z,0,0,0,0,0,0,0,0,0,0,0,0,0,0,0,0,0
hotel,2020-06-03T18:37:31Z,0,0,0,0,0,0,0,0,0,0,0,0,0,0,0,0,0
gremlins.js,2025-04-08T09:35:54Z,0,0,0,0,0,0,0,0,0,0,0,0,0,0,0,0,0
stats.js,2020-12-28T04:52:02Z,1,0,0,0,0,0,0,0,0,1,0,0,0,0,0,0,0
mapscii,2025-07-18T14:46:22Z,0,0,0,0,0,0,0,0,0,0,0,0,0,0,0,0,0
Photon,2022-09-11T09:08:05Z,0,0,1,0,0,0,0,0,0,0,0,1,0,0,0,0,0
pydantic-ai,2023-06-28T06:54:43Z,0,0,0,0,0,0,0,0,0,0,0,0,0,0,0,0,0
requests-html,2024-08-19T19:50:26Z,0,0,0,0,0,0,0,0,0,0,0,0,0,0,0,0,0
jquery.transit,2025-10-08T13:37:32Z,0,0,0,0,0,0,0,0,0,0,0,0,0,0,0,0,0
fontello,2024-12-07T04:41:38Z,0,0,0,0,0,0,0,0,0,0,0,0,0,0,0,0,0
Utf8Json,2020-07-31T02:04:39Z,0,0,0,0,0,0,0,0,0,0,0,0,0,0,0,0,0
ai-no-jimaku-gumi,2023-08-10T11:01:36Z,0,0,0,0,0,0,0,0,0,0,0,0,0,0,0,0,0
sweetalert,2024-03-20T04:33:38Z,0,0,0,0,0,0,0,0,0,0,0,0,0,0,0,0,0
richeditor-android,2022-03-14T09:12:40Z,0,0,0,0,0,0,0,0,0,0,0,0,0,0,0,0,0
epic,2025-03-01T10:14:09Z,0,0,0,0,0,0,0,0,0,0,0,0,0,0,0,0,0
AndroidWiFiADB,2022-09-13T23:08:18Z,0,0,0,0,0,0,0,0,0,0,0,0,0,0,0,0,0
YOLOv4MLNet,2024-12-14T18:59:01Z,0,0,0,0,0,0,0,0,0,0,0,0,0,0,0,0,0
blitz,2022-05-17T18:03:54Z,0,0,0,0,0,0,0,0,0,0,0,0,0,0,0,0,0
sndcpy,2024-06-11T09:49:49Z,0,0,0,0,0,0,0,0,0,0,0,0,0,0,0,0,0
EffectiveAndroidUI,2022-09-13T23:08:18Z,0,0,0,0,0,0,0,0,0,0,0,0,0,0,0,0,0
semantic-router,2024-07-20T15:44:32Z,0,0,0,0,0,0,0,0,0,0,0,0,0,0,0,0,0
ion,2021-09-18T02:21:08Z,0,0,0,0,0,0,0,0,0,0,0,0,0,0,0,0,0
glide-transformations,2022-03-14T09:12:40Z,0,0,0,0,0,0,0,0,0,0,0,0,0,0,0,0,0
homemade-gpt-js,2021-03-10T00:11:10Z,0,0,0,0,0,0,0,0,0,0,0,0,0,0,0,0,0
project-code-py,2025-03-31T16:35:54Z,0,0,0,0,0,0,0,0,0,0,0,0,0,0,0,0,0
shadow-tls,2021-10-10T02:24:54Z,0,0,0,0,0,0,0,0,0,0,0,0,0,0,0,0,0
numbat,2019-10-31T13:09:27Z,0,0,0,0,0,0,0,0,0,0,0,0,0,0,0,0,0
AndroidAsync,2021-09-18T02:21:08Z,0,0,0,0,0,0,0,0,0,0,0,0,0,0,0,0,0
haven,2025-06-10T09:14:14Z,0,0,0,0,0,0,0,0,0,0,0,0,0,0,0,0,0
bens-bites-ai-search,2021-02-18T03:39:45Z,0,0,0,0,0,0,0,0,0,0,0,0,0,0,0,0,0
bayard,2025-07-25T14:39:11Z,0,0,0,0,0,0,0,0,0,0,0,0,0,0,0,0,0
miette,2019-05-27T18:49:43Z,0,0,0,0,0,0,0,0,0,0,0,0,0,0,0,0,0
kokoro-web,2023-03-14T06:48:51Z,0,0,0,0,0,0,0,0,0,0,0,0,0,0,0,0,0
Android-PullToRefresh,2024-10-08T17:19:08Z,0,0,0,0,0,0,0,0,0,0,0,0,0,0,0,0,0
ESP32-Cheap-Yellow-Display,2019-10-30T09:43:38Z,0,0,0,0,0,0,0,0,0,0,0,0,0,0,0,0,0
iina,2022-11-07T23:49:06Z,2,19,24,15,2,3,12,36,47,5,3,1,28,43,17,4,26
miniserve,2021-06-15T17:04:33Z,38,30,7,44,38,86,62,34,11,10,100,48,35,24,40,32,49
benchmarks,2024-04-24T04:20:36Z,4,6,14,20,6,11,8,8,7,4,4,5,6,11,12,30,16
io-ts,2022-09-06T11:38:15Z,1,0,1,0,0,0,3,3,0,2,0,5,0,1,0,1,0
ariadne,2022-02-24T16:37:27Z,0,35,0,0,0,1,3,0,4,2,0,0,0,3,3,3,0
rxdb,2020-07-16T10:05:53Z,115,74,64,29,177,176,107,100,76,99,73,126,112,67,75,123,98
zig,2020-07-03T02:32:16Z,382,360,450,374,515,399,379,264,296,472,516,443,403,466,335,292,282
bootstrap,2022-10-29T17:21:28Z,67,74,72,79,48,59,20,53,71,62,74,83,46,97,41,37,39
FXGL,2020-08-03T05:40:51Z,93,80,67,70,34,81,65,122,110,38,68,45,93,103,117,109,64
bulma,2019-11-10T13:33:29Z,10,14,46,2,13,3,13,43,7,6,23,8,25,8,26,14,5
tview,2021-05-28T08:57:20Z,3,4,9,4,7,9,8,13,11,7,3,2,13,10,10,5,12
AeroSpace,2024-03-28T09:35:53Z,0,68,65,132,131,111,47,39,42,32,49,32,76,30,82,36,27
LocalAI,2024-09-23T12:23:13Z,83,82,115,211,210,179,355,233,168,261,177,147,176,146,152,152,162
easyeffects,2022-10-08T08:09:31Z,28,46,103,82,135,217,204,172,109,180,61,73,51,216,132,124,99
finicky,2022-10-04T13:25:36Z,0,0,0,0,3,0,0,0,1,1,0,0,0,0,0,0,1
curl,2021-02-16T01:53:18Z,106,93,118,133,83,109,116,158,116,115,102,138,162,106,99,114,107
loom,2021-02-01T06:45:20Z,2,2,2,0,9,1,2,0,0,0,17,0,1,1,0,4,8
uwsgi-nginx-flask-docker,2020-05-19T20:05:07Z,0,3,0,0,0,0,0,6,12,2,0,2,0,0,0,2,0
hyperapp,2022-02-01T11:33:58Z,0,0,2,8,0,0,2,0,1,6,0,2,0,0,1,1,0
sh,2020-01-10T15:44:22Z,6,13,6,13,22,13,6,24,28,28,10,15,18,9,6,8,11
mypy,2020-10-21T23:18:34Z,43,46,27,40,37,41,63,49,58,37,30,46,51,34,44,53,70
sympy,2023-04-09T00:40:10Z,294,247,156,202,198,393,324,390,209,216,181,443,854,426,302,162,105
activitywatch,2021-10-11T01:27:46Z,1,5,2,1,35,1,7,16,4,2,0,29,2,11,9,4,6
valtio,2022-01-20T22:49:35Z,10,3,23,22,15,9,9,7,25,22,18,27,8,2,15,7,10
visidata,2021-01-11T21:22:37Z,67,65,98,50,79,171,83,61,68,68,118,92,78,111,57,57,107
Crow,2024-08-03T22:21:52Z,5,8,9,8,15,4,11,7,8,12,17,8,6,31,14,2,2
cpython,2020-10-21T23:18:34Z,189,288,287,371,291,142,118,172,251,261,240,171,134,195,391,310,220
zotero-pdf-translate,2023-01-04T18:31:29Z,30,26,7,16,17,27,46,19,0,66,38,30,3,11,15,39,35
ludusavi,2024-01-14T04:06:54Z,72,31,32,29,2,1,3,32,6,0,20,43,16,61,15,15,13
meinheld-gunicorn-flask-docker,2020-05-19T20:05:07Z,0,3,0,0,0,0,0,1,9,1,0,0,0,0,0,5,0
RAG_Techniques,2025-01-06T19:46:22Z,0,0,39,80,139,21,8,2,15,25,6,20,6,35,7,2,5
labelme,2024-08-19T19:51:27Z,46,9,5,1,2,3,20,1,7,5,0,1,4,6,26,65,7
komorebi,2022-08-16T03:02:46Z,15,13,14,18,17,14,16,27,48,13,31,16,21,19,25,5,25
mastodon,2023-10-13T11:10:53Z,231,203,217,263,182,244,209,184,230,257,196,300,199,250,213,196,238
django,2020-02-14T02:12:16Z,81,85,92,108,138,144,104,105,100,122,147,156,116,101,96,77,101
Waybar,2022-09-16T19:18:07Z,39,41,77,37,54,15,39,70,28,83,67,40,66,33,33,50,21
n8n-mcp,2025-08-08T07:20:34Z,0,0,0,0,0,0,116,208,67,147,272,0,0,0,0,0,0
Mathfs,2021-12-26T02:46:21Z,1,6,37,33,9,6,3,10,0,16,0,4,2,46,56,11,16
czkawka,2021-01-14T20:42:18Z,0,0,0,16,102,54,13,52,39,32,11,7,20,2,7,8,1
hfs,2023-08-30T07:28:44Z,25,100,141,160,122,105,86,97,84,131,92,74,135,124,119,89,65
compiler-explorer,2024-12-07T13:51:14Z,88,71,113,37,40,74,95,82,59,75,90,48,79,87,96,77,63
pnpm,2021-10-07T06:35:46Z,96,92,91,68,50,54,76,39,90,88,63,110,69,46,78,60,83
Win11Debloat,2024-07-11T09:49:17Z,4,4,1,2,7,3,7,16,5,8,5,3,3,4,4,10,3
stash,2023-07-25T13:52:11Z,63,24,17,60,65,26,47,22,45,41,35,41,36,29,33,76,31
planby,2023-03-09T11:42:20Z,3,0,9,8,0,0,3,6,10,3,5,2,0,4,2,0,10
Avalonia,2022-11-17T19:11:43Z,382,405,462,393,542,295,322,473,404,458,566,584,499,378,587,311,234
perfectmotherfuckingwebsite,2022-03-18T06:41:03Z,0,0,0,0,0,0,2,0,0,0,0,0,1,0,0,0,1
node-prune,2019-08-24T17:31:51Z,1,0,2,0,0,0,0,0,0,0,0,0,1,0,4,0,0
grist-core,2023-03-05T07:56:09Z,40,76,68,73,35,72,107,100,106,61,53,53,84,94,75,90,81
awesome-nodejs,2019-05-23T14:30:31Z,1,19,1,2,0,1,1,15,7,6,2,1,8,1,6,3,0
casbin,2023-03-20T14:42:13Z,8,4,6,1,6,2,0,7,4,5,3,4,4,11,2,1,2
k9s,2020-01-09T10:49:41Z,60,77,14,21,20,79,32,53,73,125,63,34,52,25,29,23,30
react-pdf,2020-12-10T20:38:17Z,3,7,7,8,8,4,7,19,6,13,5,11,10,6,1,16,12
fumadocs,2024-06-23T15:46:46Z,236,95,139,150,109,138,86,168,278,214,250,143,172,134,85,103,128
entt,2019-10-08T21:58:19Z,52,77,54,63,38,32,78,105,79,50,105,61,63,60,52,46,96
ImageSharp,2020-10-17T08:14:46Z,300,127,180,61,49,126,80,25,143,175,198,64,107,39,31,186,207
discord.js,2021-12-24T10:33:02Z,52,69,169,161,151,51,113,48,71,164,91,54,74,29,166,177,171
genact,2021-06-15T17:04:33Z,20,12,20,34,9,46,14,16,6,14,28,20,14,14,21,36,29
PyOxidizer,2021-07-27T00:40:44Z,344,58,12,90,285,641,291,2,30,101,129,185,55,178,104,7,351
openssl,2020-12-19T10:09:03Z,228,257,232,212,224,303,187,257,185,205,298,425,274,454,366,135,130
sftpgo,2020-12-25T17:24:59Z,24,26,36,20,28,28,71,47,45,32,48,38,46,47,35,30,20
revanced-patches,2023-04-12T21:35:21Z,108,147,110,125,110,88,102,40,89,179,92,118,86,84,128,122,88
wpfui,2023-05-03T00:02:11Z,56,79,18,4,118,95,28,37,23,76,41,52,31,94,66,57,5
TUnit,2024-09-20T18:57:49Z,70,430,54,173,141,275,188,160,450,445,147,137,206,186,200,78,143
vanillawebprojects,2023-09-03T03:29:32Z,0,0,0,0,0,0,1,1,0,0,1,0,0,3,0,0,0
quickcheck,2023-09-28T04:58:06Z,0,0,0,0,1,0,0,0,0,3,0,0,0,0,0,0,0
Rocket.Chat,2020-04-13T22:39:21Z,108,108,120,70,114,102,174,167,209,148,174,128,100,115,100,177,121
reviewdog,2024-06-28T07:40:54Z,40,24,42,45,26,37,66,62,144,137,107,44,21,28,24,18,107
optuna,2024-01-16T02:30:22Z,217,137,217,69,165,170,83,60,93,310,210,103,103,185,241,93,54
pi-hole,2021-04-01T23:31:56Z,32,14,31,43,49,18,5,14,30,5,12,48,41,33,44,12,45
vaultwarden,2019-12-25T21:44:40Z,22,32,15,15,29,19,45,44,43,30,18,60,13,36,20,32,45
revanced-manager,2023-04-12T21:35:21Z,136,238,62,40,24,18,14,25,30,27,49,51,78,64,71,27,49
pcsx2,2022-05-23T18:55:09Z,197,154,163,214,190,143,248,211,321,254,157,188,157,209,229,274,245
nuxt,2021-01-05T20:21:32Z,59,99,80,77,48,44,212,98,92,108,72,156,65,106,86,54,105
coreutils,2023-08-21T07:04:37Z,104,104,195,470,247,273,175,170,178,206,241,194,322,231,170,237,179
AFFiNE,2023-04-04T07:00:31Z,680,261,216,37,40,642,371,331,298,275,244,296,336,243,166,207,218
hexyl,2019-10-31T13:09:27Z,7,3,9,4,0,5,0,0,9,0,0,3,0,8,2,13,16
learn-python,2021-03-10T00:11:10Z,3,0,0,0,0,0,0,0,0,0,0,0,0,0,0,9,0
dua-cli,2021-03-27T18:48:09Z,78,0,7,5,8,7,12,11,3,4,23,24,13,15,3,14,1
drei,2022-01-20T22:49:35Z,28,35,15,9,38,38,43,35,25,27,68,42,24,15,14,62,34
rclone,2023-07-18T17:30:46Z,77,65,43,38,152,73,51,66,81,97,109,79,87,46,63,53,78
composer,2020-05-18T12:28:47Z,20,65,89,31,138,112,104,232,110,174,66,81,102,238,139,19,65
fastify,2024-04-24T04:20:36Z,34,34,30,16,39,29,17,19,19,41,25,25,16,25,44,43,31
APlayer,2022-02-21T06:34:22Z,0,0,0,0,0,0,0,0,0,0,0,0,0,1,0,0,0
molten,2020-12-20T07:37:46Z,0,0,0,0,0,0,0,0,20,0,0,0,0,0,1,0,0
pretty-quick,2024-01-26T06:20:03Z,0,0,0,0,0,0,0,0,18,0,1,0,0,0,0,0,0
flowy,2022-06-29T00:34:53Z,0,0,0,0,0,0,0,0,0,1,0,0,0,0,0,0,0
purescript-flame,2025-05-14T16:15:09Z,0,0,0,0,1,0,0,0,3,0,0,0,4,0,0,0,0
sqlite-net,2020-06-21T04:45:49Z,3,0,4,4,0,0,0,17,0,0,0,3,0,3,17,17,0
camel,2025-03-10T12:32:26Z,30,36,55,74,46,72,65,52,135,99,109,240,198,85,94,77,0
babel,2021-02-25T14:58:45Z,43,73,57,43,87,59,73,60,131,118,80,78,56,67,65,50,60
mkdocs-material,2020-05-18T06:37:31Z,41,35,53,111,27,188,206,147,73,52,125,132,113,94,89,75,68
mailpit,2023-06-26T13:58:31Z,72,20,21,16,26,40,62,60,70,29,26,78,67,17,38,69,34
node-postgres,2020-01-20T21:57:23Z,11,9,10,3,1,22,12,70,18,10,4,33,44,10,35,9,1
EventSourcing.NetCore,2020-07-07T07:31:22Z,16,4,27,4,0,4,5,7,3,5,53,73,0,10,6,0,7
Alamofire,2021-05-07T19:21:01Z,4,9,2,3,0,1,12,4,4,2,2,1,5,5,8,2,8
toml,2023-09-28T04:58:06Z,15,0,0,0,5,7,0,0,6,10,0,3,2,0,0,0,11
fast-xml-parser,2024-08-19T19:59:24Z,1,5,2,4,1,4,5,5,0,4,1,2,3,0,30,4,15
DiscordChatExporter,2022-07-03T05:39:08Z,9,18,11,16,13,42,5,30,6,14,26,13,8,13,28,74,8
eleventy,2021-12-16T23:34:13Z,35,27,66,66,21,15,25,50,29,28,32,51,43,59,41,36,33
atuin,2024-01-09T18:50:49Z,25,27,36,28,36,50,17,43,107,65,43,54,44,81,83,13,5
mailcow-dockerized,2024-08-26T08:15:13Z,54,51,76,14,29,12,35,26,102,21,22,41,35,53,47,64,32
LibAFL,2023-03-07T05:16:51Z,20,30,36,47,30,41,37,52,54,29,45,18,36,93,51,45,48
inferno,2024-01-05T18:49:17Z,0,0,0,8,6,0,7,3,1,2,1,0,0,1,16,9,1
nodejs.org,2025-01-15T22:24:31Z,48,47,56,30,36,68,66,63,51,41,42,70,71,81,95,49,45
lobe-chat,2024-06-07T02:17:48Z,226,169,244,159,145,154,251,279,160,163,191,281,196,149,287,251,481
tox,2024-08-19T19:50:29Z,3,20,9,15,13,5,6,6,13,15,31,10,5,9,7,11,5
shell_gpt,2024-01-15T01:30:43Z,7,7,1,0,0,0,0,13,10,7,2,8,0,2,0,5,0
tiny11builder,2024-05-08T23:31:31Z,0,0,0,0,0,0,0,28,23,0,0,0,1,1,12,0,0
PrismLauncher,2023-04-04T19:38:37Z,116,87,343,321,181,143,86,103,100,127,395,344,273,101,167,185,69
kdenlive,2022-01-04T12:51:52Z,85,53,165,94,249,69,193,110,174,132,193,108,163,127,143,166,76
nvim-treesitter,2022-07-12T10:22:21Z,116,74,219,147,89,135,50,82,115,123,95,150,120,111,145,115,143
organicmaps,2021-08-13T18:14:49Z,101,81,48,155,109,102,107,110,123,69,85,112,105,195,174,106,133
jint,2020-09-15T19:04:56Z,5,5,6,7,5,7,5,6,0,2,9,8,7,3,7,10,21
responsively-app,2024-06-26T01:36:22Z,37,51,13,8,1,0,9,6,14,14,36,39,4,11,7,10,0
tmux,2024-11-24T09:20:27Z,20,12,23,3,7,35,15,71,53,16,17,17,27,35,21,11,21
ant-design-mobile,2025-03-19T10:04:19Z,15,14,0,11,4,4,2,1,9,4,4,7,12,6,12,5,0
starlette,2022-04-29T22:38:52Z,3,16,9,9,12,42,43,8,14,23,22,21,8,18,17,10,13
50projects50days,2023-09-03T03:29:32Z,0,0,0,0,0,0,1,0,0,0,0,0,0,6,0,0,0
whatsmeow,2020-05-22T18:28:00Z,9,18,14,8,5,0,19,15,9,15,4,12,7,6,27,4,15
opencv,2023-10-30T13:12:52Z,47,67,98,105,130,109,64,102,73,99,168,113,84,86,116,127,71
freeCodeCamp,2020-06-27T04:36:28Z,192,143,121,66,95,125,127,126,82,105,121,171,161,130,100,148,300
lnav,2020-01-28T00:43:15Z,22,9,23,5,11,7,2,0,3,0,1,13,20,4,7,17,120
gdrive,2020-08-16T22:21:33Z,0,0,0,0,0,0,0,1,0,1,0,0,0,0,0,2,0
awesome-android-ui,2022-03-14T09:12:40Z,0,0,0,0,0,0,0,0,0,0,0,0,0,2,0,0,0
big-list-of-naughty-strings,2021-02-22T23:38:50Z,0,0,0,0,0,0,0,0,0,0,2,0,0,0,0,0,0
wahh_extras,2023-04-26T14:09:58Z,0,0,0,0,0,0,0,0,0,0,2,0,0,0,0,0,0
ts-toolbelt,2024-11-08T23:42:18Z,0,0,0,0,0,0,0,0,0,0,0,0,0,0,0,2,0
jszip,2024-08-19T19:51:03Z,0,0,0,0,0,0,0,0,0,0,0,0,0,0,0,2,0
git-branchless,2022-09-20T16:25:02Z,8,28,59,100,41,37,68,41,43,52,68,17,59,85,68,42,34
Rocket,2023-06-16T19:20:30Z,2,5,0,7,4,41,24,20,6,2,10,7,6,30,16,8,4
joplin,2020-05-16T08:28:55Z,127,131,88,111,102,169,171,130,175,153,87,76,167,209,250,143,255
dysk,2024-11-30T15:37:37Z,0,0,1,4,3,0,2,0,1,7,0,0,0,0,6,0,12
pyenv,2022-05-06T09:08:11Z,45,43,17,16,9,5,17,8,29,18,10,7,30,19,19,38,35
opencv_contrib,2023-10-30T13:12:52Z,8,9,16,11,15,11,2,9,14,8,9,13,13,24,18,14,3
react-native-reanimated-carousel,2023-12-20T14:25:55Z,1,14,8,37,0,0,0,17,56,27,0,11,1,16,1,5,2
api-platform,2023-10-06T22:02:17Z,3,2,0,5,4,9,4,12,11,1,6,2,5,11,5,10,3
netbird,2024-11-01T16:30:57Z,35,48,51,41,52,53,59,62,63,48,62,57,58,69,53,77,70
tor-socks-proxy,2019-09-10T16:35:51Z,1,0,1,0,0,1,7,3,0,2,2,5,0,1,0,0,9
cash,2022-01-27T18:42:31Z,1,0,0,0,0,0,0,0,0,8,0,0,0,0,0,0,0
chart.xkcd,2022-05-14T08:05:16Z,1,0,0,0,0,0,1,0,3,0,0,0,0,0,0,8,1
clap,2024-04-18T13:17:58Z,63,57,27,48,24,93,43,36,34,18,59,87,187,84,51,39,35
celery,2023-01-30T02:04:04Z,16,36,9,20,11,36,32,22,11,19,30,22,33,39,15,22,37
ImageGlass,2023-01-05T17:14:24Z,109,107,51,44,24,99,121,212,10,79,178,160,56,160,198,46,58
probe-rs,2020-11-21T11:45:32Z,120,99,70,86,123,110,78,44,247,145,96,58,67,42,241,189,215
postgres,2023-02-08T19:26:10Z,3,8,4,12,16,3,1,6,5,5,6,3,11,10,1,11,24
sequelize,2023-06-22T15:03:48Z,60,66,70,64,33,82,49,33,82,53,62,102,79,72,53,69,78
jiff,2023-09-28T04:58:06Z,0,0,0,0,0,0,0,0,0,0,0,0,0,3,0,0,0
node-glob,2021-03-24T17:56:30Z,0,0,0,0,1,0,0,0,0,0,3,0,0,0,1,0,0
ente,2024-06-11T05:03:33Z,674,762,612,645,547,1193,1652,1814,1336,1169,1345,1418,1086,1267,652,1231,1162
zulip,2021-02-25T03:22:30Z,953,842,473,346,432,169,135,160,573,658,647,650,677,585,328,261,161
goaccess,2024-10-10T17:23:42Z,21,11,17,22,8,3,2,0,15,4,5,4,5,29,36,3,11
marten,2023-04-19T18:20:38Z,67,18,8,43,31,22,50,38,16,30,21,33,25,49,39,72,60
carla,2022-03-14T17:06:52Z,126,18,40,24,38,7,6,25,27,46,27,23,66,9,14,57,53
neverthrow,2023-11-08T16:47:14Z,3,6,1,7,0,0,0,21,1,0,0,3,0,7,4,15,23
Magick.NET,2019-05-23T17:27:56Z,71,27,21,36,27,19,35,100,39,185,48,42,32,46,65,11,53
Scrutor,2024-04-16T15:08:27Z,6,11,0,3,0,0,1,0,0,0,2,0,0,9,1,3,12
sqlalchemy,2021-01-27T11:06:36Z,96,68,57,109,106,71,67,82,93,90,168,209,101,92,70,74,91
faceswap,2025-03-21T20:57:59Z,1,3,0,0,1,0,0,1,0,0,4,0,2,0,3,2,0
awesome,2019-05-23T14:30:31Z,5,10,0,3,10,23,7,2,20,6,5,4,12,3,15,6,5
vee-validate,2022-08-01T14:23:29Z,3,5,10,8,10,14,7,24,54,16,17,9,1,2,16,52,47
dolt,2021-03-15T21:58:39Z,86,126,118,195,231,223,223,167,196,219,220,218,208,191,231,144,308
mise,2024-12-03T22:23:19Z,117,197,31,21,127,126,152,383,388,210,117,90,108,149,89,250,162
httpstat,2022-09-29T06:26:32Z,0,0,0,0,0,0,0,0,0,1,0,0,0,1,0,0,0
rustpad,2023-12-07T14:21:32Z,0,0,0,0,0,0,0,0,0,0,0,0,0,0,0,4,0
croc,2020-10-13T16:35:57Z,13,19,16,14,1,4,31,85,67,7,10,8,31,39,59,15,13
gdal,2020-09-11T20:40:03Z,92,135,118,167,430,143,102,123,164,250,207,136,107,111,361,320,180
DOMPurify,2019-11-04T22:41:27Z,4,16,3,1,18,3,70,49,4,6,8,9,23,70,5,12,13
workout-cool,2025-07-20T13:44:34Z,0,0,0,0,0,0,0,285,86,15,17,2,0,0,0,0,0
Oxpecker,2024-08-23T20:41:15Z,1,83,80,28,12,6,3,19,24,22,76,48,10,9,6,12,22
derive_more,2024-12-04T01:41:07Z,1,2,4,13,14,3,0,3,0,6,6,2,4,10,6,2,2
pdfsam,2021-03-07T14:53:48Z,5,0,0,21,12,0,13,0,6,8,5,0,2,2,3,5,4
bluebubbles-app,2022-06-04T00:36:46Z,87,248,141,15,124,114,153,73,216,87,69,44,75,291,310,323,130
evcc,2022-11-29T08:13:40Z,124,71,86,55,78,103,119,138,87,247,111,146,102,110,109,104,115
design-patterns-for-humans,2022-09-25T22:25:04Z,0,0,0,0,0,0,0,1,0,0,0,0,0,0,0,5,1
Rectangle,2020-09-02T17:35:32Z,46,22,8,52,21,12,9,6,34,53,22,81,19,14,23,12,10
react-three-fiber,2022-01-20T22:49:35Z,37,19,21,6,26,56,27,16,14,10,41,33,46,26,23,33,56
audiobookshelf,2023-12-27T19:15:25Z,109,69,52,104,71,139,99,125,98,85,97,131,86,121,194,184,147
husky,2020-06-03T18:37:31Z,12,3,0,41,10,1,10,5,0,0,0,37,9,15,15,12,36
clay,2025-02-17T11:27:11Z,0,0,27,30,22,4,33,75,47,55,11,21,29,7,3,9,6
torrent,2023-02-10T00:34:50Z,24,21,3,3,0,9,46,9,10,4,17,67,5,7,11,19,3
now,2021-03-13T23:57:10Z,0,0,0,1,0,0,0,0,2,0,1,0,0,0,0,0,6
pg_graphql,2020-12-04T17:50:46Z,0,0,0,0,0,0,0,0,0,0,0,0,0,0,0,0,6
xonsh,2023-09-05T23:17:43Z,21,11,16,3,11,6,8,7,11,1,8,9,10,11,16,66,56
netty,2023-01-17T12:47:32Z,36,22,45,27,66,30,41,23,60,56,45,35,52,52,56,43,45
gensim,2021-04-06T14:21:29Z,5,53,42,5,0,8,3,49,19,43,13,11,19,37,8,1,11
semaphore,2024-11-21T00:35:04Z,164,130,97,64,123,13,67,186,108,172,114,47,179,302,180,37,119
HeroicGamesLauncher,2022-05-03T22:55:18Z,33,67,15,83,79,36,121,48,98,41,124,114,30,44,56,94,174
Respawn,2022-01-21T23:25:01Z,0,0,0,0,2,2,0,0,10,0,0,2,0,0,2,0,7
create-dmg,2019-05-23T14:30:31Z,0,2,1,0,0,0,0,0,6,2,2,0,0,0,0,4,0
servo,2024-03-13T09:25:45Z,85,238,148,143,146,110,193,166,325,184,164,156,171,269,217,332,216
rnote,2022-09-30T15:18:18Z,152,87,41,118,132,35,54,6,28,100,141,108,106,92,64,47,36
outline,2022-02-10T23:49:20Z,57,95,53,63,76,51,75,66,98,87,117,76,56,122,94,109,102
dprint,2021-06-09T16:38:20Z,18,6,6,12,11,11,19,27,20,7,49,28,21,8,13,18,22
YoutubeExplode,2022-07-03T05:39:08Z,3,21,6,14,3,23,1,15,3,7,4,4,11,11,17,39,15
ebiten,2019-12-29T03:35:16Z,77,52,51,53,64,89,59,73,90,46,62,66,62,149,127,128,152
chumsky,2022-02-24T16:37:27Z,0,27,1,10,47,25,46,13,32,36,22,30,19,5,24,11,3
ntfy,2022-09-27T22:06:18Z,92,81,147,161,151,135,25,27,35,70,121,135,139,232,146,48,157
agoo,2024-01-14T22:41:28Z,0,0,3,0,1,2,0,0,3,2,0,6,0,1,4,0,0
react-native-gesture-handler,2023-06-30T11:24:08Z,29,8,7,8,15,6,17,6,8,20,12,16,22,11,7,15,24
medusa,2023-11-02T16:43:10Z,206,155,132,82,105,138,158,130,133,78,205,159,191,188,293,190,351
github-readme-stats,2022-02-11T17:15:51Z,8,3,4,12,15,11,7,0,17,7,0,17,1,12,12,17,72
bacon,2024-11-30T15:37:37Z,15,5,9,1,6,16,5,43,34,35,52,17,14,0,16,16,8
super-productivity,2021-04-09T11:57:01Z,77,126,407,111,55,83,82,54,152,268,113,161,94,165,108,138,141
xyflow,2021-12-13T21:26:36Z,86,29,27,63,3,41,102,126,77,74,51,88,54,91,18,51,92
tokei,2020-05-26T05:21:39Z,0,28,12,8,11,40,41,21,59,68,13,14,13,18,8,21,18
gomplate,2022-05-26T16:05:33Z,18,14,12,15,15,44,39,30,51,47,17,35,27,52,22,26,32
AsyncEx,2020-05-29T23:55:18Z,1,0,0,1,0,0,0,0,1,2,0,0,0,3,0,0,2
mold,2022-04-28T10:01:49Z,66,157,223,105,171,239,160,83,209,237,148,155,339,350,264,126,121
blocky,2021-05-08T22:56:09Z,1,5,12,8,22,37,29,22,11,7,7,20,34,16,18,28,28
firmware,2022-05-19T07:30:08Z,55,84,78,203,278,159,163,154,134,157,49,143,170,320,376,225,327
julia,2020-02-02T20:42:22Z,133,146,195,141,200,120,139,214,162,177,222,247,199,217,220,304,278
ua-parser-js,2024-11-08T23:42:19Z,1,0,3,32,5,8,6,6,61,20,0,8,20,3,12,12,3
kitty,2021-09-05T19:14:00Z,196,111,108,175,193,168,212,174,191,248,337,164,345,335,379,225,75
nextra,2022-11-29T22:55:31Z,102,18,27,19,92,64,35,48,9,82,159,64,77,46,49,38,37
TheAnnoyingSite.com,2021-03-24T17:55:12Z,0,0,0,1,1,0,0,0,0,0,0,10,4,0,0,0,0
wuzz,2025-04-30T02:37:38Z,0,0,0,0,1,0,0,0,3,2,0,0,0,0,6,0,0
Sunshine,2022-12-19T09:12:25Z,53,27,67,13,53,6,82,24,66,95,19,65,60,90,15,35,56
ethers.js,2023-03-05T19:57:51Z,0,0,38,36,53,55,46,83,43,51,18,36,38,20,7,14,30
minijinja,2022-01-30T00:17:46Z,0,0,0,0,47,49,9,36,31,2,19,0,0,3,5,28,174
drizzle-orm,2023-03-17T20:17:25Z,47,28,30,13,108,126,150,84,148,222,173,46,29,118,66,47,112
apprise,2020-07-19T21:57:45Z,22,8,15,3,8,2,3,6,13,21,15,14,3,13,5,17,5
RSSHub-Radar,2022-02-21T06:34:22Z,15,0,0,6,0,0,0,0,2,2,0,4,0,2,1,0,7
huma,2024-03-28T15:05:21Z,1,21,20,54,36,18,46,51,107,97,24,19,35,27,20,45,36
react-pdf,2024-03-27T01:09:54Z,0,0,0,5,0,0,60,27,8,6,1,7,0,0,22,0,37
lowdb,2020-06-03T18:37:31Z,0,0,0,0,0,0,0,0,0,0,0,0,0,1,1,0,1
awesome-javascript,2025-02-19T05:04:57Z,2,1,0,3,0,0,0,0,7,2,1,2,0,0,1,6,0
lenis,2024-03-28T12:14:00Z,26,13,21,5,6,23,24,32,16,34,21,29,22,33,14,36,16
mercure,2019-10-18T17:05:50Z,3,32,1,7,7,8,14,3,46,18,2,4,7,1,32,48,31
fiber,2024-07-06T15:25:00Z,26,0,27,34,36,20,11,22,30,9,15,20,28,33,23,30,33
goatcounter,2020-02-20T02:06:10Z,5,34,76,61,13,52,73,137,91,91,100,106,96,105,42,37,11
echo,2022-07-19T18:39:29Z,5,6,15,2,16,1,6,0,5,6,5,9,12,8,2,14,2
react-native-svg,2023-06-30T11:24:08Z,11,13,2,12,1,16,0,4,0,13,9,7,6,6,3,7,7
OneMore,2022-05-31T13:38:13Z,47,51,51,21,69,103,17,1,6,34,0,66,118,149,153,76,66
jaspr,2023-03-13T16:54:32Z,82,77,8,21,11,0,31,20,0,91,73,0,24,79,34,31,19
Next-js-Boilerplate,2023-11-22T14:29:10Z,12,28,9,2,17,111,23,47,53,105,88,20,11,23,44,15,17
gatus,2022-06-17T04:23:24Z,33,24,33,32,3,11,7,8,38,14,19,18,41,40,29,18,16
icons,2022-10-29T17:21:28Z,9,11,7,12,3,6,10,3,14,22,6,3,3,64,35,6,11
neko,2024-03-27T23:49:15Z,2,4,9,1,8,2,8,4,9,7,9,15,26,3,37,0,2
winutil,2023-05-22T20:22:42Z,50,51,10,0,0,0,1,0,7,0,9,3,12,1,6,6,7
markdown-it,2023-03-27T16:09:07Z,0,2,1,0,0,0,0,0,0,0,0,0,0,0,4,0,32
alive-progress,2023-02-07T23:07:31Z,5,3,0,0,0,0,43,1,0,17,9,10,3,0,0,0,4
kingpin,2021-03-01T06:28:15Z,0,0,0,0,0,0,0,0,1,0,0,2,0,1,0,1,0
git-cliff,2022-12-29T10:49:16Z,20,2,4,14,12,11,3,9,19,37,1,2,67,36,31,1,48
tcell,2020-05-28T10:24:20Z,2,0,8,2,4,2,3,3,3,3,0,22,7,11,1,5,6
crest,2021-05-01T16:39:52Z,63,9,39,74,146,111,146,146,205,171,126,100,163,116,80,68,135
django-cms,2024-03-13T08:42:51Z,2,25,4,4,7,13,30,14,5,50,34,5,31,4,10,14,14
shimmy,2025-09-16T19:34:50Z,0,0,0,0,0,0,0,2,172,130,0,0,0,0,0,0,0
EarTrumpet,2023-01-01T01:58:45Z,12,1,0,1,2,9,10,2,22,7,3,6,5,2,4,10,4
fantoccini,2024-01-05T18:49:17Z,2,0,0,23,5,0,3,2,3,5,3,3,1,1,10,8,1
DearPyGui,2020-12-17T16:23:12Z,0,7,213,290,275,330,129,94,113,100,108,109,96,57,163,127,109
beehive,2019-10-05T17:36:00Z,0,2,52,23,0,1,3,0,10,6,1,2,8,5,15,4,1
tweakcn,2025-05-31T02:16:33Z,0,0,0,0,0,0,241,258,88,33,50,5,3,14,0,0,0
ratatui,2023-12-13T20:37:02Z,15,25,40,43,71,62,22,16,57,183,57,37,30,72,39,26,76
hakrawler,2021-02-23T09:13:06Z,3,0,5,0,0,0,0,0,2,0,0,0,0,33,7,2,0
driver.js,2022-09-25T22:25:04Z,0,0,0,0,0,0,0,0,0,0,0,0,0,0,0,0,33
react-native-reanimated,2023-06-30T11:24:08Z,29,28,20,48,71,68,41,33,64,104,93,88,90,45,42,41,63
lazygit,2019-11-15T15:23:54Z,72,20,18,6,19,4,14,19,96,26,60,74,154,20,17,2,19
modern-normalize,2019-05-23T14:30:31Z,0,0,0,0,0,0,0,0,1,2,0,0,0,0,0,7,0
nerd-fonts,2021-12-03T18:45:11Z,17,7,0,1,10,2,2,44,90,31,14,4,7,2,1,6,58
LicensePlist,2019-10-24T11:02:27Z,0,4,11,0,0,0,3,7,24,4,5,7,2,7,7,0,0
beekeeper-studio,2023-01-26T09:20:02Z,17,37,61,40,54,30,31,8,41,60,107,67,31,47,9,72,124
plotly.py,2023-03-06T00:04:05Z,58,23,11,44,10,23,82,16,55,38,70,113,53,46,29,31,26
chroma,2021-03-01T06:28:15Z,5,6,6,18,7,5,2,7,4,21,34,11,5,15,12,6,4
popeye,2020-01-09T10:49:41Z,37,10,5,16,6,5,17,0,48,15,41,2,15,13,8,20,15
stylus,2023-08-17T22:47:19Z,0,0,1,3,3,1,1,0,5,2,3,6,0,1,1,1,4
mockoon,2023-06-19T06:51:42Z,17,2,8,15,19,6,21,8,16,13,15,18,15,31,16,29,12
ant-design-pro,2025-03-19T10:04:19Z,0,6,0,12,0,0,1,0,0,0,0,6,59,2,0,5,0
oh-my-posh,2021-04-12T20:34:56Z,0,37,110,78,89,55,61,74,59,60,40,37,33,79,77,148,120
neovim,2020-09-21T17:55:12Z,180,169,86,104,114,115,109,135,202,216,280,254,174,139,218,268,227
diceware,2024-06-14T21:45:31Z,0,0,0,0,0,1,0,0,0,0,1,0,0,0,0,3,7
terragrunt,2023-10-10T18:50:17Z,5,9,7,16,8,11,15,19,18,13,19,11,13,21,37,28,21
freya,2023-11-27T14:39:22Z,44,29,30,61,11,14,20,37,46,42,90,64,44,53,20,97,29
Steamworks.NET,2021-04-15T09:00:25Z,5,0,6,1,1,0,1,5,2,6,3,1,3,1,4,6,3
pest,2022-10-06T02:02:01Z,1,1,2,0,1,47,19,4,5,8,5,10,4,5,6,3,7
caire,2021-02-22T13:16:59Z,2,9,0,0,0,4,2,0,0,0,1,14,15,8,0,0,5
youtube-transcript-api,2024-04-12T15:52:33Z,0,0,3,0,11,0,0,0,0,3,0,0,1,6,0,36,0
arktype,2023-03-08T05:39:40Z,9,1,27,5,0,0,0,64,61,16,13,0,13,3,4,14,6
nanoid,2023-03-28T11:26:14Z,7,4,3,1,2,7,0,10,11,2,5,4,2,7,16,9,12
anime,2023-10-24T19:21:11Z,0,0,0,0,0,0,0,0,4,4,0,0,0,7,0,0,0
zigbee2mqtt,2020-01-30T10:44:18Z,43,40,33,26,86,72,68,48,72,66,92,106,70,69,107,105,121
capacitor-firebase,2022-08-28T20:35:59Z,0,0,0,52,15,26,31,17,38,7,7,19,18,6,7,9,21
learn-go-with-tests,2021-01-10T11:39:28Z,14,15,2,0,1,8,2,5,10,14,16,1,5,28,7,6,2
sniffnet,2023-03-20T00:17:44Z,0,124,64,34,68,67,41,100,79,125,151,110,64,107,22,35,32
ferrum,2024-10-03T10:50:16Z,18,2,3,1,3,3,1,0,1,6,4,14,12,9,1,8,0
jose,2020-09-23T16:27:09Z,33,19,13,20,6,3,6,10,27,4,35,48,18,11,52,30,15
listenbrainz-server,2020-09-24T19:39:55Z,31,26,22,43,68,57,62,58,56,16,109,205,63,43,107,80,193
OpenRefine,2021-12-22T03:27:56Z,82,79,55,33,29,39,62,55,47,80,134,97,100,56,65,96,199
ZXing.Net,2022-10-26T21:33:54Z,3,1,0,2,9,0,0,2,4,6,0,14,46,4,0,0,2
awesome-go,2024-05-28T23:05:29Z,8,35,9,12,15,24,17,9,27,26,11,45,36,25,24,46,24
PKHeX,2019-11-02T05:45:05Z,62,43,51,47,43,17,52,58,226,112,153,118,77,63,47,85,63
prost,2021-02-01T06:45:20Z,0,3,1,1,0,12,11,0,2,6,0,2,2,10,1,11,6
reveal.js,2020-03-29T19:33:41Z,9,1,2,6,1,6,24,43,89,58,77,21,2,5,9,2,13
YoutubeDownloader,2022-07-03T05:39:08Z,0,5,0,0,15,16,1,7,1,1,3,3,8,5,11,14,2
tinygrad,2024-01-26T01:46:23Z,103,118,144,209,141,167,224,286,294,157,356,237,324,322,495,376,395
cake,2023-11-04T12:45:55Z,0,0,0,0,0,0,0,0,0,0,0,0,0,0,0,0,93
NativeScript,2020-11-22T11:14:15Z,40,16,1,28,14,16,44,20,119,33,47,38,98,42,29,18,8
Inquirer.js,2022-05-07T19:19:38Z,13,3,5,1,1,1,15,9,13,9,27,22,8,15,1,2,8
Radarr,2023-01-20T16:53:38Z,31,34,43,38,39,37,40,37,43,36,26,98,141,53,127,132,66
brew,2019-11-14T02:55:45Z,197,190,178,88,97,78,154,270,198,153,115,187,257,386,329,480,727
patch-package,2022-02-02T21:12:03Z,1,0,0,1,0,2,2,0,0,0,2,1,1,0,1,11,7
UnityIngameDebugConsole,2023-06-07T21:34:01Z,0,0,0,0,1,0,1,1,0,2,0,1,0,2,5,0,3
cheerio,2021-06-07T13:30:29Z,13,9,90,43,32,16,7,46,54,57,49,49,45,39,44,42,42
macroquad,2020-10-13T18:52:12Z,11,9,16,13,20,8,5,12,42,22,31,20,12,15,54,31,13
openscad,2021-09-12T10:22:13Z,85,88,34,42,86,26,13,19,66,102,41,108,50,185,100,128,27
whoogle-search,2021-04-07T14:48:18Z,5,6,12,8,15,7,12,27,30,23,20,6,19,15,51,35,20
pydantic,2023-06-28T06:54:43Z,8,23,19,16,20,86,146,166,222,190,80,102,61,75,29,57,55
goth,2021-12-02T22:22:04Z,1,0,3,2,2,4,14,0,0,9,2,4,10,3,6,1,3
use-gesture,2022-01-20T22:49:35Z,0,0,0,0,28,15,17,21,4,6,19,4,21,2,3,4,5
rust-jwt-simple,2020-11-17T16:10:22Z,0,0,0,0,0,44,6,19,3,6,7,0,10,13,0,2,10
xunit,2024-01-17T22:01:08Z,23,26,16,4,12,24,19,11,17,23,12,19,35,44,73,33,42
Rebus,2021-12-16T09:48:59Z,2,2,2,2,0,1,0,13,0,4,19,4,12,2,4,0,2
yq,2020-12-31T07:05:52Z,22,1,23,4,1,36,55,66,74,73,37,14,13,28,23,56,12
haskanoid,2022-08-25T12:55:17Z,0,0,0,0,0,0,0,0,0,0,0,0,0,0,0,0,190
linaria,2022-06-15T19:54:47Z,2,19,8,2,18,8,7,7,25,23,12,6,22,23,10,22,15
glances,2020-12-13T20:40:12Z,7,12,10,20,33,20,11,18,31,38,12,17,35,96,23,49,35
html-agility-pack,2021-03-05T16:07:30Z,0,0,0,0,0,0,0,39,16,15,0,4,0,6,4,0,0
khoj,2023-10-26T14:57:42Z,60,136,13,34,136,206,93,26,78,353,83,102,78,139,222,110,138
Paper,2021-09-01T03:17:41Z,3,0,59,69,107,311,76,96,57,75,157,127,65,48,87,46,39
Apktool,2023-08-24T20:53:05Z,0,3,1,8,3,10,10,68,25,12,31,11,15,11,8,2,15
passport,2021-10-07T22:06:33Z,0,0,0,6,2,0,0,15,1,2,23,1,0,0,8,38,0
Detect-It-Easy,2020-04-28T23:59:21Z,2,1,19,4,5,9,3,1,7,15,11,19,11,4,6,6,5
roop,2022-09-11T09:08:05Z,0,0,0,0,0,0,0,0,0,0,0,0,0,0,0,0,235
webtorrent-desktop,2021-07-28T15:43:47Z,26,2,4,2,1,4,9,26,16,22,17,16,5,5,16,4,41
fyne,2020-03-30T16:26:38Z,74,109,110,49,124,108,113,100,231,355,397,134,119,71,168,416,291
piral,2021-08-10T12:25:55Z,92,25,21,48,36,20,14,24,46,66,52,58,30,118,80,124,54
hatch,2022-06-30T03:40:15Z,0,0,10,52,51,57,39,54,18,71,52,45,52,25,32,23,3
puppeteer-sharp,2023-03-05T15:15:33Z,6,3,5,9,2,4,7,9,6,22,1,19,7,22,37,7,21
ArduinoJson,2021-02-04T13:56:56Z,1,20,10,12,12,5,0,4,21,8,20,12,24,14,6,6,13
rustdesk,2022-09-14T05:53:31Z,194,118,95,167,252,193,270,316,390,282,420,353,490,589,759,412,309
awesome-alternatives-in-rust,2021-05-21T07:33:49Z,0,0,0,0,0,0,0,0,73,15,2,0,0,0,2,0,0
svgr,2021-03-24T10:17:56Z,6,0,0,0,11,0,2,0,2,1,0,0,0,2,30,9,33
ImHex,2021-05-19T18:41:49Z,0,0,174,90,164,72,53,37,28,26,15,72,124,60,29,102,115
loki,2019-12-15T17:49:46Z,0,6,5,1,2,8,3,0,29,4,28,9,1,1,15,13,1
logos,2023-05-27T02:26:53Z,0,0,0,0,0,7,0,35,14,27,0,7,0,2,2,4,2
big-AGI,2023-11-21T16:08:59Z,111,341,184,107,82,108,52,161,313,343,332,375,463,187,139,272,357
nextjs-notion-starter-kit,2021-02-18T03:39:45Z,0,0,0,0,0,0,0,135,60,12,6,0,1,1,0,1,15
obsidian-livesync,2022-07-20T10:55:43Z,20,13,4,3,3,11,4,22,29,15,38,18,10,19,24,20,16
web-check,2021-11-18T03:24:35Z,0,0,0,0,0,0,0,0,0,0,0,0,0,0,0,15,17
devdocs,2020-06-27T04:36:28Z,35,8,1,61,12,3,1,10,0,2,3,5,7,241,115,45,47
typst,2023-04-26T14:27:40Z,2,23,16,56,70,83,98,148,201,111,82,66,86,104,103,128,74
frp,2023-02-21T12:34:58Z,3,4,4,1,9,0,9,7,23,9,4,13,11,12,3,6,22
ghostwriter,2022-01-04T12:51:52Z,32,8,4,1,13,0,3,14,0,3,62,1,14,21,12,22,27
RustScan,2022-11-18T17:34:23Z,0,2,0,0,0,0,0,0,9,5,0,1,1,1,0,3,1
rustdesk-server,2022-09-14T05:53:31Z,0,0,0,0,15,17,40,6,9,2,5,0,38,28,22,9,3
Lidarr,2022-12-08T15:20:11Z,30,20,17,15,9,24,24,26,48,58,22,12,55,99,50,91,79
DALLE2-pytorch,2022-06-07T10:51:47Z,0,0,0,0,0,0,181,207,56,104,21,7,5,4,2,0,1
json,2019-12-14T04:08:42Z,24,4,21,34,12,17,25,53,6,12,13,19,55,191,113,191,45
cargo-expand,2019-11-15T20:49:51Z,2,16,1,1,0,13,0,0,3,7,0,0,9,18,5,10,12
react-native-paper,2022-06-15T19:54:47Z,21,11,14,11,7,18,7,13,38,15,36,26,43,40,45,26,29
go-tools,2019-05-23T16:11:59Z,20,0,7,0,26,1,54,55,77,54,23,29,41,56,5,10,1
bat,2019-10-31T13:09:27Z,36,11,11,34,11,8,34,30,45,31,33,11,35,97,119,105,63
hugo-PaperMod,2023-06-06T00:53:10Z,0,2,3,0,15,4,9,1,2,8,9,0,7,15,16,7,7
thruk,2022-06-08T09:21:37Z,36,42,53,9,16,9,4,85,150,150,98,45,45,55,56,30,32
react-use,2023-08-24T18:54:28Z,0,0,0,0,0,0,0,0,0,0,1,2,2,13,0,0,0
vivid,2019-10-31T13:09:27Z,0,0,0,0,0,0,0,0,1,1,5,0,3,0,1,0,1
ComputeSharp,2020-12-08T23:12:05Z,32,2,7,0,10,12,0,186,155,113,115,137,7,33,0,74,0
capacitor-plugins,2022-08-28T20:35:59Z,0,0,0,0,0,0,0,0,0,0,0,0,0,0,0,18,32
taskwarrior,2021-05-26T08:35:20Z,8,1,156,161,82,0,66,101,67,87,23,69,135,124,33,46,58
sysinfo,2020-01-23T21:26:00Z,4,21,6,3,15,2,16,51,75,87,53,62,24,15,48,7,4
async-trait,2019-11-15T20:49:51Z,0,0,0,0,50,17,17,27,9,21,2,6,14,23,13,30,1
kmon,2022-12-29T10:49:16Z,0,0,0,1,1,9,8,0,4,3,0,2,27,17,13,2,0
commander.js,2019-08-24T17:31:51Z,2,0,2,8,12,19,41,22,24,27,19,17,18,25,38,16,7
Resume-Matcher,2025-01-20T17:21:57Z,3,3,2,1,0,3,1,15,9,0,0,51,73,9,59,24,0
DPlayer,2022-02-21T06:34:22Z,0,1,0,0,0,0,0,11,0,0,1,3,3,2,33,2,0
vllm,2024-07-20T15:44:32Z,78,99,93,98,201,218,220,329,372,378,322,356,430,337,413,489,661
pipenv,2022-06-30T03:40:15Z,5,95,8,46,18,68,44,20,35,73,138,180,133,125,80,13,26
react-dropzone,2024-08-19T19:50:27Z,0,0,0,0,0,0,0,0,0,0,19,9,0,0,2,0,0
Fuse,2021-12-03T18:21:52Z,0,0,2,0,0,0,0,3,22,0,4,1,1,21,6,0,1
quartz,2023-09-05T17:13:01Z,8,9,5,3,4,28,53,169,74,19,41,49,108,131,54,10,21
execa,2019-05-23T14:30:31Z,0,1,6,1,0,1,17,7,47,60,10,2,1,12,6,10,1
Ben.Demystifier,2020-12-08T19:45:54Z,0,0,0,0,1,0,0,0,10,32,2,1,7,0,0,0,0
notcurses,2023-11-12T03:00:09Z,4,6,0,0,0,1,0,0,1,1,5,5,15,2,0,15,0
arkade,2019-07-01T07:03:28Z,0,0,0,0,0,0,0,0,0,0,0,0,0,0,0,48,28
axios,2022-03-30T21:45:05Z,0,8,19,19,1,19,8,12,21,24,81,40,4,4,20,41,27
SharpLab,2021-05-24T06:51:09Z,2,0,5,8,35,5,10,2,75,47,14,3,74,32,34,5,2
html5ever,2024-03-13T09:25:45Z,1,8,1,0,0,0,0,0,8,14,0,4,1,5,2,3,2
eslint-plugin-react,2023-10-11T13:23:06Z,0,0,1,5,5,12,14,7,3,9,6,9,7,17,9,24,9
yay,2022-09-11T19:14:10Z,3,23,10,2,3,7,3,28,21,6,36,16,22,19,25,53,27
qs,2019-07-16T16:04:47Z,0,0,2,4,4,0,1,16,5,9,9,9,6,3,10,0,19
fd,2019-10-31T13:09:27Z,6,4,7,5,6,0,0,27,6,7,10,10,15,12,76,37,1
binsider,2022-12-29T10:49:16Z,0,0,0,0,0,0,0,0,0,0,0,0,0,2,37,2,3
just,2024-04-02T21:29:20Z,3,0,20,15,29,32,6,14,1,68,50,35,18,27,16,23,29
mergerfs,2020-01-10T16:19:03Z,34,7,0,8,12,3,0,4,12,17,8,4,8,13,25,47,17
RSSHub,2022-02-21T06:34:22Z,56,35,71,51,21,165,7,131,250,163,190,164,145,156,181,162,113
keepass2android,2020-05-10T08:40:34Z,12,249,21,8,61,17,6,0,1,20,82,206,21,43,29,24,151
REFramework,2024-03-03T20:08:20Z,2,4,6,7,0,2,12,3,56,70,30,14,11,0,10,9,32
type-fest,2019-05-23T14:30:31Z,0,0,0,0,0,0,17,10,11,3,6,5,12,2,1,1,6
create-better-t-stack,2025-05-18T13:04:39Z,0,0,0,0,0,133,146,154,149,97,99,156,103,98,0,0,0
pixijs,2023-07-16T21:52:40Z,60,44,43,63,49,40,9,57,30,17,209,173,263,214,357,147,92
coolify,2022-08-07T10:00:05Z,0,1,206,134,366,184,39,146,273,358,155,234,109,111,55,153,130
electron-react-boilerplate,2021-10-25T15:00:09Z,1,4,7,1,0,0,5,2,11,15,16,6,2,5,13,5,3
horcrux,2019-11-15T15:23:54Z,0,0,0,0,0,0,0,0,0,0,31,0,0,1,2,2,2
ultimate_rust_crash_course,2022-10-09T02:10:27Z,4,0,0,2,1,0,0,4,2,7,3,3,7,2,3,2,7
faer-rs,2024-02-18T08:49:31Z,1,3,0,19,71,23,6,0,62,22,16,44,4,2,20,29,59
kratos,2021-05-24T01:41:34Z,17,16,0,21,6,46,49,47,59,122,89,56,69,36,32,31,33
stalwart,2022-09-28T08:58:20Z,0,0,0,0,0,0,0,0,0,0,0,0,0,0,6,18,25
supabase,2020-12-04T17:50:46Z,46,57,25,69,60,54,62,153,440,112,136,478,160,387,189,334,142
react-error-boundary,2023-04-02T03:59:52Z,0,0,0,0,0,0,0,14,5,20,5,10,8,0,0,0,2
afero,2025-03-17T17:43:31Z,0,0,0,0,1,0,15,16,13,18,13,1,2,7,15,6,0
polybar,2022-02-03T23:09:40Z,2,6,0,62,20,3,0,14,16,61,28,10,7,9,10,19,29
biome,2023-09-29T05:09:05Z,16,44,51,43,56,53,60,119,190,109,200,225,183,126,194,224,237
Harmony,2021-09-12T20:56:42Z,1,12,2,5,0,0,17,3,8,20,0,16,33,14,24,14,4
insta,2022-01-30T00:17:46Z,0,0,0,11,9,1,0,5,17,0,7,2,2,4,26,53,13
ai-engineering-hub,2025-03-31T16:35:46Z,0,0,0,10,7,49,56,30,41,31,34,40,61,46,33,14,0
cosmopolitan,2021-02-26T12:43:26Z,12,4,5,6,6,8,27,37,72,84,23,27,32,36,73,35,27
Flow.Launcher,2022-08-01T11:14:58Z,286,113,31,36,14,12,31,40,62,153,277,473,338,144,57,96,73
tsx,2023-08-10T11:48:15Z,3,12,2,4,1,1,0,6,12,22,3,74,15,1,3,11,31
markdig,2020-03-10T10:01:57Z,7,5,3,27,0,0,36,5,18,61,5,2,14,24,21,86,17
nalgebra,2020-08-20T13:56:11Z,6,21,5,24,51,1,14,14,11,17,49,65,43,60,42,37,65
Cocona,2021-05-16T18:02:05Z,0,0,0,0,0,0,0,10,0,0,0,26,0,0,3,11,66
LibreChat,2023-07-24T15:13:42Z,0,0,0,105,429,259,116,89,129,79,58,54,67,71,78,86,109
anyhow,2019-11-15T20:49:51Z,0,0,0,0,0,0,0,194,60,8,1,3,13,1,15,1,4
scrutiny,2022-01-18T00:10:11Z,0,2,9,4,0,26,7,0,1,0,0,17,179,89,42,16,3
opencv-rust,2022-11-09T12:30:49Z,3,1,8,5,3,9,2,0,0,0,15,15,20,20,32,13,33
frigate,2019-12-11T16:56:35Z,1,14,6,15,3,0,0,0,23,41,28,13,10,2,0,22,16
developer-roadmap,2022-09-25T22:25:04Z,99,61,28,13,12,20,5,400,255,564,104,122,297,79,121,49,107
maplibre-gl-js,2021-05-13T15:43:55Z,4,4,10,17,2,12,12,11,9,14,13,4,61,116,51,37,134
aliyundrive-webdav,2021-12-14T12:20:23Z,0,0,0,0,128,117,51,35,19,40,19,27,14,20,11,93,25
ezno,2023-04-22T16:43:23Z,0,0,0,0,0,0,8,53,1,0,12,0,19,21,6,13,6
shadcn-svelte,2023-10-26T07:27:23Z,0,0,0,306,40,0,237,26,26,38,26,46,50,57,35,13,9
scientific-visualization-book,2021-11-21T20:00:52Z,4,0,0,3,3,1,0,0,24,23,12,2,5,2,0,7,19
personal-security-checklist,2021-11-18T03:24:35Z,4,6,3,1,1,2,0,2,36,6,6,3,0,121,22,26,19
blender-mcp,2025-03-21T10:44:34Z,0,0,0,0,0,0,0,0,94,7,5,6,0,12,0,1,0
xbar,2021-03-19T20:33:51Z,0,0,0,0,1,10,2,9,274,28,5,2,19,2,12,6,2
open-saas,2023-05-10T06:01:34Z,0,0,0,0,0,0,2,16,0,2,0,2,0,7,22,30,13
ariakit,2022-04-15T15:32:55Z,1,4,2,11,98,97,100,141,170,135,110,116,119,69,83,59,71
fzf,2022-07-31T03:34:05Z,11,7,2,1,9,12,1,4,19,24,16,18,19,33,55,15,15
rio,2023-06-11T19:29:58Z,76,4,6,20,16,58,78,144,166,243,83,198,161,102,118,129,124
changesets,2024-03-21T13:01:36Z,4,0,0,0,4,1,0,1,1,0,13,7,3,2,7,17,14
city-roads,2019-10-28T04:12:13Z,0,0,0,0,0,0,0,0,0,0,0,27,36,1,14,0,0
unsloth,2024-08-24T17:57:04Z,52,44,14,23,30,20,26,134,47,94,104,279,160,110,399,489,106
dalfox,2024-10-10T11:42:10Z,22,8,17,3,7,1,3,21,0,21,82,10,33,199,48,28,39
oryx,2024-08-28T20:30:04Z,0,0,0,0,0,0,0,0,0,29,11,0,1,4,0,3,1
vision-camera-image-labeler,2021-03-23T06:59:08Z,0,0,0,0,0,0,0,0,0,0,18,9,4,14,2,0,0
uptime-kuma,2021-11-20T09:32:26Z,0,0,0,10,343,347,568,554,160,102,143,53,148,271,141,144,82
tracy,2020-04-10T14:04:26Z,0,0,0,137,54,77,251,194,226,189,112,151,156,86,44,63,36
collision,2020-02-21T06:07:09Z,0,0,4,1,0,5,18,33,10,17,37,12,20,24,28,8,4
page-assist,2023-09-20T14:48:04Z,0,0,0,34,0,0,0,0,0,0,0,0,0,42,50,42,75
docker-android,2023-05-17T09:24:50Z,0,0,0,2,3,0,0,0,14,1,10,16,5,2,1,5,8
BetterChatGPT,2022-09-26T01:19:26Z,0,0,0,0,0,0,0,0,0,0,0,0,0,0,202,74,15
fornjot,2021-03-05T14:13:16Z,25,46,112,57,0,116,101,253,39,330,284,250,142,161,440,209,533
dfdx,2022-07-13T18:38:32Z,0,0,0,0,34,9,114,58,149,54,16,58,4,11,44,39,87
taffy,2022-05-17T18:03:54Z,0,0,0,11,4,0,2,1,37,56,7,3,0,4,24,25,19
ssh-chat,2019-12-05T19:56:59Z,2,0,0,2,0,0,0,1,0,7,0,3,25,5,3,13,13
Dapper,2023-08-13T07:43:13Z,0,0,0,0,0,0,10,2,9,7,11,7,3,2,5,3,17
swc,2021-10-01T13:18:59Z,32,32,46,64,35,49,81,60,200,253,237,296,488,595,399,499,270
owl,2025-03-10T12:32:26Z,0,0,0,0,0,0,0,0,483,45,50,6,14,0,1,0,0
webrtc,2021-03-20T20:02:23Z,0,0,44,67,76,182,166,70,138,144,227,144,188,124,354,375,88
Valetudo,2021-02-05T23:26:03Z,26,31,10,2,2,2,9,31,43,142,73,59,28,63,67,84,74
spotify-tui,2019-12-13T10:18:53Z,0,0,0,0,55,109,195,123,37,187,87,93,74,68,42,17,18
SaaS-Boilerplate,2023-11-22T14:29:10Z,0,0,0,0,0,0,0,0,0,0,0,0,19,11,21,8,10
agents-towards-production,2025-01-06T19:46:22Z,0,0,0,0,0,0,0,0,0,0,0,0,0,52,44,22,16
Dexie.js,2023-03-01T07:31:39Z,0,0,2,15,0,1,16,4,12,8,44,44,23,7,7,33,10
gluetun,2020-02-25T19:32:21Z,12,10,0,22,0,8,6,2,60,39,39,43,27,81,14,19,39
react-native-mmkv,2021-03-23T06:59:08Z,0,0,0,0,0,0,0,98,60,4,2,2,12,17,35,24,2
LibreCAD,2023-05-23T01:48:29Z,9,4,2,8,0,1,0,1,58,131,46,28,9,6,13,10,6
uiua,2023-10-08T02:08:59Z,19,406,144,0,1,77,473,222,903,435,509,190,578,545,126,305,286
vpncloud,2020-06-03T15:01:42Z,0,3,32,3,3,0,2,11,41,20,11,25,45,21,23,51,43
thiserror,2019-11-15T20:49:51Z,0,0,0,0,0,0,0,105,16,26,9,2,15,10,24,5,2
wavesurfer.js,2023-07-21T05:28:11Z,1,1,2,1,0,0,12,39,58,27,20,32,24,50,27,6,15
vscode-drawio,2020-06-25T14:08:39Z,0,0,0,0,0,0,0,81,27,9,9,13,47,10,2,10,5
zod,2020-07-16T22:33:16Z,0,0,0,0,59,66,17,16,98,86,114,35,33,88,51,2,140
gobang,2021-05-21T07:33:49Z,0,0,0,0,0,0,0,0,0,15,17,15,70,2,4,1,0
nocodb,2020-12-19T17:49:59Z,0,4,0,0,0,0,0,0,0,0,0,0,0,59,172,205,179
tiptap,2020-09-09T06:15:53Z,6,8,83,148,2,1,80,195,447,253,502,165,299,314,210,329,208
glance,2024-08-09T19:06:41Z,0,0,0,0,11,157,38,18,84,29,37,53,50,30,76,102,80
niri,2023-12-03T12:43:48Z,0,0,0,0,108,133,101,57,64,135,147,174,96,121,59,59,53
rolldown,2024-03-30T00:41:45Z,0,0,18,75,195,13,33,73,266,255,226,140,240,210,175,144,349
100-exercises-to-learn-rust,2024-02-14T18:33:55Z,0,0,0,0,0,0,0,0,0,0,0,98,10,4,29,8,23
tinyauth,2025-03-09T06:21:02Z,0,0,0,0,0,0,77,49,46,90,46,22,67,16,35,56,0
mogwai,2019-11-21T17:17:19Z,0,0,0,0,0,0,0,0,44,24,10,5,6,2,13,10,2
tsup,2020-01-13T11:17:10Z,0,0,0,0,0,0,0,0,0,0,1,0,59,19,60,34,14
console,2021-02-01T06:45:20Z,0,0,0,0,0,0,0,0,0,0,1,46,9,8,25,44,4
darwinkit,2020-09-30T18:29:53Z,0,0,0,0,0,0,0,0,0,0,16,24,21,13,50,11,0
wild,2023-10-04T20:49:19Z,0,0,0,0,0,0,0,0,0,0,0,0,48,43,14,112,64
You-Dont-Know-JS,2019-10-21T19:11:30Z,0,0,0,0,0,0,10,0,37,46,35,23,57,57,3,3,0
million,2021-08-18T04:17:37Z,0,0,0,0,0,36,211,110,76,85,123,43,64,121,72,68,73
auto-animate,2022-03-16T17:55:56Z,0,0,0,0,0,0,0,0,0,0,165,33,9,22,6,8,7
Vencord,2022-11-19T04:02:12Z,0,0,0,0,0,16,57,196,143,60,84,47,97,152,97,58,45
haiku.rag,2025-03-31T16:35:46Z,0,0,0,0,0,0,0,0,0,0,0,61,51,62,182,139,0
Learning-Bitcoin-from-the-Command-Line,2020-03-26T02:44:19Z,0,7,0,1,0,1,76,1,0,0,32,181,360,185,118,163,12
claude-task-master,2025-04-13T21:38:44Z,0,0,0,0,0,0,0,179,166,137,151,89,80,97,77,0,0
react-day-picker,2021-11-01T01:22:45Z,396,0,0,16,0,0,0,0,162,184,72,62,144,68,18,26,12
obsidian-dataview,2021-03-01T23:47:13Z,0,0,0,0,0,0,11,20,25,37,41,14,26,49,41,49,37
axum,2021-02-01T06:45:20Z,0,0,0,0,0,0,0,0,0,0,0,31,56,41,167,20,55
rustowl,2025-02-16T23:26:13Z,0,0,0,0,5,41,0,42,112,34,109,215,91,105,116,20,16
pangolin,2025-01-31T03:34:40Z,0,0,0,0,43,198,82,71,168,153,87,186,139,287,305,375,356
scira,2024-09-14T19:25:45Z,0,0,0,0,0,0,0,78,22,9,21,32,43,56,33,40,38
Swashbuckle.AspNetCore,2024-02-08T13:05:25Z,0,0,0,0,0,0,0,0,0,0,94,69,20,22,32,17,22
cxx,2019-11-15T20:49:51Z,0,0,0,0,0,0,0,1,0,0,26,38,150,283,152,1,24
canvas,2020-07-31T07:03:16Z,0,0,0,0,0,0,0,0,0,1,27,23,21,44,68,33,46
k3sup,2019-07-01T07:03:28Z,0,0,0,0,0,0,0,0,0,46,4,58,46,24,35,51,4
starlight,2022-12-21T13:54:32Z,0,0,0,0,0,0,0,0,0,0,0,30,62,112,236,122,158
ccusage,2025-04-15T15:07:48Z,0,0,0,0,0,0,0,0,0,82,534,114,210,84,15,0,0
btop,2021-05-09T00:05:06Z,0,0,0,0,0,0,0,0,35,22,13,15,128,93,40,30,18
directus,2019-11-15T15:10:28Z,0,0,0,0,0,0,0,0,0,0,0,63,130,194,144,312,386
aibrix,2024-07-20T15:44:32Z,0,0,0,0,0,0,0,1,18,26,62,36,47,40,38,67,70
CodeEdit,2022-03-31T19:57:06Z,0,0,0,0,0,0,0,0,616,519,113,60,18,21,42,50,12
valibot,2023-08-21T13:41:26Z,0,0,0,0,0,0,0,131,138,57,120,67,200,159,249,44,197
rapier,2020-08-20T13:56:11Z,0,0,0,0,0,0,0,0,11,47,77,74,75,58,79,62,41
better-auth,2024-10-17T21:04:47Z,0,0,0,0,0,0,44,522,686,531,354,188,333,372,282,156,129
hey,2025-03-10T11:17:34Z,0,0,0,0,0,0,0,0,192,498,265,339,160,177,61,183,0
repomix,2024-07-22T01:08:30Z,0,0,0,0,0,0,0,0,95,98,66,88,84,115,218,122,121
hyprnote,2024-10-04T11:39:54Z,0,0,0,0,0,0,0,0,0,0,171,302,369,364,352,224,104
sst,2023-10-12T18:07:14Z,0,0,0,0,0,0,0,0,0,77,124,71,230,471,231,166,113
bench,2020-08-29T21:39:44Z,0,0,0,0,0,0,0,0,0,218,305,416,503,386,358,420,539
