project_name,first_donation_date,-8月,-7月,-6月,-5月,-4月,-3月,-2月,-1月,0月,1月,2月,3月,4月,5月,6月,7月,8月
yamada-ui,2024-03-06T20:36:17.138Z,0,0,0,0,0,0,0,0,0,40,190,215,122,183,185,166,236
sched-ext,2024-11-22T20:28:52.938Z,0,0,0,0,0,41,98,125,124,107,116,144,143,185,260,230,223
manyfold,2024-03-28T15:45:19.835Z,0,0,0,0,0,0,0,77,57,100,66,75,109,92,159,190,133
omnivore,2023-01-02T13:40:52.825Z,0,0,0,0,0,0,0,0,113,56,61,92,76,108,87,101,81
dokploy,2024-05-31T06:53:21.538Z,0,0,0,0,0,0,0,4,44,31,66,52,42,58,68,151,124
selenium,2023-09-12T17:47:37.067Z,0,0,0,0,0,0,0,2,69,128,52,47,62,40,52,55,97
rustpython,2022-04-22T16:09:10.764Z,0,0,0,0,0,6,25,20,67,72,51,103,118,28,57,31,61
stc,2022-11-06T12:44:07.966Z,0,0,0,5,0,0,0,45,141,71,122,148,92,43,27,12,1
thelounge,2018-03-26T18:32:27.641Z,0,0,0,0,0,0,0,0,38,53,64,93,61,42,61,58,24
bookwyrm,2021-02-21T15:56:41.081Z,0,0,0,0,0,30,56,89,59,131,143,66,39,13,72,82,73
gerbera-io,2021-01-25T10:44:51.512Z,26,23,14,4,15,27,11,20,76,46,49,50,42,117,63,117,95
pgrouting,2020-06-09T21:26:35.672Z,25,4,12,3,2,0,1,8,2,225,9,0,30,114,69,21,7
mvvmcross,2017-04-25T12:51:57.157Z,0,0,0,0,0,0,11,14,56,96,65,44,35,49,48,51,43
gotosocial,2022-06-01T19:43:13.733Z,0,0,0,0,0,0,0,0,0,0,0,0,18,144,56,69,108
uptime-kuma,2021-08-28T19:41:32.486Z,0,0,0,0,0,0,0,56,55,112,116,33,33,46,17,22,54
pdfme,2025-01-24T11:19:06.480Z,1,0,23,16,12,6,11,6,18,69,117,46,48,72,14,33,19
fossbilling,2022-05-23T19:17:16.885Z,0,0,0,0,0,0,0,0,0,0,0,0,4,79,62,100,77
proxypy,2021-07-10T09:21:11.227Z,3,11,12,9,13,10,13,9,8,16,14,21,143,76,104,9,15
notesnook,2022-11-05T17:29:18.048Z,1,0,2,0,1,2,30,26,30,15,59,46,68,60,33,49,42
tiddlywiki,2021-03-24T15:28:59.649Z,0,0,0,0,0,0,0,15,18,24,42,39,29,31,34,36,87
codeeditapp,2022-03-30T03:59:21.133Z,0,0,0,0,0,0,0,0,190,142,42,24,14,10,32,35,7
polymc,2022-03-29T08:06:31.209Z,0,0,0,0,0,3,51,53,72,70,93,64,63,28,34,41,16
univer,2023-12-26T03:21:20.578Z,0,0,0,0,0,0,0,0,0,0,0,0,0,0,0,55,247
nusmods,2018-08-26T17:50:14.028Z,0,0,0,0,0,0,0,0,0,0,0,4,43,59,71,53,68
quasar,2020-04-21T20:01:49.903Z,0,0,0,0,0,0,0,0,0,0,0,62,48,20,29,62,72
respec,2019-09-15T01:45:58.876Z,0,0,0,0,0,0,0,0,0,6,24,68,50,30,33,27,55
yew,2020-01-11T17:09:35.853Z,0,0,0,0,0,23,23,50,42,26,44,53,62,51,62,53,30
dosbox-staging,2021-05-11T21:26:58.073Z,0,0,0,0,0,0,0,0,0,0,39,44,32,35,47,50,36
rss-bridge,2022-03-05T11:22:14.384Z,18,13,14,30,20,12,18,25,77,86,49,86,60,20,54,39,32
hexo,2019-07-10T22:32:10.443Z,17,6,2,4,2,5,8,14,12,32,20,43,32,107,41,31,14
suitecrm,2019-07-09T12:53:56.888Z,0,0,0,44,80,54,45,103,109,45,86,157,102,53,59,44,41
prowlarr,2021-05-30T21:18:43.442Z,0,3,1,0,0,5,9,8,25,64,43,46,12,23,38,41,18
playframework,2021-11-08T21:38:39.747Z,0,0,0,0,0,0,0,9,21,42,48,28,34,25,34,36,18
cinny,2021-09-19T18:59:15.653Z,0,0,0,0,0,0,3,11,12,12,6,7,22,53,65,43,48
pymc,2021-06-14T21:27:30.439Z,0,0,0,23,22,55,38,35,53,36,50,32,52,74,38,65,63
sequel-ace,2020-09-05T15:37:29.808Z,0,0,0,0,0,63,55,17,19,43,75,73,56,37,33,22,14
opensid,2019-11-26T20:53:15.317Z,12,12,10,15,26,41,20,50,18,17,28,48,40,54,77,76,51
warzone2100,2021-07-27T22:22:39.357Z,0,0,0,0,34,59,36,62,82,64,32,94,92,35,21,35,23
umap,2023-08-16T15:56:52.817Z,0,2,0,3,5,32,41,31,39,37,25,37,37,50,58,31,43
wemake-python-styleguide,2019-07-04T12:36:55.325Z,0,0,0,0,0,0,0,0,0,0,0,49,37,29,13,33,42
networkx,2022-04-05T20:16:44.446Z,32,24,27,22,21,25,42,41,78,54,114,36,24,26,92,56,34
tahoe-lafs,2020-06-22T08:22:28.915Z,4,3,5,17,7,2,11,15,6,28,41,42,45,26,38,24,15
chameleon-ultra-gui,2023-08-04T09:49:29.331Z,0,0,0,0,0,0,11,26,66,85,61,12,23,27,12,3,6
kavita,2021-07-28T05:41:56.753Z,0,5,8,8,31,12,26,64,46,58,30,52,42,22,72,51,18
heroui,2022-02-18T11:57:02.937Z,0,0,0,0,0,0,0,12,43,37,26,32,36,18,24,14,13
civet,2023-01-07T01:33:00.311Z,0,0,0,0,1,2,6,55,112,69,29,13,12,12,20,47,48
rollup,2018-01-12T01:29:15.038Z,0,0,0,0,6,3,23,28,53,39,41,31,20,37,19,37,19
lando,2019-12-31T16:49:24.544Z,5,11,12,15,12,10,13,6,13,18,20,55,40,34,43,38,15
openrocket,2022-05-30T02:18:38.652Z,15,5,2,1,14,46,34,24,41,64,30,29,31,34,42,55,34
aq-org1,2024-09-09T13:08:13.682Z,0,0,0,0,0,0,0,3,29,39,26,27,55,18,10,1,4
utopia-project,2024-10-17T20:48:00.388Z,0,0,0,0,0,1,0,0,10,26,2,26,62,19,5,10,28
ohmyzsh,2020-05-18T02:12:23.021Z,0,0,0,0,0,0,0,0,0,0,0,0,0,67,42,34,27
mapswipe,2020-06-23T16:35:24.594Z,5,3,8,0,0,0,10,3,20,88,31,27,7,4,6,34,0
rx-angular,2021-02-21T20:07:54.109Z,24,27,58,46,45,19,6,25,85,52,48,101,19,41,55,36,62
keyshade,2024-04-24T19:54:14.123Z,0,0,0,0,13,15,23,11,12,38,19,49,2,40,24,26,22
vitest,2023-03-24T16:21:26.270Z,0,0,0,0,0,0,0,0,0,0,0,0,0,0,0,53,104
wolvic,2022-10-19T02:38:29.083Z,10,23,14,17,23,31,11,20,21,30,14,42,36,53,33,44,48
flow-launcher,2022-07-06T04:46:42.955Z,38,62,25,12,18,5,5,8,12,10,36,34,63,81,49,26,22
elk,2023-01-12T10:14:38.505Z,0,0,0,0,0,0,134,230,480,154,48,63,70,31,61,56,28
kornia,2021-05-22T10:17:27.484Z,17,41,26,18,23,11,25,35,40,64,23,41,68,70,25,22,23
graphql-net,2020-05-13T23:39:32.988Z,14,31,35,15,38,41,21,12,13,2,16,53,28,66,37,27,118
react-admin,2022-01-27T02:31:10.515Z,0,0,0,0,0,0,0,0,0,0,0,0,0,0,19,61,59
ngrx,2017-07-18T17:14:03.380Z,0,0,0,0,0,0,0,0,0,0,0,0,6,19,35,47,31
ngxs,2018-04-08T02:12:47.664Z,0,0,0,0,0,0,0,68,83,31,41,22,10,18,25,27,28
typia,2022-10-24T10:42:32.894Z,0,0,7,11,12,29,2,16,35,58,37,7,26,13,32,7,31
axmol,2024-01-10T04:58:05.127Z,17,13,21,7,10,18,32,36,42,45,34,40,36,29,26,33,43
lucee,2019-02-08T02:20:32.391Z,0,0,0,0,0,0,0,0,0,0,19,14,17,27,18,15,18
netbootxyz,2019-12-01T22:15:49.500Z,6,2,3,6,5,3,17,8,66,82,9,8,19,16,17,13,8
create-react-app,2019-08-12T09:36:37.398Z,0,0,24,59,75,56,41,41,57,42,78,49,67,45,51,42,44
kivymd,2020-04-28T12:53:31.566Z,8,5,9,4,3,2,1,3,2,12,5,13,23,11,34,38,21
hartex,2023-09-14T09:48:55.182Z,0,0,0,32,135,167,160,132,96,82,101,108,164,84,75,48,85
moonshine,2023-06-29T18:40:35.790Z,1,4,19,22,16,25,65,86,34,27,31,41,79,62,57,31,29
selfdefined,2020-03-08T22:52:50.373Z,0,0,2,7,11,1,8,27,6,3,48,40,9,31,18,19,6
piranhacms,2019-03-29T12:24:18.967Z,12,0,1,7,5,7,3,1,5,13,10,34,19,24,17,10,25
synfig,2020-04-15T21:36:30.861Z,11,12,13,15,21,44,17,70,45,32,34,35,59,12,58,36,51
react-spring,2018-07-20T20:10:15.267Z,0,0,0,0,1,31,6,7,10,16,5,24,17,32,18,36,7
clojure-lsp,2021-01-10T02:03:17.960Z,6,6,1,16,1,1,0,17,29,28,28,16,18,12,19,18,19
intelligo,2019-04-17T01:54:28.551Z,0,0,0,1,0,0,1,0,0,15,5,7,30,19,17,12,6
milkdown,2021-07-16T05:06:22.824Z,0,0,0,0,0,18,4,8,17,20,7,10,15,19,29,21,14
cdnjs,2019-07-08T16:09:49.102Z,13,30,18,16,5,13,14,6,13,13,17,28,77,7,10,23,43
intelowl-project,2022-12-27T21:13:38.393Z,26,21,20,56,40,31,34,40,52,66,80,33,38,35,38,31,48
jotai,2020-12-16T03:42:41.652Z,0,0,0,0,3,35,52,32,15,14,22,44,32,23,43,21,24
hievents,2024-09-23T18:15:22.297Z,0,0,0,1,7,40,16,43,26,15,12,12,7,28,56,21,53
commitizen-tools,2023-03-06T20:11:53.483Z,4,18,10,6,5,14,4,8,8,31,10,17,20,20,27,23,16
monitorcontrol,2021-08-19T19:31:47.381Z,3,1,0,3,0,0,3,4,18,19,62,8,1,5,8,3,1
keepassxc,2019-02-09T06:59:27.144Z,5,13,14,16,33,18,8,17,25,25,44,15,43,14,13,21,42
gtk-rs,2020-04-02T16:48:36.029Z,0,0,0,0,0,0,0,0,0,0,0,0,0,0,8,48,34
react-native-elements,2017-04-16T07:36:50.231Z,0,19,9,4,5,9,15,20,42,25,19,28,22,8,18,23,28
rsschool,2019-10-23T10:46:19.733Z,0,0,2,14,2,2,6,19,16,18,22,21,14,24,20,8,5
friends-of-groovy,2019-03-06T06:16:12.803Z,14,15,11,15,17,13,22,16,18,13,27,14,26,18,12,44,55
mybb,2018-03-28T21:14:27.996Z,25,9,10,25,16,24,31,19,27,58,36,40,42,30,14,10,14
quinn-rs,2024-03-22T21:21:44.708Z,18,27,12,16,10,14,11,10,18,31,30,21,28,23,16,17,37
cboard,2018-02-19T22:04:43.764Z,1,1,16,8,24,9,3,16,11,12,47,16,10,15,17,21,24
itk,2022-04-11T13:13:02.834Z,0,0,0,0,9,95,66,72,39,40,17,27,59,65,27,51,39
phalcon,2017-03-27T19:12:02.048Z,0,0,0,0,0,27,33,45,52,37,17,30,28,23,11,21,20
readarr,2020-05-31T18:48:40.076Z,0,0,0,0,0,0,1,6,10,2,7,12,10,14,10,17,16
altair,2018-04-09T20:55:13.657Z,23,0,0,24,2,8,3,21,3,19,13,15,17,16,21,26,35
alchemy_cms,2020-01-31T00:31:00.848Z,12,5,1,19,9,28,25,12,11,21,27,21,54,20,25,11,13
opensourcebim,2020-12-29T21:05:11.578Z,6,4,6,9,1,3,3,33,31,22,12,15,13,21,4,20,37
openframeworks,2022-05-05T16:52:20.364Z,3,4,6,9,32,14,10,35,34,6,8,8,45,21,55,38,11
vega-strike,2020-06-07T18:00:49.768Z,3,0,0,0,0,0,18,26,8,28,32,5,3,4,13,27,10
tastyigniter,2020-03-18T22:19:54.568Z,0,0,0,0,0,0,0,0,2,6,9,8,2,15,13,13,8
openapi-ts,2024-07-11T23:51:26.263Z,27,11,14,23,18,26,16,25,36,52,19,27,17,27,29,32,31
sudobot,2024-01-04T05:01:15.548Z,0,0,0,1,1,3,3,3,2,1,5,5,1,1,23,22,26
walletconnect,2022-01-19T14:43:11.817Z,0,0,0,0,0,0,0,0,0,1,9,11,10,17,10,13,2
openms,2021-06-11T01:53:34.360Z,38,25,23,19,27,42,29,17,29,63,25,37,33,39,25,30,41
korge,2020-01-23T06:23:55.301Z,0,0,0,0,1,0,0,7,9,4,10,3,19,26,18,1,0
react-ace,2017-05-26T19:00:58.820Z,1,7,3,1,1,5,0,3,14,6,6,6,13,20,17,10,15
twilight,2021-09-15T13:40:38.588Z,30,17,17,46,43,93,63,38,21,44,59,69,67,35,56,46,42
inure,2023-02-02T05:07:13.813Z,0,0,4,3,4,15,12,28,5,14,15,15,24,16,33,15,5
heylinda,2021-08-02T12:28:45.429Z,0,0,0,0,0,0,0,2,24,12,39,3,1,3,11,2,1
phoenix-ide,2023-07-17T13:59:53.677Z,20,54,126,7,27,11,16,8,20,4,13,33,20,34,73,89,72
cadcad1,2020-05-17T10:34:51.778Z,17,2,0,1,3,3,3,2,7,36,16,19,17,2,3,6,1
axios,2021-03-31T20:07:03.371Z,9,13,11,10,14,7,16,6,8,11,19,12,8,20,24,47,12
linearmouse,2022-02-16T10:38:20.445Z,5,2,1,0,0,3,7,10,30,1,1,6,28,36,11,7,5
peerbit,2022-11-21T10:19:08.779Z,0,0,1,0,1,1,1,1,14,2,2,1,3,2,4,39,18
openhv,2023-04-08T16:08:58.534Z,2,2,5,6,12,2,0,2,7,1,2,0,17,14,49,7,7
vsformat,2021-03-15T22:00:05.244Z,7,3,1,6,2,3,6,1,3,10,11,14,20,3,1,16,20
grapesjs,2017-10-03T04:04:28.077Z,0,0,5,0,1,2,6,10,12,22,11,18,4,11,16,3,3
emacs-lsp,2020-07-07T15:01:03.772Z,23,37,39,49,45,43,72,79,68,100,57,36,48,50,45,51,64
wexond,2019-05-02T14:33:53.644Z,4,0,2,1,1,0,0,0,4,4,18,20,6,1,11,11,0
usingcombine,2019-07-25T01:00:42.244Z,0,0,0,0,0,0,0,11,33,14,6,3,13,24,0,5,9
mapletestimony,2023-02-13T16:43:42.431Z,10,22,34,20,18,9,17,13,10,24,56,14,14,31,18,23,26
spotube,2022-03-17T06:43:53.531Z,0,0,0,0,0,0,4,3,0,2,1,3,2,2,29,12,17
gridjs,2021-01-06T21:00:37.030Z,8,65,52,37,25,33,23,23,25,21,35,39,35,64,39,47,44
tmodloader,2021-07-21T02:02:24.109Z,30,22,27,14,42,40,30,22,26,66,46,32,43,20,32,20,26
xrdp-project,2023-12-21T16:47:23.372Z,8,17,9,1,4,16,17,4,10,12,24,19,9,18,17,16,18
hanami,2022-03-23T11:24:09.176Z,4,0,1,2,3,3,5,10,5,4,1,11,13,12,3,19,22
letterpad,2021-07-08T19:57:30.980Z,0,1,0,0,2,1,5,3,1,1,5,0,2,2,8,10,40
laravel-mongodb,2019-07-18T14:01:46.017Z,9,3,3,4,9,5,0,2,6,6,6,12,4,4,20,21,18
pmd,2021-03-01T18:12:03.269Z,42,39,26,26,19,11,17,17,24,29,43,26,30,24,23,39,39
jest-preview,2022-05-28T11:58:26.039Z,0,0,0,0,0,0,4,52,27,23,38,26,6,6,2,1,10
django-import-export,2023-06-26T10:06:19.926Z,7,3,3,4,12,7,6,2,1,3,5,22,20,13,17,11,8
stride3d,2021-10-21T18:13:26.562Z,6,5,6,2,8,12,18,7,14,5,35,31,3,20,9,8,8
aiogram,2019-05-24T20:52:54.117Z,1,0,5,4,4,5,6,6,5,6,25,12,5,10,11,3,13
formik,2019-09-27T10:52:46.349Z,28,20,9,27,32,21,24,19,18,54,41,26,47,31,16,8,11
react-hook-form,2019-09-23T19:35:01.451Z,0,0,0,0,0,0,0,0,0,0,0,0,0,0,0,0,53
assemblyscript,2018-09-29T21:22:25.797Z,4,4,12,21,13,10,18,6,24,12,19,20,25,30,22,2,11
renative,2019-08-23T18:16:07.632Z,0,1,0,4,8,19,26,18,32,25,27,16,13,22,8,3,15
catppuccin,2022-08-30T23:27:35.724Z,0,7,14,12,9,3,6,4,9,8,5,7,14,34,14,18,7
gitoxide,2024-11-30T15:40:04.653Z,8,16,19,23,22,59,27,27,41,24,49,26,36,45,35,23,14
dbatools,2019-07-09T15:13:59.442Z,0,0,0,0,0,0,81,109,41,38,32,59,20,16,28,23,24
warriorjs,2018-05-08T19:29:36.330Z,0,0,0,0,0,0,0,0,84,16,14,6,1,10,0,2,1
dynamoid,2022-04-01T04:03:15.563Z,0,0,1,0,1,3,1,3,11,6,7,7,11,5,6,4,13
bioicons,2024-04-18T09:47:24.557Z,0,3,4,21,0,2,2,5,38,17,2,7,0,7,16,29,9
mdanalysis,2022-04-05T20:12:43.276Z,18,8,8,8,9,10,17,26,45,16,23,9,25,18,23,17,23
casljs,2020-02-03T05:24:22.810Z,2,4,1,1,0,0,3,3,4,4,7,16,4,10,11,8,3
git-bug,2018-09-28T17:57:39.159Z,0,0,0,0,0,0,3,8,8,8,0,7,6,2,7,6,24
reqnroll,2024-04-15T09:13:42.137Z,0,0,0,0,0,5,14,11,12,19,8,6,8,7,11,12,8
bootstrap-vue-next,2023-05-17T06:18:08.931Z,76,30,24,23,37,25,21,41,73,40,46,46,67,22,63,25,17
mytestedaspnet,2019-07-13T19:02:23.178Z,0,0,0,0,0,0,0,0,1,18,11,4,4,3,5,3,1
phpbb,2023-01-12T22:58:41.661Z,1,7,7,2,2,6,8,8,19,11,4,7,4,17,19,6,22
cadsketcher,2022-05-05T14:27:53.496Z,1,0,0,0,0,0,9,2,6,25,7,12,11,1,1,0,4
owncast,2021-03-02T16:54:16.622Z,0,0,8,55,54,44,43,34,43,41,46,40,50,22,33,29,24
tvheadend,2023-12-07T21:24:52.708Z,9,4,11,4,18,2,2,8,16,15,38,10,11,3,12,4,12
assimp,2021-01-25T21:26:28.158Z,33,27,28,14,6,19,22,24,41,20,19,52,51,19,26,20,13
jmonkeyengine,2020-11-03T08:06:31.349Z,6,29,5,3,0,6,2,9,12,10,4,9,19,32,16,7,10
restsharp,2021-12-13T19:29:09.775Z,3,11,6,9,4,2,5,6,10,16,14,24,8,10,6,7,7
autokeras,2018-11-12T17:09:26.328Z,4,3,2,3,3,67,25,29,30,21,49,42,26,5,3,23,13
drogon,2023-04-08T18:15:01.838Z,14,10,6,9,3,9,11,18,16,18,13,11,34,13,10,11,15
mue,2022-11-02T18:21:53.746Z,8,10,9,12,9,6,5,7,12,6,7,11,11,13,15,18,30
sapphiredev,2021-12-05T21:40:41.936Z,0,0,3,3,5,12,7,10,8,11,9,9,10,15,11,11,8
ant-design-vue,2018-09-06T00:41:55.764Z,0,0,0,3,2,3,3,3,6,1,2,11,8,8,11,10,6
reactive-resume,2023-11-25T04:39:03.334Z,6,7,8,13,15,8,14,12,50,22,24,15,16,16,20,8,4
nodejs-mobile,2023-09-27T12:58:51.255Z,0,0,0,0,0,1,0,0,3,12,4,2,6,6,6,7,0
podsframework,2021-07-22T06:16:10.631Z,8,8,8,8,6,16,5,11,6,7,13,25,17,12,18,12,7
prettier-eslint,2024-03-28T20:37:46.508Z,16,15,13,9,0,1,2,9,4,12,6,10,18,9,9,19,23
cusdis,2021-04-23T12:51:02.349Z,0,0,0,0,0,0,0,0,40,15,6,1,3,0,4,8,3
bumbag,2020-07-20T03:28:44.357Z,0,0,0,0,0,0,0,0,5,15,8,3,1,3,1,2,6
floccus,2019-09-17T01:07:43.438Z,0,0,2,11,9,7,16,6,13,8,13,5,11,8,11,15,19
welcometomygarden,2020-05-20T11:53:08.964Z,0,0,0,0,0,0,0,0,6,20,2,15,2,0,0,0,0
jreleaser,2021-07-14T15:15:24.064Z,2,0,0,0,4,0,2,6,1,2,0,32,11,4,2,1,1
nock,2018-04-27T19:33:16.584Z,4,15,12,9,2,4,12,12,2,7,10,10,13,9,7,1,52
cyclejs,2016-09-20T08:31:40.598Z,3,3,2,1,3,0,8,10,12,9,7,13,1,8,10,5,15
saasfly,2024-04-19T15:11:29.449Z,0,0,0,0,0,0,0,3,33,16,4,7,4,3,6,1,0
react-three-fiber,2019-09-12T00:58:24.973Z,0,3,12,6,3,9,8,5,15,15,4,6,12,4,6,7,30
statoscope,2021-03-10T23:25:18.271Z,0,0,0,0,0,2,2,2,3,2,9,5,4,3,9,11,1
hyper-term,2021-09-19T23:01:34.031Z,0,0,57,52,68,55,60,70,52,53,60,35,49,46,55,52,50
il-libro-open-source,2023-10-10T07:48:29.635Z,0,0,0,0,0,0,3,19,14,14,8,17,7,4,2,6,1
web-scrobbler,2022-04-01T23:14:22.198Z,14,16,17,8,8,10,17,28,22,12,6,11,18,29,38,22,18
reach-ui,2019-10-22T16:46:06.645Z,1,3,14,14,17,10,12,10,47,24,6,16,15,17,12,15,12
swiper,2021-01-29T07:03:01.329Z,11,4,6,5,3,6,21,29,40,26,17,19,14,11,12,10,12
tracardi-cdp,2022-04-27T10:01:15.984Z,2,0,6,18,13,16,16,4,17,17,14,29,18,15,11,7,0
xdebug,2020-07-17T09:03:33.686Z,8,12,12,5,15,6,7,12,28,12,30,16,20,17,10,1,7
marktext,2018-05-08T18:24:53.865Z,0,0,0,0,0,1,37,40,27,31,10,18,3,12,19,13,8
chrome-react-ai,2019-09-23T13:03:14.362Z,0,0,0,0,0,0,13,11,9,21,9,15,0,0,2,12,1
redmodding,2021-02-17T16:15:27.686Z,5,8,13,24,16,18,2,19,43,32,21,12,24,12,19,12,8
react-awesome-query-builder,2020-02-15T17:04:13.789Z,0,1,2,0,0,6,8,7,5,7,6,10,7,2,11,7,9
mkdocs,2023-08-29T15:37:49.267Z,4,5,4,4,11,12,14,14,14,16,15,12,21,10,6,4,18
code-settings-sync,2018-03-20T13:17:26.114Z,2,0,0,8,5,4,3,5,4,3,5,2,12,9,8,15,7
safing-portmaster,2023-10-19T13:16:49.439Z,9,6,7,2,1,4,9,7,5,3,6,2,1,16,22,16,13
onedark-pro,2021-07-06T14:56:57.118Z,6,6,1,11,5,9,6,2,10,16,12,25,6,0,3,2,16
xlayers,2020-07-21T14:08:30.448Z,8,2,0,1,3,0,0,0,0,0,6,18,6,6,0,3,8
komga,2020-06-13T23:42:15.416Z,0,0,0,0,3,3,0,1,3,9,5,1,2,2,1,4,16
anndatar,2024-07-24T14:37:55.820Z,2,24,0,1,0,0,0,1,3,6,4,0,9,7,7,12,16
mewsfeed,2023-04-11T15:48:31.024Z,2,0,0,2,4,7,3,10,9,15,3,6,12,22,2,0,1
falcon,2018-10-06T16:14:40.026Z,2,4,7,39,5,5,5,4,7,6,8,14,26,15,8,23,3
lairdubois-opencutlist-sketchup-extension,2019-11-11T12:02:52.805Z,1,0,3,3,0,1,2,1,3,3,0,0,1,2,27,5,5
javascript-obfuscator,2017-06-02T12:44:38.425Z,0,1,1,5,0,1,1,1,0,1,1,1,0,7,11,8,13
rottingresearch,2023-05-04T19:28:12.052Z,1,11,0,8,0,1,7,8,15,5,3,4,6,31,5,3,10
octobercms,2019-07-03T10:15:14.967Z,19,39,28,41,17,43,27,26,45,47,26,45,33,27,37,17,39
gowechat,2021-07-22T03:11:36.857Z,4,2,2,4,11,7,2,6,8,21,26,3,7,3,4,3,2
reactiveui,2017-03-21T19:08:37.547Z,0,10,8,17,10,4,17,26,19,3,21,9,7,28,29,17,9
microcks,2023-11-28T18:42:32.801Z,3,5,0,0,1,1,2,15,10,3,3,13,9,11,7,6,6
alfio,2019-08-25T15:29:57.540Z,4,8,10,2,7,5,18,12,17,29,32,9,4,5,5,4,8
generator-jhipster,2017-12-04T17:37:57.900Z,1,2,3,5,1,1,5,4,4,2,1,11,10,9,9,4,6
gwdevhub_collective,2023-12-15T06:44:35.169Z,2,0,2,1,14,2,8,4,1,1,1,2,8,26,4,15,6
badaso,2021-08-04T02:15:28.111Z,0,0,0,15,46,55,79,49,36,37,31,42,14,18,32,96,4
javaparser,2023-11-22T05:53:27.922Z,25,30,17,23,8,18,10,27,36,28,15,18,16,30,36,31,13
aframe,2024-11-22T20:27:48.276Z,12,10,8,14,3,4,8,8,9,0,25,22,15,8,17,4,5
urllib3,2020-12-27T20:15:17.165Z,23,6,5,9,19,37,17,44,17,10,10,19,6,27,51,27,39
peachpiecompiler,2020-01-29T16:16:44.497Z,1,1,2,4,2,3,4,2,5,6,3,6,5,5,4,10,9
pre-commit,2018-11-02T03:09:53.665Z,9,3,9,7,19,5,3,9,3,15,17,8,12,9,15,5,12
openpracticelibrary,2023-07-13T08:12:57.676Z,12,17,12,14,2,15,6,10,20,13,23,13,17,4,18,10,19
comunica-association,2021-10-15T08:40:15.874Z,2,6,2,5,6,4,4,1,9,3,4,4,9,15,12,3,9
amethyst,2018-11-27T09:01:25.452Z,20,43,56,32,16,58,34,85,61,49,56,37,30,40,62,64,35
mllaunchpad,2019-12-05T09:18:57.291Z,0,0,1,3,1,0,1,2,0,0,11,9,8,7,1,0,1
visualpython,2021-06-25T11:23:17.381Z,0,0,0,0,0,0,0,20,8,6,15,7,4,10,0,3,3
hrea,2022-04-22T20:24:20.014Z,0,1,0,0,0,3,6,7,8,4,16,9,9,5,1,0,0
phpstan-drupal,2021-03-04T02:05:31.169Z,3,2,0,4,1,5,0,3,2,2,4,0,8,2,2,4,23
reactfigma,2020-12-22T03:30:46.308Z,7,6,9,5,8,1,4,2,8,4,5,10,11,16,8,6,9
pyrogram,2021-10-15T06:14:24.667Z,9,17,3,6,9,10,7,9,6,5,14,15,12,11,24,8,8
backyourstack,2019-03-21T12:01:54.681Z,5,22,13,8,5,7,1,5,7,4,11,7,7,9,16,14,25
napi-rs,2023-01-26T23:10:14.056Z,22,6,21,25,14,12,8,16,31,13,24,20,20,16,22,19,16
tampadevs,2023-01-06T22:20:11.777Z,0,0,0,0,1,1,4,8,16,6,8,3,4,7,5,4,3
react-data-table-component,2021-07-13T21:49:09.704Z,4,2,5,7,0,3,6,11,2,15,16,11,5,7,4,4,2
immer,2019-09-16T02:15:08.079Z,4,5,7,7,4,5,1,3,8,10,3,9,8,10,9,5,8
iris-social,2019-10-31T01:18:40.573Z,0,0,0,0,0,0,0,0,0,0,0,0,3,3,7,9,3
html-webpack-plugin,2018-03-27T22:39:21.782Z,7,4,7,6,1,3,4,7,25,6,9,8,4,11,7,11,7
pufferpanel,2020-08-11T00:21:11.363Z,0,0,1,0,0,0,0,0,3,0,5,4,3,3,3,1,6
kumbiaphp,2020-01-15T15:45:33.981Z,2,1,1,0,1,0,0,0,0,4,4,2,6,8,1,0,4
ajv,2019-11-02T17:08:11.197Z,4,1,2,3,3,4,3,4,2,3,3,4,4,7,12,9,6
games-on-whales,2024-06-13T01:59:31.511Z,0,0,2,3,0,1,0,0,3,3,5,1,6,1,2,3,9
litiengine,2020-10-05T07:30:13.664Z,1,6,5,0,1,0,0,0,0,4,3,3,6,7,8,6,0
amogos,2021-08-12T20:08:35.183Z,0,0,0,0,0,1,4,2,0,1,16,4,4,2,4,0,0
nodemon,2017-12-07T20:28:06.923Z,0,5,5,5,2,4,5,1,36,7,13,5,3,8,2,10,3
csstree,2024-09-03T13:45:57.174Z,0,0,0,0,0,1,0,1,3,2,3,4,2,3,3,7,2
jira-cli,2021-11-07T04:11:09.442Z,2,4,11,11,2,5,21,15,21,10,12,16,15,5,11,16,9
kobalte,2023-02-07T23:36:57.767Z,0,0,0,0,0,15,9,43,16,28,25,5,6,3,11,3,9
rspamd_project,2019-06-27T07:47:37.382Z,49,11,8,18,8,9,15,7,17,16,16,23,23,16,11,28,15
awesome-ttrss,2019-07-23T07:11:34.572Z,0,0,0,1,0,1,4,8,2,5,6,3,5,11,1,1,5
dnscrypt,2019-07-19T18:00:08.162Z,1,2,1,0,2,3,12,3,4,1,0,18,4,6,4,7,6
excel-parser-processor,2021-07-17T06:27:10.040Z,0,3,1,0,2,1,5,2,0,0,0,0,0,0,0,19,17
androidlocalizeplugin,2022-09-30T10:18:17.992Z,0,1,1,0,0,0,0,3,4,6,3,3,4,2,3,2,4
rslint,2020-10-29T18:38:45.288Z,0,0,0,0,0,0,0,8,29,5,2,4,4,5,0,4,5
openstf,2019-06-28T06:17:04.872Z,1,0,0,2,2,0,3,1,3,3,1,3,2,1,1,3,16
cloudbox,2019-11-10T15:43:14.984Z,4,5,2,1,0,1,1,0,1,2,5,2,10,7,3,0,6
bootscore,2023-09-27T10:22:12.118Z,11,12,10,13,7,10,5,6,14,6,10,10,5,27,22,9,6
hledger,2017-01-20T19:21:45.076Z,1,4,3,1,2,9,2,6,25,3,10,3,8,7,7,9,1
ampalibe,2022-08-12T12:44:08.813Z,0,0,4,9,3,0,2,2,18,9,3,2,10,8,5,1,2
companion,2018-10-07T13:29:30.331Z,0,0,0,0,10,2,0,2,1,3,7,4,3,7,2,1,7
tom-select,2021-03-10T05:13:52.847Z,0,0,0,0,0,0,0,7,3,2,5,5,2,2,3,5,3
platypus,2021-05-03T05:09:58.730Z,0,0,0,0,0,0,0,1,2,1,1,4,5,0,0,1,8
gacp,2020-02-22T21:25:17.059Z,10,8,0,0,0,0,1,0,2,0,1,24,4,2,3,4,0
anotherredisdesktopmanager,2020-07-09T15:10:10.974Z,1,1,0,5,3,9,1,3,6,5,8,2,1,6,4,11,5
apollo-elements,2021-02-01T10:52:33.831Z,0,0,0,6,7,6,4,14,3,3,2,2,6,17,17,7,2
mlpack,2022-04-05T20:16:09.166Z,21,8,11,12,8,18,4,2,16,11,14,9,7,14,15,19,14
core-js,2019-03-22T03:38:17.681Z,0,1,6,3,3,3,4,2,13,7,6,2,8,2,6,4,6
kitspace,2019-02-12T20:17:30.972Z,1,4,4,0,2,0,2,0,2,2,5,7,0,1,3,4,10
angular-tree-component,2019-10-24T10:39:55.453Z,1,1,0,1,1,5,0,1,0,5,2,3,0,4,8,2,4
openscad,2021-01-31T21:39:38.291Z,20,5,10,13,10,9,17,15,33,34,9,9,25,9,6,8,17
browserslist,2020-01-30T19:16:31.799Z,3,4,2,0,0,3,2,5,3,6,3,9,1,4,5,2,7
hiddify,2023-02-05T18:53:16.131Z,0,0,0,0,0,3,2,12,0,4,3,5,1,3,0,2,16
hpy,2020-10-08T09:55:00.977Z,1,9,5,4,2,0,20,9,19,12,15,6,9,7,14,2,2
stalwart,2024-09-24T10:31:06.924Z,5,0,1,8,10,5,6,4,3,3,6,1,5,8,7,8,17
deskreen,2021-01-19T08:22:26.873Z,0,0,0,5,5,0,1,3,11,22,3,0,0,4,0,0,1
devlopr-jekyll,2020-05-08T15:56:01.297Z,0,0,2,0,0,3,3,7,14,16,2,1,2,8,0,1,1
beercss,2023-04-06T07:27:35.894Z,1,0,1,8,5,1,2,0,1,3,8,1,2,6,8,5,1
pikepdf,2021-07-26T13:20:34.318Z,0,1,1,1,2,2,2,2,8,5,3,2,5,1,2,5,4
electerm,2023-09-25T19:41:54.627Z,2,6,6,2,0,2,11,8,10,7,9,9,8,3,5,5,7
validatorjs,2019-01-30T16:42:20.377Z,7,14,9,8,7,12,10,1,8,9,11,6,8,8,16,13,13
codecrumbs,2019-02-18T12:27:17.939Z,0,0,1,0,0,0,0,6,3,2,2,2,0,14,2,0,0
casbin,2019-05-24T13:26:28.474Z,3,4,5,3,1,1,1,5,2,4,9,4,1,11,4,4,1
github-profile-readme-generator,2022-09-27T03:42:29.619Z,2,7,4,5,2,9,4,10,2,30,8,4,3,5,6,1,1
hpx,2021-06-11T01:51:42.122Z,39,20,21,36,57,50,29,44,51,51,35,51,32,47,28,35,32
libreplan,2024-08-02T13:34:23.538Z,0,0,0,0,0,0,0,0,0,2,0,10,0,0,0,2,1
single-spa,2020-01-30T21:33:37.866Z,3,5,4,2,4,1,4,18,7,7,13,14,10,4,5,1,2
timecat,2020-07-21T07:44:03.772Z,0,0,0,0,1,1,0,0,14,3,5,6,2,0,1,0,0
confuserex,2019-11-07T19:54:30.737Z,1,0,0,0,0,1,1,0,0,0,1,2,1,2,1,3,8
pest,2022-10-10T15:58:05.795Z,1,1,2,0,0,16,15,3,3,10,4,12,5,5,7,3,7
bootstrap-table,2018-01-15T22:49:33.031Z,0,11,9,2,8,4,5,12,9,8,14,4,13,8,8,5,6
sinuous,2020-02-01T17:16:20.606Z,1,5,2,4,0,0,1,4,3,6,5,3,4,4,0,3,6
muffon,2021-11-16T08:30:30.440Z,0,0,0,0,0,0,0,0,7,7,4,1,1,0,1,0,0
swag,2019-03-15T18:36:49.334Z,8,10,9,6,12,7,9,12,41,6,5,13,29,10,11,6,7
nexrender,2019-12-09T08:31:37.067Z,3,5,5,7,2,2,4,2,1,4,4,2,7,6,3,13,5
html-bundler-webpack-plugin,2023-10-17T09:45:49.407Z,0,2,0,0,0,0,1,0,1,4,2,2,4,2,0,0,2
fluffos-579,2021-01-08T05:36:39.773Z,2,0,6,5,7,12,18,11,1,9,13,18,5,5,8,6,10
supertinyicons,2020-10-18T13:42:45.718Z,0,3,31,0,1,4,0,0,30,18,5,8,2,0,4,13,2
emplea_do,2018-06-06T03:01:30.620Z,0,0,0,0,0,0,0,0,0,0,8,4,1,0,0,0,0
diskframe,2019-09-11T04:17:21.325Z,0,4,0,1,0,0,0,21,35,5,8,12,4,2,3,1,4
aflpluspluseu,2021-06-12T01:02:28.307Z,12,7,26,19,22,63,22,33,37,43,24,6,26,33,39,33,13
rust-battery,2019-06-04T07:57:59.235Z,0,0,0,0,5,0,1,0,0,0,0,0,5,3,6,3,2
jss,2017-06-05T21:41:05.879Z,2,8,5,3,9,5,7,10,6,15,10,4,7,11,6,7,2
silex,2021-02-20T20:49:02.505Z,1,0,1,2,1,3,1,0,0,4,4,5,3,4,0,1,1
floating-ui,2020-01-08T16:42:33.988Z,0,3,5,2,3,0,14,47,57,16,12,30,4,10,6,1,7
puppeteer-screen-recorder,2023-11-11T18:07:37.557Z,0,0,1,2,0,0,0,0,0,0,0,0,0,0,0,11,4
bundlephobia,2018-07-24T11:32:25.532Z,0,2,0,0,1,0,0,0,0,1,3,4,2,1,0,3,1
greenshot,2019-09-18T00:33:48.616Z,1,0,1,1,3,1,1,0,1,1,2,0,3,1,2,8,3
mattn-go-sqlite3,2020-09-16T16:54:32.637Z,2,7,0,5,4,3,4,4,4,3,9,9,6,6,3,4,1
husky,2019-06-26T15:37:59.804Z,8,6,7,1,4,1,4,6,13,7,9,3,9,1,1,18,1
openchakra,2020-02-19T04:28:18.651Z,0,0,0,0,0,0,0,5,55,2,3,3,0,2,3,2,2
betonquest,2021-10-17T12:09:05.017Z,6,29,41,42,15,19,28,20,16,7,29,21,31,29,48,11,36
mochajs,2016-04-01T14:34:11.748Z,8,21,10,11,15,20,16,12,17,16,15,22,20,13,16,9,14
libgit2,2024-07-22T10:38:31.087Z,7,39,10,16,20,11,12,8,10,6,14,27,10,32,32,4,9
dexiejs,2023-04-20T10:14:43.728Z,0,2,7,0,1,2,3,3,5,7,11,3,2,0,2,2,2
nsfwfilter,2023-01-14T07:56:23.833Z,1,0,1,0,1,0,0,1,1,2,9,0,1,0,0,0,3
cider,2017-01-06T17:52:08.568Z,18,5,9,5,2,7,3,5,19,4,10,1,5,8,26,8,3
datahike,2021-04-04T01:14:59.813Z,4,11,7,6,8,8,4,3,12,15,5,6,11,3,6,9,7
warden,2022-11-29T19:59:01.522Z,2,5,1,2,0,0,1,2,3,0,7,0,7,2,2,2,4
textpattern-collective,2020-11-04T02:10:12.304Z,0,0,0,6,4,5,3,5,4,6,3,4,7,3,5,4,2
poweradmin,2022-01-27T02:34:13.532Z,0,0,0,0,0,0,0,0,1,0,1,1,0,4,0,1,4
xgo,2022-08-31T00:20:42.719Z,3,1,2,2,3,1,1,2,4,1,2,8,1,6,4,1,3
vue-lazy-hydration,2019-09-23T14:25:08.173Z,0,0,0,0,0,1,0,0,0,3,0,1,1,0,1,1,4
alovoa,2023-01-14T19:56:18.740Z,0,1,1,1,2,7,6,4,12,3,5,6,1,0,0,7,10
ihateregex,2020-02-17T12:07:51.308Z,0,0,0,0,0,0,0,3,29,2,3,2,1,3,2,0,0
apollonet,2021-07-13T14:50:58.192Z,0,3,1,1,3,0,0,0,0,1,1,1,11,1,3,0,0
mediasoup,2019-02-26T15:27:52.552Z,0,1,0,0,2,3,2,2,2,1,1,6,2,4,2,0,4
ocrmypdf,2019-09-27T14:09:43.503Z,1,2,5,2,0,0,0,0,1,0,1,1,2,7,5,3,1
witchcraft,2019-02-14T03:41:55.032Z,1,1,0,0,0,0,0,0,7,3,5,1,1,0,0,1,0
syspass,2022-04-28T08:50:25.111Z,1,3,0,0,1,0,0,4,0,3,11,3,0,0,0,1,0
panda3d,2019-02-27T19:41:06.200Z,9,4,5,5,6,9,11,20,9,13,18,10,6,5,8,10,8
babybuddy,2021-09-25T21:57:49.734Z,3,2,0,4,7,3,18,14,7,10,5,5,7,8,5,14,6
libsodium,2019-07-04T00:08:23.740Z,1,3,2,1,0,2,4,2,2,1,11,3,2,2,2,0,3
omigroup,2021-06-30T16:41:44.516Z,0,0,0,0,0,0,2,0,1,2,1,1,0,1,1,2,3
unofficial-shopee-php,2024-07-15T03:40:55.477Z,0,0,0,0,0,0,0,0,0,1,1,0,5,0,2,0,0
urduhack,2019-07-04T23:24:10.198Z,0,0,10,6,0,0,2,1,5,6,1,1,4,8,1,4,3
leafletjs,2022-05-25T14:51:15.930Z,16,19,75,35,51,33,38,52,37,24,14,22,40,99,42,59,28
ffpopup,2018-12-18T09:37:36.048Z,0,0,0,0,0,0,0,0,9,0,0,0,6,0,3,0,0
the-london-django-meetup-group,2018-05-09T10:00:46.742Z,1,0,0,0,1,0,2,2,3,1,2,3,2,4,1,1,1
fritzing,2019-07-04T06:31:14.332Z,0,0,0,0,1,4,28,7,11,4,2,15,9,6,5,5,2
simply,2022-02-17T05:54:27.338Z,0,1,0,0,0,1,0,2,0,0,1,0,6,0,4,0,1
npkill,2019-08-28T20:24:55.399Z,0,0,0,0,0,0,0,4,13,1,3,1,2,1,0,0,4
laravel-s,2021-07-17T05:41:19.114Z,1,1,0,0,1,1,0,0,0,0,5,0,5,0,2,0,0
lamdu,2022-03-23T01:54:01.836Z,0,0,0,0,0,3,0,0,3,3,1,1,1,3,0,2,0
perfumejs,2019-07-22T22:29:07.318Z,1,1,1,0,1,0,2,0,0,2,1,1,1,5,2,0,2
ancientbeast,2019-12-06T21:57:36.039Z,2,7,0,0,0,8,10,6,7,0,1,5,10,0,8,8,9
codeowners-generator,2023-03-01T16:43:11.849Z,11,4,2,0,0,0,1,2,16,4,0,4,1,0,4,2,13
babashka,2020-03-31T13:19:37.998Z,0,24,17,10,15,32,15,14,17,27,21,19,7,19,17,8,16
redux-requests,2020-10-13T09:15:23.306Z,1,11,3,6,9,11,2,2,5,13,11,6,4,4,2,12,0
react-date-picker,2018-10-27T18:09:21.519Z,1,1,2,1,1,0,1,2,3,3,1,1,2,3,1,1,4
doctoolchain,2018-11-28T21:47:52.510Z,5,0,1,1,4,4,1,10,8,1,4,0,5,4,8,8,3
asciidoctor,2018-04-18T02:05:57.720Z,15,19,12,13,7,7,12,20,61,29,1,9,9,17,33,11,3
goober,2020-05-05T18:23:55.304Z,0,3,1,15,15,9,5,8,6,0,18,0,2,9,5,7,22
civic-tech-field-guide,2022-06-24T12:43:33.416Z,0,0,0,0,0,0,2,3,0,6,2,0,0,1,0,0,3
translation-plugin,2020-02-18T18:41:53.428Z,0,0,0,1,0,0,1,0,0,0,0,4,0,0,3,2,0
markdown-it,2022-01-25T02:38:00.576Z,1,0,2,0,0,2,0,3,3,1,5,5,1,0,2,1,0
vue-drag-resize,2021-04-10T13:32:48.000Z,1,0,0,0,0,0,0,0,0,3,0,0,0,0,0,4,1
postcss,2019-12-23T19:20:30.096Z,1,8,4,3,2,3,3,1,5,3,4,3,2,6,6,6,2
craftjs,2020-07-12T13:49:54.415Z,0,0,8,8,8,4,3,9,6,3,1,3,7,5,9,13,6
tinyfilemanager,2021-07-17T06:56:46.084Z,3,2,2,4,3,1,8,4,1,4,5,0,6,4,4,7,4
liquidjs,2020-02-26T15:51:42.909Z,2,3,6,0,2,3,2,3,4,9,6,1,5,3,1,1,2
less,2020-03-06T11:34:25.144Z,1,8,2,2,2,0,3,4,0,3,5,9,10,0,1,0,0
yourls,2017-05-02T12:30:56.998Z,3,2,1,0,3,0,2,8,2,1,0,4,4,1,7,4,4
fluentvalidation,2022-12-25T15:04:55.591Z,1,9,3,3,6,6,3,2,4,9,9,6,2,3,3,1,6
orcapods,2024-07-02T13:08:29.390Z,0,0,0,0,1,0,1,3,0,0,0,2,0,1,0,1,7
setup-php,2021-07-15T15:57:59.875Z,4,3,1,1,0,0,1,1,0,2,4,4,2,1,1,0,3
ngx-scrollbar,2019-08-26T01:32:48.851Z,12,1,0,0,0,6,1,1,8,8,4,10,1,1,1,1,1
mantinedev,2024-12-06T09:53:19.078Z,20,24,32,20,25,44,23,25,23,26,16,16,30,48,24,30,29
skia4delphi,2022-02-16T01:07:36.870Z,0,0,0,0,1,0,0,0,4,1,0,0,3,2,1,0,0
flutter-webrtc,2020-07-24T17:03:10.166Z,7,4,4,4,3,12,5,1,5,3,16,8,10,1,2,2,4
betterdisplay,2021-10-28T17:10:29.989Z,0,0,0,0,0,0,0,0,0,0,1,0,2,0,2,0,0
ng-web-apis,2021-07-13T16:03:22.564Z,1,0,0,0,1,1,1,1,1,0,0,1,0,0,3,5,1
react-pdf-wojtekmaj,2019-06-20T19:51:44.635Z,2,2,1,2,4,1,1,1,0,5,3,1,1,2,4,3,0
open-registry,2019-04-29T15:38:19.747Z,0,0,0,0,0,0,0,0,7,5,0,0,0,0,0,0,0
moveable,2019-10-13T12:37:24.379Z,0,0,0,0,0,1,3,3,6,3,1,3,1,2,0,1,1
jscpd,2018-12-17T04:29:34.793Z,1,2,3,1,2,3,4,10,1,2,1,1,4,7,6,5,5
mac-cleanup,2021-02-28T15:39:01.522Z,0,2,1,0,1,0,5,0,0,3,0,1,3,5,1,1,0
open-research-calendar,2022-10-01T23:25:38.762Z,0,0,0,0,1,0,0,0,1,0,4,0,1,1,0,0,0
kmon,2020-04-01T17:22:30.543Z,0,0,0,0,0,0,0,0,5,2,0,1,0,0,1,0,1
dfir-iris,2023-07-05T09:22:50.409Z,2,1,2,2,1,11,13,4,5,1,2,2,5,2,10,6,13
breathe,2023-01-04T02:54:01.961Z,2,7,1,0,0,3,0,2,3,2,3,1,3,2,2,1,6
vite-electron-builder,2021-08-03T02:20:46.404Z,25,50,29,67,36,36,30,31,43,49,58,49,38,72,43,0,0
quicksilver,2022-02-01T03:27:21.249Z,0,0,0,0,0,2,5,0,2,2,1,1,1,1,1,3,2
gdm-settings,2023-08-09T04:09:34.034Z,0,0,1,0,0,0,1,1,0,0,2,0,0,3,0,1,2
kube-hetzner,2023-04-24T18:02:32.840Z,14,9,19,11,8,26,17,18,19,17,12,13,14,19,26,10,16
home-assistant-cli,2024-03-29T08:04:13.578Z,0,0,0,0,0,2,0,0,0,0,2,1,1,2,0,0,1
blosc,2022-04-05T18:43:03.620Z,1,7,1,5,4,2,4,3,10,3,6,4,1,7,4,2,5
airform,2021-07-21T23:28:42.189Z,0,1,0,0,5,0,13,1,0,4,4,0,0,0,3,13,0
visual-regression-tracker,2021-02-24T09:09:31.791Z,0,0,3,1,0,3,5,1,11,3,3,2,2,0,3,3,1
fayettevillejs,2020-01-21T02:32:21.735Z,0,0,0,0,0,0,0,0,0,0,1,1,0,0,1,1,0
rvm,2019-01-07T18:21:09.433Z,4,11,7,5,3,8,17,28,14,13,14,10,13,6,12,14,5
php-standard-library,2021-06-21T19:44:22.691Z,20,4,3,7,20,25,6,12,5,4,1,4,11,41,31,3,6
projectm,2018-12-15T00:12:08.870Z,9,5,14,1,3,4,1,2,6,14,4,10,7,1,2,4,1
britechartsorg,2021-10-06T13:51:25.105Z,0,5,3,13,3,1,1,7,16,9,0,5,10,10,0,2,1
sagernet,2021-05-01T05:40:57.455Z,0,0,0,0,0,0,0,13,3,3,6,0,1,0,5,2,0
ants,2021-07-12T14:05:48.171Z,0,1,0,0,2,1,1,1,3,0,3,2,2,0,2,1,0
owasp-crs,2021-01-04T14:31:47.525Z,16,31,13,5,9,13,9,13,20,9,16,6,26,17,14,6,19
ng-matero,2020-02-05T02:59:24.724Z,0,6,0,1,0,0,0,0,3,0,3,0,2,2,4,0,0
pongo2,2021-07-17T05:14:38.522Z,1,1,0,0,3,1,0,0,2,2,0,1,0,2,0,4,1
gpujs,2019-08-05T04:14:30.900Z,1,2,2,4,3,2,3,0,1,3,5,1,6,3,1,1,1
opencollective-oss,2017-08-05T18:48:10.517Z,0,0,0,0,0,0,0,0,0,0,0,0,0,1,1,1,1
express-cassandra,2021-08-09T23:26:25.556Z,0,0,0,0,1,3,0,0,4,2,0,0,0,0,3,1,2
websockets,2024-02-28T14:11:54.585Z,6,1,1,1,5,1,3,3,6,2,1,1,0,2,4,10,5
asyncapi,2019-03-10T01:52:36.842Z,0,1,0,1,0,1,1,36,18,5,2,6,6,10,9,5,1
iplug2,2022-10-04T14:14:48.091Z,9,6,2,1,3,6,4,7,1,3,1,5,5,8,4,12,4
farmos,2019-02-20T17:48:15.716Z,0,1,0,0,0,0,0,2,3,0,1,1,1,3,0,0,1
waydroid,2021-11-30T18:52:05.986Z,0,1,0,2,3,3,20,8,4,2,4,3,3,1,4,8,16
hydra-synth,2021-02-17T10:50:43.831Z,0,2,1,0,0,0,2,4,1,2,2,6,1,1,1,0,0
stump,2022-10-07T16:46:44.505Z,1,1,3,8,6,4,1,4,11,3,0,2,4,8,10,2,3
substitute-js,2024-02-07T01:11:45.040Z,0,0,0,0,0,0,0,0,0,3,0,0,0,0,0,0,0
go-callvis,2020-12-31T17:03:52.263Z,0,0,0,1,2,0,0,0,0,2,1,0,0,1,0,0,2
westpa,2021-09-01T17:06:53.041Z,2,3,12,4,1,2,5,5,14,6,1,6,9,4,2,3,6
guppe-groups,2022-11-22T17:39:59.918Z,0,0,1,1,0,0,0,0,3,1,1,0,1,0,0,2,0
y-collective,2021-04-22T16:27:28.210Z,3,5,4,1,3,2,1,2,5,2,4,2,2,4,3,1,6
vscodebeautify,2021-07-19T04:00:40.688Z,0,0,0,0,0,0,0,0,0,0,1,1,0,1,0,0,0
bcneng,2022-04-06T12:13:52.711Z,2,4,0,0,0,5,0,0,4,2,2,0,3,2,2,1,2
librecad,2022-10-09T19:03:15.940Z,0,5,3,1,1,0,1,1,0,0,3,0,2,0,0,0,10
remmina,2021-06-02T23:48:08.795Z,1,1,0,0,0,0,0,0,0,0,0,1,3,0,1,0,0
exchangeratehost,2021-04-09T16:40:50.520Z,2,2,1,1,0,1,0,3,0,6,1,0,1,3,2,0,0
pyke-osai,2023-09-29T18:39:38.945Z,6,2,3,6,2,1,0,4,3,5,5,0,4,4,3,3,3
opencomic,2024-10-23T01:18:44.955Z,2,2,1,1,2,1,1,2,2,0,2,1,1,1,2,5,3
react-window,2021-09-02T12:58:03.612Z,0,1,0,1,0,1,1,0,0,2,1,1,1,0,1,1,0
losslesscut,2019-12-03T19:53:46.858Z,2,0,2,1,8,1,0,2,1,0,0,2,3,9,1,2,2
portal-2-community-edition,2021-05-21T12:21:37.779Z,0,0,0,0,0,0,0,0,1,0,0,2,0,0,0,0,1
openbenches,2022-10-01T00:06:53.879Z,0,1,1,1,2,0,0,1,0,0,1,1,1,3,0,3,0
pickr,2019-07-15T16:28:25.747Z,2,1,0,1,4,1,1,3,3,2,1,6,1,0,2,0,4
gngr,2021-02-10T07:44:34.846Z,0,0,1,0,0,0,0,0,0,1,0,1,0,0,2,0,0
ucs,2024-07-31T15:13:40.148Z,0,0,0,0,0,2,8,10,2,8,0,0,4,1,4,2,4
vifm,2022-05-24T15:54:34.171Z,1,2,0,0,0,0,5,1,0,2,0,1,2,1,3,0,3
jaeles-project,2019-12-01T17:37:53.784Z,0,0,0,0,0,0,0,0,3,1,0,0,0,0,2,0,0
openseadragon,2021-05-20T18:59:27.893Z,3,2,0,1,1,2,10,1,6,3,2,2,5,1,5,4,1
cryptpad,2018-07-16T20:32:05.472Z,0,2,4,4,1,2,1,3,7,2,4,1,0,2,4,1,6
blaze,2016-09-28T17:30:44.892Z,0,0,4,2,5,0,1,6,20,6,3,0,3,2,6,1,0
devstaff,2020-12-15T12:17:43.729Z,1,6,9,2,2,8,4,4,13,4,6,8,6,6,7,1,1
fedibird-infrastructure,2021-06-01T05:17:52.870Z,0,0,0,1,0,0,0,0,0,0,3,0,0,0,0,0,0
chinachu,2020-07-11T08:39:45.245Z,0,0,0,0,0,0,0,2,1,0,0,0,0,2,1,0,1
github-readme-activity-graph,2024-06-12T03:29:10.129Z,0,0,0,0,0,1,1,0,0,0,0,0,1,0,1,1,1
swiftui,2021-08-08T10:48:47.278Z,0,0,0,0,0,0,0,0,0,0,0,0,0,0,2,0,0
libplacebo,2021-01-05T21:09:36.285Z,0,0,0,0,0,0,0,0,0,0,0,1,0,1,0,0,0
substats,2021-07-10T09:21:56.643Z,4,1,0,0,0,0,0,0,0,0,0,0,0,2,2,3,0
laravel-zero,2021-07-17T06:12:11.451Z,0,3,0,0,1,0,0,0,0,0,0,1,0,0,5,0,0
spire,2021-05-24T15:24:18.865Z,0,0,0,0,0,0,0,0,0,0,0,2,0,0,0,0,0
applause-button,2019-02-25T20:33:39.781Z,0,0,0,0,0,0,0,0,1,1,0,0,0,1,0,0,0
live-captioning-initiative,2020-09-24T22:15:01.714Z,0,0,0,0,0,0,0,0,1,2,0,0,0,0,0,0,0
plyr,2020-03-14T10:37:59.710Z,6,6,9,3,2,3,8,22,6,15,6,5,5,6,4,14,6
tesseractjs,2019-11-27T06:09:35.242Z,0,0,1,6,5,1,1,2,9,6,3,1,1,1,1,2,3
ethical-source,2020-02-15T19:00:57.469Z,0,0,0,0,18,1,0,0,8,9,4,3,2,0,1,2,0
sopel,2020-04-21T11:34:16.215Z,11,9,32,31,20,10,1,5,12,18,14,9,12,11,28,16,13
node-argon2,2021-08-14T07:04:21.598Z,1,1,1,2,1,3,3,0,3,1,1,3,1,2,1,1,4
webonyx-graphql-php,2019-04-03T19:41:22.440Z,14,15,12,10,9,4,8,6,0,9,20,6,9,3,12,14,7
fody,2017-12-29T08:27:24.113Z,4,3,2,5,5,2,5,0,5,9,3,7,2,0,0,3,4
lwjgl,2017-11-08T21:38:04.055Z,1,0,3,1,1,2,0,0,5,2,1,4,0,1,1,0,1
listr2,2023-04-11T18:36:34.350Z,1,3,0,1,0,1,0,2,4,1,0,0,1,4,1,1,2
webrecorder,2022-01-11T02:56:03.970Z,5,1,0,1,3,1,0,0,2,4,3,1,0,3,1,1,0
redom,2018-03-05T09:31:25.793Z,3,1,2,1,1,0,3,1,0,5,0,0,3,0,1,0,5
portable-utf8,2023-11-01T19:08:12.219Z,1,1,0,0,0,0,3,1,0,2,2,2,1,0,0,0,1
vue-tables-2,2019-11-20T18:23:59.044Z,3,2,0,0,0,1,0,2,1,2,1,2,1,1,1,1,1
rhash,2022-01-01T12:24:39.797Z,1,0,2,0,0,0,0,0,1,1,2,0,0,0,1,1,0
project-atlantis,2022-09-07T23:08:12.151Z,6,0,0,0,0,0,0,0,4,0,2,3,1,1,1,0,0
css-doodle,2019-09-05T18:53:57.410Z,0,0,0,0,0,0,0,0,0,0,0,0,0,0,0,1,0
eruda,2022-03-19T21:12:07.445Z,0,0,0,2,1,0,0,0,1,0,2,1,1,0,0,0,0
phpshopify,2021-03-31T09:37:03.639Z,1,2,0,3,2,1,2,0,0,2,2,0,2,2,2,2,0
iosdevspace,2022-11-19T22:54:28.208Z,0,0,0,0,0,0,0,0,5,0,0,1,0,0,0,0,0
googlecl,2021-07-06T19:55:29.008Z,0,0,0,0,0,0,0,3,0,0,0,0,1,0,2,1,0
wechaty,2019-05-03T09:31:19.226Z,5,8,6,2,6,3,5,10,3,5,8,7,8,6,2,7,3
passkit-generator,2020-09-02T03:34:20.605Z,0,0,0,0,1,0,0,0,1,0,0,0,0,1,0,0,1
altdrag,2019-12-17T07:29:20.687Z,0,0,0,0,0,0,0,0,0,0,0,0,1,0,0,0,0
smproxy,2021-07-10T04:29:27.901Z,0,0,0,0,0,0,0,0,0,0,0,0,1,0,0,0,0
interview,2021-07-15T16:04:02.688Z,1,1,1,0,2,0,0,0,0,0,3,1,0,0,1,0,1
opt-out-tools,2020-01-07T14:41:13.272Z,0,0,0,0,0,1,0,1,0,2,0,1,0,0,0,0,0
cannlytics-company,2022-04-21T19:42:11.934Z,5,1,0,0,7,5,3,2,1,0,11,3,4,3,1,1,1
mwmbl,2022-02-02T16:12:25.718Z,0,0,0,0,0,0,11,4,5,0,0,0,3,10,3,0,0
jodd,2021-07-19T04:17:10.934Z,0,0,0,0,0,0,1,0,0,1,0,0,0,1,0,0,0
reia,2024-06-21T21:22:12.643Z,1,0,0,0,0,0,0,0,0,0,0,0,0,0,1,0,1
task,2018-04-23T15:30:55.969Z,2,2,0,2,0,1,1,4,2,1,1,3,0,1,2,1,4
pokeapi,2019-07-10T22:53:14.184Z,1,3,4,3,0,2,3,1,0,3,1,1,1,8,1,2,1
flatgeobuf,2021-05-10T18:01:04.938Z,2,1,1,4,8,3,2,2,5,6,0,1,1,4,9,3,0
reconmap,2021-11-02T13:11:36.802Z,0,0,0,0,0,0,0,0,0,0,0,0,1,0,0,0,0
statecraft,2019-12-08T00:04:48.611Z,0,1,0,0,0,0,0,1,1,0,0,0,0,0,0,3,0
cloudcmd,2017-09-22T13:12:52.750Z,0,0,0,0,0,0,1,0,1,0,0,0,0,0,0,2,0
fexo,2021-07-13T15:01:45.001Z,0,1,0,0,1,0,1,0,0,2,0,1,0,0,0,1,0
oss-code-ge,2023-05-23T16:07:30.407Z,0,0,0,0,0,0,0,0,0,1,0,0,0,0,0,0,0
swup,2019-09-29T09:35:08.725Z,1,0,0,0,1,3,1,0,1,3,2,0,0,0,1,1,0
resilience-web,2021-10-25T11:58:20.550Z,0,0,0,3,0,1,0,3,2,0,0,1,0,2,3,1,1
expand,2019-05-28T08:01:12.112Z,0,0,1,0,1,1,0,0,0,2,1,0,0,1,0,0,0
amplitudejs,2019-06-20T21:20:22.052Z,0,1,1,5,0,0,1,1,0,5,2,0,0,2,1,0,0
knowlo,2020-02-01T21:55:05.552Z,0,0,0,0,0,0,0,0,0,1,0,0,0,0,0,0,0
countries-states-cities,2020-09-18T22:32:57.059Z,0,0,0,0,0,0,0,0,0,1,0,0,0,0,0,0,0
autospotting,2021-07-15T11:44:34.204Z,6,0,0,0,0,1,2,1,1,1,5,0,0,2,3,0,0
python-sortedcontainers,2019-01-24T04:54:47.271Z,0,0,1,0,1,0,2,0,0,2,0,3,0,0,0,0,0
otree,2023-01-07T22:50:12.889Z,0,0,0,0,0,0,0,0,0,0,1,0,0,0,0,0,0
actionshub,2023-05-15T08:42:15.223Z,0,0,0,0,0,0,0,0,0,0,0,0,0,0,0,1,0
azuracast,2018-01-25T09:16:38.136Z,6,0,0,1,0,0,1,2,1,5,0,1,0,2,1,1,1
extenject,2018-08-17T08:24:51.603Z,0,0,0,0,0,0,0,0,0,0,0,0,0,0,0,0,1
jira-plugin,2020-04-28T13:47:53.482Z,0,0,1,0,1,0,0,0,1,1,0,1,0,1,0,0,0
libhydrogen,2020-06-05T05:32:11.461Z,1,0,0,0,0,0,0,1,0,0,0,1,2,0,0,0,0
cyph,2019-02-09T17:22:07.983Z,0,0,0,0,0,0,0,0,0,1,0,0,0,0,0,0,0
magnify,2021-07-22T05:35:22.552Z,0,1,0,0,0,0,2,0,0,3,0,0,0,0,0,0,1
css-gg,2020-02-16T14:03:38.418Z,0,0,0,0,0,0,4,3,0,3,2,1,1,0,0,1,0
kp-fan-world,2019-03-20T14:37:05.655Z,0,0,0,0,0,0,0,0,0,0,0,1,0,0,0,0,0
trex,2021-07-03T06:47:19.490Z,0,2,0,1,0,0,0,0,0,0,0,0,0,0,0,3,1
vllm,2024-05-01T07:26:22.904Z,0,0,0,0,0,0,0,0,0,0,0,0,0,0,0,0,0
vuepress-theme-hope,2021-09-13T00:38:32.733Z,0,0,0,0,0,0,0,0,0,0,0,0,0,0,0,0,0
ossia,2020-03-20T21:48:59.733Z,0,0,0,0,0,0,0,0,0,0,0,0,0,0,0,0,0
astropy,2022-04-05T17:27:59.759Z,0,0,0,0,0,0,0,0,0,0,0,0,0,0,0,0,0
fast-check,2021-10-11T15:12:47.087Z,0,0,0,0,0,0,0,0,0,0,0,0,0,0,0,0,0
drupalnj,2022-06-06T20:57:04.148Z,0,0,0,0,0,0,0,0,0,0,0,0,0,0,0,0,0
pgai-collective,2024-03-21T00:30:30.998Z,0,0,0,0,0,0,0,0,0,0,0,0,0,0,0,0,0
bagisto,2019-04-29T10:04:34.901Z,0,0,0,0,0,0,0,0,0,0,0,0,0,0,0,0,0
oi-wiki,2020-10-19T09:07:21.746Z,0,0,0,0,0,0,0,0,0,0,0,0,0,0,0,0,0
blogmarks,2020-11-04T17:33:19.439Z,0,0,0,0,0,0,0,0,0,0,0,0,0,0,0,0,0
code-for-dayton,2023-11-07T23:56:41.226Z,0,0,0,0,0,0,0,0,0,0,0,0,0,0,0,0,0
ant-design-blazor,2020-03-29T16:33:58.442Z,0,0,0,0,0,0,0,0,0,0,0,0,0,0,0,0,0
sepheocoop,2024-09-17T15:50:58.756Z,0,0,0,0,0,0,0,0,0,0,0,0,0,0,0,0,0
lukehaas,2024-06-03T13:34:56.943Z,0,0,0,0,0,0,0,0,0,0,0,0,0,0,0,0,0
sophox,2022-12-01T01:43:20.448Z,0,0,0,0,0,0,0,0,0,0,0,0,0,0,0,0,0
tone-row,2021-05-10T20:10:33.637Z,0,0,0,0,0,0,0,0,0,0,0,0,0,0,0,0,0
yii2-widgets,2020-12-16T00:13:42.418Z,0,0,0,0,0,0,0,0,0,0,0,0,0,0,0,0,0
orangopus,2019-08-03T15:43:54.433Z,0,0,0,0,0,0,0,0,0,0,0,0,0,0,0,0,0
opencannabis,2022-03-23T20:59:14.931Z,0,0,0,0,0,0,0,0,0,0,0,0,0,0,0,0,0
techup,2021-08-09T06:45:22.321Z,0,0,0,0,0,0,0,0,0,0,0,0,0,0,0,0,0
mariadb4j,2023-05-11T15:05:14.870Z,0,0,0,0,0,0,0,0,0,0,0,0,0,0,0,0,0
raspbernetes,2020-08-03T00:50:28.876Z,0,0,0,0,0,0,0,0,0,0,0,0,0,0,0,0,0
cspell,2022-02-13T18:20:27.413Z,0,0,0,0,0,0,0,0,0,0,0,0,0,0,0,0,0
open-app-ecosystem,2020-02-14T15:11:07.723Z,0,0,0,0,0,0,0,0,0,0,0,0,0,0,0,0,0
sgkit,2022-10-26T19:43:33.226Z,0,0,0,0,0,0,0,0,0,0,0,0,0,0,0,0,0
slideshowp2,2019-11-13T08:08:16.302Z,0,0,0,0,0,0,0,0,0,0,0,0,0,0,0,0,0
coopcycle,2022-08-30T12:32:44.089Z,0,0,0,0,0,0,0,0,0,0,0,0,0,0,0,0,0
k2vr,2022-10-13T20:32:02.126Z,0,0,0,0,0,0,0,0,0,0,0,0,0,0,0,0,0
the-katzenpost-software-project,2019-02-18T14:54:26.400Z,0,0,0,0,0,0,0,0,0,0,0,0,0,0,0,0,0
rekit,2020-07-01T04:26:59.983Z,1,0,0,4,1,0,0,0,1,0,2,0,0,0,0,0,4
cezerin2,2019-05-13T05:32:30.062Z,0,0,0,0,0,0,0,0,0,0,0,0,0,0,0,0,0
stdlib,2023-11-17T14:10:02.043Z,0,0,0,0,0,0,0,0,0,0,0,0,0,0,0,0,0
code-spell-checker,2022-02-13T18:24:35.679Z,0,0,0,0,0,0,0,0,0,0,0,0,0,0,0,0,0
presentator,2022-10-31T15:17:36.966Z,0,0,0,0,0,0,0,0,0,0,0,0,0,0,0,0,0
detekt,2022-01-25T02:28:52.756Z,0,0,0,0,0,0,0,0,0,0,0,0,0,0,0,0,0
supabase-php,2022-12-12T20:26:41.542Z,0,0,0,0,0,0,0,0,0,0,0,0,0,0,0,0,0
cocash,2022-02-19T17:21:43.292Z,0,0,0,0,0,0,0,0,0,0,0,0,0,0,0,0,0
activeadmin,2019-02-02T17:17:19.999Z,0,0,0,0,0,0,0,0,0,0,0,0,0,0,0,0,0
freshos,2017-10-20T14:37:14.668Z,0,0,0,0,0,0,0,0,0,0,0,0,0,0,0,0,0
sympy,2021-06-16T13:35:18.278Z,0,0,0,0,0,0,0,0,0,0,0,0,0,0,0,0,0
doocs-leetcode,2019-09-28T19:28:04.379Z,0,0,0,0,0,0,0,0,0,0,0,0,0,0,0,0,0
openemr,2017-11-08T13:27:36.785Z,0,0,0,0,0,0,0,0,0,0,0,0,0,0,0,0,0
webpack,2016-10-15T15:48:09.612Z,0,0,0,0,0,0,0,0,0,0,0,0,0,0,0,0,0
simplex-chat,2021-08-05T19:20:09.888Z,0,0,0,0,0,0,0,0,0,0,0,0,0,0,0,0,0
streetmix,2016-09-20T15:00:20.116Z,0,0,0,0,0,0,0,0,0,0,0,0,0,0,0,0,0
dokku,2016-06-18T23:18:38.352Z,0,0,0,0,0,0,0,0,0,0,0,0,0,0,0,0,0
translatr,2021-07-06T08:23:04.109Z,0,0,0,0,0,0,0,0,0,0,0,0,0,0,0,0,0
dolibarr,2018-05-31T17:53:09.043Z,0,0,0,0,0,0,0,0,0,0,0,0,0,0,0,0,0
rwf2,2022-06-21T22:30:48.245Z,0,0,0,0,0,0,0,0,0,0,0,0,0,0,0,0,0
africarxiv,2020-02-15T22:00:19.355Z,0,0,0,0,0,0,0,0,0,0,0,0,0,0,0,0,0
scipy,2022-04-05T20:39:19.137Z,0,0,0,0,0,0,0,0,0,0,0,0,0,0,0,0,0
kairos-research-lab,2022-11-11T21:20:15.887Z,0,0,0,0,0,0,0,0,0,0,0,0,0,0,0,0,0
scikit-learn,2022-04-05T20:38:00.485Z,0,0,0,0,0,0,0,0,0,0,0,0,0,0,0,0,0
bot-whatsapp,2023-01-11T18:06:14.835Z,0,0,0,0,0,0,0,0,0,0,0,0,0,0,0,0,0
webpd,2022-06-15T15:10:29.313Z,0,0,0,0,0,0,0,0,0,0,0,0,0,0,0,0,0
broadband-institute,2022-03-29T20:08:14.858Z,0,0,0,0,0,0,0,0,0,0,0,0,0,0,0,0,0
augmented-ui,2019-09-25T18:14:45.096Z,0,0,0,0,0,0,0,0,0,0,0,0,0,0,0,0,0
cassowary,2022-02-22T16:30:29.591Z,0,0,0,0,0,0,0,0,0,0,0,0,0,0,0,0,0
community,2020-01-17T15:08:19.994Z,0,0,0,0,0,0,0,0,0,0,0,0,0,0,0,0,0
indigenamarket,2022-02-21T00:28:18.975Z,0,0,0,0,0,0,0,0,0,0,0,0,0,0,0,0,0
chatwoot,2021-04-19T10:07:08.051Z,0,0,0,0,0,0,0,0,0,0,0,0,0,0,0,0,0
lark,2021-03-23T02:21:36.503Z,0,0,0,0,0,0,0,0,0,0,0,0,0,0,0,0,0
probe-rs,2020-11-23T20:51:45.190Z,0,0,0,0,0,0,0,0,0,0,0,0,0,0,0,0,0
multitheftauto,2022-04-07T02:23:27.392Z,0,0,0,0,0,0,0,0,0,0,0,0,0,0,0,0,0
cgru,2022-02-02T06:01:09.039Z,0,0,0,0,0,0,0,0,0,0,0,0,0,0,0,0,0
gdal,2022-04-05T19:42:02.897Z,0,0,0,0,0,0,0,0,0,0,0,0,0,0,0,0,0
fakerjs,2017-02-22T13:38:55.200Z,0,0,0,0,0,0,0,0,0,0,0,0,0,0,0,0,0
hellomicroservice,2021-06-30T19:07:03.924Z,0,0,0,0,0,0,0,0,0,0,0,0,0,0,0,0,0
external-secrets-org,2021-06-30T13:00:56.431Z,0,0,0,0,0,0,0,0,0,0,0,0,0,0,0,0,0
simple-icons,2021-05-08T00:15:16.465Z,0,0,0,0,0,0,0,0,0,0,0,0,0,0,0,0,0
azerothcore,2020-08-09T18:17:35.271Z,0,0,0,0,0,0,0,0,0,0,0,0,0,0,0,0,0
openshopchannel,2022-10-18T17:57:00.775Z,0,0,0,0,0,0,0,0,0,0,0,0,0,0,0,0,0
circuitverse,2020-05-12T18:32:08.035Z,0,0,0,0,0,0,0,0,0,0,0,0,0,0,0,0,0
sharpetronics,2023-04-19T22:40:53.353Z,0,0,0,0,0,0,0,0,0,0,0,0,0,0,0,0,0
matplotlib,2022-04-05T20:09:36.646Z,0,0,0,0,0,0,0,0,0,0,0,0,0,0,0,0,0
msys2,2022-03-22T08:09:54.212Z,0,0,0,0,0,0,0,0,0,0,0,0,0,0,0,0,0
automatio,2024-07-24T20:06:58.063Z,0,0,0,0,0,0,0,0,0,0,0,0,0,0,0,0,0
homepage,2024-02-04T13:54:25.403Z,0,0,0,0,0,0,0,0,0,0,0,0,0,0,0,0,0
teamo1,2019-02-07T19:02:59.540Z,0,0,0,0,0,0,0,0,0,0,0,0,0,0,0,0,0
vueuse,2020-10-31T05:40:21.175Z,0,0,0,0,0,0,0,0,0,0,0,0,0,0,0,0,0
starship,2020-02-28T10:42:21.362Z,0,0,0,0,0,0,0,0,0,0,0,0,0,0,0,0,0
typedclojure,2020-02-17T15:17:27.042Z,0,0,0,0,0,0,0,0,0,0,0,0,0,0,0,0,0
zulip,2019-03-24T03:00:06.127Z,0,0,0,0,0,0,0,0,0,0,0,0,0,0,0,0,0
dearpygui,2021-03-09T01:05:52.668Z,0,0,0,0,0,0,0,0,0,0,0,0,0,0,0,0,0
hypergan-foundation,2023-05-01T09:54:39.443Z,0,0,0,0,0,0,0,0,0,0,0,0,0,0,0,0,0
supabase-supasquad,2021-06-23T05:00:35.976Z,0,0,0,0,0,0,0,0,0,0,0,0,0,0,0,0,0
vajrahackingasdfg,2021-03-15T18:32:33.161Z,0,0,0,0,0,0,0,0,0,0,0,0,0,0,0,0,0
django-phone-verify,2022-01-23T13:09:47.610Z,0,0,0,0,0,0,0,0,0,0,0,0,0,0,0,0,0
m68k-llvm-dev,2022-01-14T20:22:30.612Z,0,0,0,0,0,0,0,0,0,0,0,0,0,0,0,0,0
coding-grace,2020-01-17T22:52:58.494Z,0,0,0,0,0,0,0,0,0,0,0,0,0,0,0,0,0
element-plus,2020-10-28T12:46:33.634Z,0,0,0,0,0,0,0,0,0,0,0,0,0,0,0,0,0
tabby,2019-06-01T01:00:37.500Z,0,0,0,0,0,0,0,0,0,0,0,0,0,0,0,0,0
wifi-passview,2021-07-13T20:54:56.724Z,0,0,0,0,0,0,0,0,0,0,0,0,0,0,0,0,0
deaconsocial,2022-11-18T17:48:05.127Z,0,0,0,0,0,0,0,0,0,0,0,0,0,0,0,0,0
deepwto,2020-04-01T03:19:57.023Z,0,0,0,0,0,0,0,0,0,0,0,0,0,0,0,0,0
go-admin,2021-01-26T04:08:23.268Z,0,0,0,0,0,0,0,0,0,0,0,0,0,0,0,0,0
numpy,2021-06-14T21:16:20.425Z,0,0,0,0,0,0,0,0,0,0,0,0,0,0,0,0,0
arbor-chat,2021-05-10T02:34:47.850Z,0,0,0,0,0,0,0,0,0,0,0,0,0,0,0,0,0
radarr,2018-03-19T21:56:07.916Z,0,0,0,0,0,0,0,0,0,0,0,0,0,0,0,0,0
policyengine,2024-03-04T02:37:03.519Z,0,0,0,0,0,0,0,0,0,0,0,0,0,0,0,0,0
recharts,2020-03-31T20:05:45.645Z,0,0,0,0,0,0,0,0,0,0,0,0,0,0,0,0,0
live-code-london,2024-04-30T22:15:44.299Z,0,0,0,0,0,0,0,0,0,0,0,0,0,0,0,0,0
24pullrequests,2017-07-11T10:12:53.828Z,0,0,0,0,0,0,0,0,0,0,0,0,0,0,0,0,0
cloudflare-dyns,2023-06-20T06:07:25.814Z,0,0,0,0,0,0,0,0,0,0,0,0,0,0,0,0,0
sequelize,2021-10-07T19:51:56.840Z,0,0,0,0,0,0,0,0,0,0,0,0,0,0,0,0,0
mattn-emmet-vim,2022-12-26T07:59:38.853Z,0,0,0,0,0,0,0,0,0,0,0,0,0,0,0,0,0
vite,2023-02-06T02:20:16.680Z,0,0,0,0,0,0,0,0,0,0,0,0,0,0,0,0,0
erxes,2018-01-15T22:38:40.546Z,0,0,0,0,0,0,0,0,0,0,0,0,0,0,0,0,0
osgeo,2021-05-10T21:11:57.893Z,0,0,0,0,0,0,0,0,0,0,0,0,0,0,0,0,0
